id_municipio,baixados,novos,pendentes,muni_nm,uf_sigla,regiao_nm,idhm,idhm_e,idhm_l,idhm_r,espvida,rdpc,gini,pop,lat,lon
1100015,2298,3037,35735,ALTA FLORESTA D'OESTE,RO,Norte,0.641,0.526,0.763,0.657,70.75,476.99,0.58,22429,-11.929,-61.996
1100023,17749,20224,330269,ARIQUEMES,RO,Norte,0.702,0.6,0.806,0.716,73.36,689.95,0.53,88730,-9.913,-63.041
1100049,15178,15123,240204,CACOAL,RO,Norte,0.718,0.62,0.821,0.727,74.27,738.06,0.57,76876,-11.438,-61.448
1100056,2570,2364,74323,CEREJEIRAS,RO,Norte,0.692,0.602,0.799,0.688,72.94,577.18,0.5,16815,-13.189,-60.812
1100064,2641,2570,48031,COLORADO DO OESTE,RO,Norte,0.685,0.584,0.814,0.676,73.81,535.41,0.49,18204,-13.117,-60.542
1100080,1149,1529,22717,COSTA MARQUES,RO,Norte,0.611,0.493,0.751,0.616,70.04,370.77,0.52,13246,-12.445,-64.227
1100098,3060,3869,84361,ESPIGÃO D'OESTE,RO,Norte,0.672,0.536,0.819,0.691,74.15,590.8,0.52,27791,-11.525,-61.013
1100106,3716,4136,98020,GUAJARÁ-MIRIM,RO,Norte,0.657,0.519,0.823,0.663,74.39,494.69,0.54,38203,-10.783,-65.339
1100114,5637,5887,78351,JARU,RO,Norte,0.689,0.577,0.825,0.687,74.51,575.14,0.49,51304,-10.439,-62.466
1100122,12772,14069,227920,JI-PARANÁ,RO,Norte,0.714,0.617,0.81,0.728,73.6,743.35,0.53,115322,-10.882,-61.944
1100130,3539,4689,72113,MACHADINHO D'OESTE,RO,Norte,0.596,0.446,0.755,0.629,70.32,401.42,0.55,28671,-9.444,-61.981
1100148,2227,2336,36018,NOVA BRASILÂNDIA D'OESTE,RO,Norte,0.643,0.524,0.763,0.664,70.75,499.59,0.56,18998,-11.725,-62.331
1100155,5490,5547,100760,OURO PRETO DO OESTE,RO,Norte,0.682,0.569,0.812,0.687,73.72,576.51,0.48,37159,-10.716,-62.248
1100189,4764,5767,116306,PIMENTA BUENO,RO,Norte,0.71,0.613,0.803,0.726,73.15,734.76,0.54,33386,-11.673,-61.193
1100205,59846,75008,1303689,PORTO VELHO,RO,Norte,0.736,0.638,0.819,0.764,74.14,929.19,0.56,419354,-8.762,-63.904
1100254,2168,2247,43342,PRESIDENTE MÉDICI,RO,Norte,0.664,0.55,0.792,0.671,72.51,520.2,0.53,21459,-11.176,-61.901
1100288,7101,9181,131014,ROLIM DE MOURA,RO,Norte,0.7,0.598,0.808,0.709,73.46,657.65,0.53,49999,-11.733,-61.778
1100296,1831,2472,41521,SANTA LUZIA D'OESTE,RO,Norte,0.67,0.564,0.812,0.657,73.73,476.08,0.49,8674,-11.902,-61.779
1100304,8567,11131,240116,VILHENA,RO,Norte,0.731,0.659,0.808,0.734,73.49,768.98,0.5,75450,-12.741,-60.146
1100320,3638,4011,67500,SÃO MIGUEL DO GUAPORÉ,RO,Norte,0.646,0.537,0.781,0.644,71.87,440.6,0.62,19630,-11.681,-62.684
1100346,2463,2441,50288,ALVORADA D'OESTE,RO,Norte,0.643,0.534,0.763,0.654,70.75,469.26,0.53,16275,-11.408,-62.389
1100452,4143,5883,108748,BURITIS,RO,Norte,0.616,0.479,0.751,0.65,70.08,458.05,0.5,31377,-10.212,-63.829
1101492,1849,2203,27468,SÃO FRANCISCO DO GUAPORÉ,RO,Norte,0.611,0.462,0.751,0.657,70.04,477.9,0.56,15401,-12.062,-63.569
1200013,444,604,18519,ACRELÂNDIA,AC,Norte,0.604,0.466,0.808,0.584,73.45,303.76,0.54,11932,-9.828,-66.883
1200054,282,305,7075,ASSIS BRASIL,AC,Norte,0.588,0.456,0.77,0.578,71.19,291.33,0.61,5124,-10.941,-69.567
1200104,1537,1387,27379,BRASILÉIA,AC,Norte,0.614,0.485,0.77,0.619,71.22,376.07,0.58,20288,-11.01,-68.748
1200138,350,573,12515,BUJARI,AC,Norte,0.589,0.439,0.772,0.603,71.32,340.95,0.58,7938,-9.831,-67.952
1200179,371,333,5930,CAPIXABA,AC,Norte,0.575,0.398,0.794,0.601,72.62,336.17,0.56,8453,-10.573,-67.676
1200203,3384,3802,108135,CRUZEIRO DO SUL,AC,Norte,0.664,0.582,0.776,0.648,71.58,450.06,0.64,73535,-7.631,-72.67
1200252,693,806,20172,EPITACIOLÂNDIA,AC,Norte,0.653,0.553,0.771,0.654,71.27,467.83,0.6,14545,-11.029,-68.741
1200302,1145,1498,48694,FEIJÓ,AC,Norte,0.539,0.388,0.723,0.559,68.35,259.43,0.68,26182,-8.164,-70.354
1200336,828,666,16808,MÂNCIO LIMA,AC,Norte,0.625,0.546,0.77,0.58,71.17,295.5,0.61,14220,-7.614,-72.896
1200344,507,470,17975,MANOEL URBANO,AC,Norte,0.551,0.373,0.767,0.586,71.04,307.7,0.59,7427,-8.839,-69.26
1200385,717,731,12140,PLÁCIDO DE CASTRO,AC,Norte,0.622,0.517,0.786,0.593,72.17,321.16,0.55,16210,-10.335,-67.184
1200401,22446,23123,624239,RIO BRANCO,AC,Norte,0.727,0.661,0.798,0.729,72.85,744.67,0.59,328655,-9.975,-67.81
1200427,161,182,7994,RODRIGUES ALVES,AC,Norte,0.567,0.477,0.736,0.518,69.18,200.58,0.63,13151,-7.742,-72.647
1200450,1169,1351,28884,SENADOR GUIOMARD,AC,Norte,0.64,0.513,0.786,0.649,72.17,455.06,0.55,19573,-10.151,-67.736
1200500,1794,1724,52044,SENA MADUREIRA,AC,Norte,0.603,0.456,0.81,0.593,73.59,320.8,0.54,34029,-9.066,-68.657
1200609,1681,2652,77468,TARAUACÁ,AC,Norte,0.539,0.392,0.72,0.554,68.21,251.53,0.65,31613,-8.161,-70.766
1200708,1692,1879,25905,XAPURI,AC,Norte,0.599,0.448,0.773,0.621,71.38,382.24,0.58,15130,-10.652,-68.504
1200807,269,309,6859,PORTO ACRE,AC,Norte,0.576,0.418,0.771,0.593,71.24,319.71,0.6,13843,-9.588,-67.533
1300029,355,739,16882,ALVARÃES,AM,Norte,0.527,0.377,0.778,0.499,71.69,178.67,0.58,12619,-3.221,-64.804
1300060,398,403,7914,AMATURÁ,AM,Norte,0.56,0.455,0.773,0.499,71.36,178.69,0.64,8479,-3.364,-68.198
1300086,196,232,6687,ANAMÃ,AM,Norte,0.594,0.526,0.741,0.537,69.48,226.82,0.58,9602,-3.58,-61.404
1300102,406,656,13490,ANORI,AM,Norte,0.561,0.433,0.757,0.54,70.42,229.94,0.6,15481,-3.773,-61.644
1300144,775,510,22466,APUÍ,AM,Norte,0.637,0.54,0.772,0.621,71.29,380.62,0.56,16869,-7.197,-59.891
1300201,450,340,10749,ATALAIA DO NORTE,AM,Norte,0.45,0.259,0.733,0.481,68.95,159.21,0.65,11093,-4.372,-70.192
1300300,1983,874,62075,AUTAZES,AM,Norte,0.577,0.446,0.799,0.539,72.91,228.43,0.59,29272,-3.58,-59.131
1300409,634,365,21465,BARCELOS,AM,Norte,0.5,0.315,0.728,0.545,68.69,237.29,0.74,14296,-0.975,-62.924
1300508,781,1396,20506,BARREIRINHA,AM,Norte,0.574,0.522,0.774,0.469,71.45,148.28,0.6,25846,-2.793,-57.07
1300607,587,516,15828,BENJAMIN CONSTANT,AM,Norte,0.574,0.471,0.763,0.526,70.78,211.1,0.56,30167,-4.383,-70.031
1300631,701,334,14419,BERURI,AM,Norte,0.506,0.346,0.731,0.512,68.85,193.4,0.65,13633,-3.898,-61.373
1300680,161,1177,20826,BOA VISTA DO RAMOS,AM,Norte,0.565,0.484,0.75,0.496,69.99,175.55,0.59,13803,-2.97,-57.59
1300706,1037,732,45899,BOCA DO ACRE,AM,Norte,0.588,0.455,0.777,0.576,71.59,288.42,0.63,28167,-8.752,-67.398
1300805,632,422,27893,BORBA,AM,Norte,0.56,0.425,0.776,0.532,71.53,219.83,0.64,31210,-4.388,-59.594
1300839,417,249,10235,CAAPIRANGA,AM,Norte,0.569,0.436,0.775,0.544,71.49,235.49,0.58,9472,-3.328,-61.209
1300904,807,795,17778,CANUTAMA,AM,Norte,0.53,0.379,0.752,0.522,70.1,206.44,0.61,11606,-6.534,-64.383
1301001,872,696,37102,CARAUARI,AM,Norte,0.549,0.416,0.745,0.534,69.68,222.32,0.54,25249,-4.883,-66.896
1301100,1751,802,25896,CAREIRO,AM,Norte,0.557,0.431,0.779,0.515,71.76,197.06,0.66,25243,-3.768,-60.369
1301159,250,428,15601,CAREIRO DA VÁRZEA,AM,Norte,0.568,0.45,0.779,0.523,71.76,207.18,0.57,20789,-3.221,-59.826
1301209,3340,4770,122011,COARI,AM,Norte,0.586,0.425,0.78,0.606,71.79,347.2,0.64,67650,-4.085,-63.141
1301308,997,1540,22935,CODAJÁS,AM,Norte,0.563,0.421,0.775,0.546,71.49,239.64,0.61,22034,-3.837,-62.057
1301407,549,627,22895,EIRUNEPÉ,AM,Norte,0.563,0.431,0.756,0.548,70.37,241.86,0.62,28222,-6.66,-69.874
1301506,475,244,14726,ENVIRA,AM,Norte,0.509,0.349,0.727,0.521,68.63,204.98,0.64,14590,-7.433,-70.023
1301605,335,266,27342,FONTE BOA,AM,Norte,0.53,0.4,0.719,0.518,68.13,200.4,0.62,19823,-2.514,-66.092
1301654,615,420,21999,GUAJARÁ,AM,Norte,0.532,0.387,0.762,0.51,70.7,191.04,0.74,10610,-7.546,-72.584
1301704,4508,3560,130038,HUMAITÁ,AM,Norte,0.605,0.451,0.791,0.621,72.47,382.13,0.66,40274,-7.506,-63.021
1301803,530,349,14009,IPIXUNA,AM,Norte,0.481,0.302,0.772,0.476,71.32,154.54,0.58,19874,-7.051,-71.695
1301852,2873,3146,117051,IRANDUBA,AM,Norte,0.613,0.476,0.799,0.607,72.94,349.23,0.56,38313,-3.285,-60.186
1301902,6873,5980,161634,ITACOATIARA,AM,Norte,0.644,0.534,0.811,0.618,73.66,373.71,0.59,82711,-3.143,-58.444
1301951,265,158,5057,ITAMARATI,AM,Norte,0.477,0.266,0.772,0.529,71.32,214.95,0.8,7001,-6.425,-68.253
1302009,961,2246,33428,ITAPIRANGA,AM,Norte,0.654,0.594,0.792,0.594,72.54,321.94,0.67,7213,-2.749,-58.022
1302108,81,92,5024,JAPURÁ,AM,Norte,0.522,0.345,0.748,0.552,69.85,248.6,0.59,7117,-1.826,-66.599
1302207,422,250,11926,JURUÁ,AM,Norte,0.522,0.376,0.704,0.538,67.24,227.39,0.6,10309,-3.481,-66.069
1302306,1004,388,34601,JUTAÍ,AM,Norte,0.516,0.34,0.766,0.528,70.93,214.36,0.69,15956,-2.747,-66.767
1302405,1134,1065,66561,LÁBREA,AM,Norte,0.531,0.374,0.744,0.538,69.62,227.62,0.59,34359,-7.259,-64.798
1302504,7232,4263,190604,MANACAPURU,AM,Norte,0.614,0.481,0.795,0.604,72.69,342.58,0.56,82267,-3.3,-60.621
1302553,419,251,14233,MANAQUIRI,AM,Norte,0.596,0.51,0.748,0.556,69.88,254.15,0.57,21873,-3.428,-60.459
1302603,166401,178875,6126088,MANAUS,AM,Norte,0.737,0.658,0.826,0.738,74.54,790.27,0.61,1787596,-3.102,-60.025
1302702,2302,1722,26399,MANICORÉ,AM,Norte,0.582,0.456,0.747,0.58,69.83,295.23,0.6,43679,-5.809,-61.3
1302801,233,154,6583,MARAÃ,AM,Norte,0.498,0.348,0.763,0.466,70.78,144.99,0.69,13958,-1.856,-65.581
1302900,4204,1115,50232,MAUÉS,AM,Norte,0.588,0.464,0.8,0.549,72.97,244.3,0.64,48995,-3.384,-57.719
1303007,805,1302,22626,NHAMUNDÁ,AM,Norte,0.586,0.503,0.779,0.513,71.73,195.12,0.65,16033,-2.186,-56.713
1303106,898,999,33025,NOVA OLINDA DO NORTE,AM,Norte,0.558,0.412,0.78,0.541,71.81,232.07,0.63,27144,-3.888,-59.094
1303205,832,1838,29259,NOVO AIRÃO,AM,Norte,0.57,0.434,0.776,0.551,71.55,246.44,0.59,12631,-2.621,-60.944
1303304,379,448,20203,NOVO ARIPUANÃ,AM,Norte,0.554,0.421,0.759,0.532,70.52,219.69,0.57,19364,-5.121,-60.38
1303403,2877,3865,122045,PARINTINS,AM,Norte,0.658,0.605,0.8,0.589,72.97,313.07,0.59,94239,-2.628,-56.736
1303502,378,328,23149,PAUINI,AM,Norte,0.496,0.317,0.724,0.531,68.45,218.21,0.72,16597,-7.714,-66.976
1303536,1550,1495,69931,PRESIDENTE FIGUEIREDO,AM,Norte,0.647,0.538,0.802,0.627,73.1,396.51,0.52,25693,-2.034,-60.025
1303569,879,3193,55591,RIO PRETO DA EVA,AM,Norte,0.611,0.493,0.785,0.59,72.12,315.24,0.55,22991,-2.699,-59.7
1303601,370,740,17036,SANTA ISABEL DO RIO NEGRO,AM,Norte,0.479,0.323,0.737,0.461,69.2,141.04,0.72,11561,-0.414,-65.019
1303700,825,751,48464,SANTO ANTÔNIO DO IÇÁ,AM,Norte,0.49,0.353,0.759,0.438,70.52,122.21,0.67,19866,-3.102,-67.94
1303809,473,988,23258,SÃO GABRIEL DA CACHOEIRA,AM,Norte,0.609,0.476,0.777,0.61,71.59,355.51,0.8,28086,-0.13,-67.089
1303908,598,305,17839,SÃO PAULO DE OLIVENÇA,AM,Norte,0.521,0.386,0.78,0.471,71.77,150.28,0.64,26280,-3.378,-68.873
1303957,601,868,20947,SÃO SEBASTIÃO DO UATUMÃ,AM,Norte,0.577,0.464,0.739,0.561,69.34,262.79,0.58,10327,-2.572,-57.871
1304005,635,513,24360,SILVES,AM,Norte,0.632,0.584,0.791,0.546,72.47,238.53,0.56,8187,-2.839,-58.209
1304062,1149,971,40815,TABATINGA,AM,Norte,0.616,0.505,0.769,0.602,71.12,338.4,0.65,49273,-4.253,-69.938
1304104,852,507,28919,TAPAUÁ,AM,Norte,0.502,0.355,0.694,0.512,66.61,193.97,0.6,17212,-5.628,-63.183
1304203,3793,2093,74883,TEFÉ,AM,Norte,0.639,0.511,0.801,0.637,73.04,421.41,0.62,59646,-3.354,-64.711
1304260,145,200,11642,UARINI,AM,Norte,0.527,0.378,0.724,0.535,68.43,223.11,0.61,10386,-2.99,-65.108
1304302,263,351,14635,URUCARÁ,AM,Norte,0.62,0.575,0.754,0.551,70.26,246.99,0.6,16664,-2.536,-57.76
1304401,517,371,13630,URUCURITUBA,AM,Norte,0.588,0.487,0.776,0.538,71.53,227.55,0.58,16645,-3.131,-58.155
1400050,633,672,7311,ALTO ALEGRE,RR,Norte,0.542,0.379,0.813,0.518,73.78,201.32,0.73,10150,2.98,-61.292
1400100,35726,37302,562874,BOA VISTA,RR,Norte,0.752,0.708,0.816,0.737,73.95,786.55,0.58,280694,2.82,-60.673
1400159,428,510,10282,BONFIM,RR,Norte,0.626,0.509,0.809,0.597,73.52,329.22,0.72,9623,3.36,-59.833
1400209,819,602,14731,CARACARAÍ,RR,Norte,0.624,0.518,0.78,0.601,71.77,336.05,0.56,17505,1.816,-61.128
1400308,995,702,20846,MUCAJAÍ,RR,Norte,0.665,0.547,0.813,0.661,73.79,487.66,0.71,13318,2.43,-60.9
1400456,1028,938,14769,PACARAIMA,RR,Norte,0.65,0.558,0.788,0.624,72.29,388.35,0.74,8785,4.431,-61.146
1400472,1193,928,25513,RORAINÓPOLIS,RR,Norte,0.619,0.519,0.798,0.574,72.86,284.22,0.57,22346,0.946,-60.418
1400605,777,701,18129,SÃO LUIZ,RR,Norte,0.649,0.574,0.788,0.605,72.29,344.73,0.55,6397,1.005,-60.159
1500107,3478,2632,155355,ABAETETUBA,PA,Norte,0.628,0.537,0.798,0.579,72.89,293.01,0.53,137997,-1.718,-48.883
1500206,662,653,39286,ACARÁ,PA,Norte,0.506,0.332,0.757,0.517,70.44,199.34,0.53,48516,-1.961,-48.197
1500305,661,253,20134,AFUÁ,PA,Norte,0.489,0.311,0.774,0.485,71.43,163.98,0.66,27779,-0.157,-50.387
1500404,1342,926,51269,ALENQUER,PA,Norte,0.564,0.436,0.779,0.529,71.72,215.33,0.58,49416,-1.942,-54.738
1500503,957,758,40387,ALMEIRIM,PA,Norte,0.642,0.497,0.809,0.659,73.55,484.16,0.65,31671,-1.523,-52.582
1500602,4283,3934,211128,ALTAMIRA,PA,Norte,0.665,0.548,0.811,0.662,73.64,492.05,0.56,93243,-3.203,-52.206
1500701,741,265,13775,ANAJÁS,PA,Norte,0.484,0.29,0.774,0.506,71.43,186.88,0.62,22722,-0.987,-49.94
1500800,18193,13370,601772,ANANINDEUA,PA,Norte,0.718,0.658,0.821,0.684,74.24,564.76,0.52,468874,-1.366,-48.372
1500859,751,537,24682,ANAPU,PA,Norte,0.548,0.371,0.788,0.563,72.25,266.28,0.58,18065,-3.472,-51.198
1500909,584,462,25051,AUGUSTO CORRÊA,PA,Norte,0.52,0.38,0.772,0.48,71.3,159.05,0.56,37678,-1.022,-46.645
1500958,468,327,13785,AURORA DO PARÁ,PA,Norte,0.519,0.358,0.773,0.504,71.38,184.39,0.56,23652,-2.134,-47.563
1501006,120,69,6587,AVEIRO,PA,Norte,0.541,0.45,0.748,0.47,69.87,148.71,0.6,13843,-3.606,-55.332
1501105,225,93,10106,BAGRE,PA,Norte,0.471,0.28,0.777,0.481,71.59,159.41,0.48,21240,-1.9,-50.164
1501204,856,633,52803,BAIÃO,PA,Norte,0.578,0.467,0.77,0.538,71.18,226.99,0.53,35233,-2.791,-49.672
1501303,3399,2336,125482,BARCARENA,PA,Norte,0.662,0.564,0.801,0.643,73.04,437.43,0.55,97780,-1.506,-48.626
1501402,89992,91355,5193638,BELÉM,PA,Norte,0.746,0.673,0.822,0.751,74.33,853.82,0.61,1381212,-1.456,-48.504
1501501,1695,1263,91594,BENEVIDES,PA,Norte,0.665,0.592,0.798,0.623,72.9,385.83,0.48,50859,-1.361,-48.245
1501600,385,246,7412,BONITO,PA,Norte,0.546,0.398,0.77,0.531,71.22,218.05,0.5,13131,-1.363,-47.307
1501709,3630,2109,158142,BRAGANÇA,PA,Norte,0.6,0.486,0.755,0.589,70.27,311.97,0.58,109559,-1.063,-46.773
1501725,501,351,20835,BRASIL NOVO,PA,Norte,0.613,0.451,0.809,0.632,73.55,408.55,0.67,13865,-3.262,-52.668
1501782,1697,2084,71606,BREU BRANCO,PA,Norte,0.568,0.422,0.781,0.555,71.87,252.31,0.53,50769,-4.009,-49.461
1501808,2861,1665,89358,BREVES,PA,Norte,0.503,0.312,0.778,0.524,71.65,209.14,0.58,87238,-1.682,-50.48
1501907,739,290,10530,BUJARU,PA,Norte,0.552,0.437,0.779,0.495,71.76,174.18,0.52,23077,-1.515,-48.045
1502004,467,228,15361,CACHOEIRA DO ARARI,PA,Norte,0.546,0.398,0.778,0.525,71.65,209.79,0.6,18477,-1.011,-48.963
1502103,2179,1908,102881,CAMETÁ,PA,Norte,0.577,0.474,0.754,0.538,70.21,226.99,0.58,114871,-2.244,-49.496
1502152,2395,1641,47560,CANAÃ DOS CARAJÁS,PA,Norte,0.673,0.569,0.801,0.67,73.06,517.33,0.55,25917,-6.497,-49.878
1502202,3243,1594,77315,CAPANEMA,PA,Norte,0.655,0.58,0.794,0.61,72.62,356.27,0.53,62422,-1.196,-47.181
1502301,1518,850,53729,CAPITÃO POÇO,PA,Norte,0.548,0.385,0.747,0.573,69.8,283.1,0.62,50327,-1.745,-47.065
1502400,6467,4726,264099,CASTANHAL,PA,Norte,0.673,0.582,0.8,0.654,72.97,467.32,0.54,170550,-1.297,-47.922
1502509,238,177,5613,CHAVES,PA,Norte,0.453,0.234,0.769,0.516,71.15,198.83,0.67,16706,-0.16,-49.988
1502608,240,126,8741,COLARES,PA,Norte,0.602,0.528,0.763,0.541,70.8,231.98,0.56,10878,-0.937,-48.282
1502707,2431,2978,138623,CONCEIÇÃO DO ARAGUAIA,PA,Norte,0.64,0.54,0.77,0.631,71.2,405.29,0.54,43835,-8.258,-49.265
1502756,872,383,11052,CONCÓRDIA DO PARÁ,PA,Norte,0.566,0.438,0.741,0.56,69.45,260.68,0.5,27485,-1.991,-47.949
1502772,502,574,38231,CURIONÓPOLIS,PA,Norte,0.636,0.536,0.809,0.592,73.53,319.35,0.54,17467,-6.091,-49.541
1502806,673,532,26044,CURRALINHO,PA,Norte,0.502,0.323,0.769,0.508,71.15,188.88,0.57,26525,-1.814,-49.795
1502905,431,480,32237,CURUÇÁ,PA,Norte,0.582,0.48,0.758,0.542,70.48,233.96,0.56,33423,-0.734,-47.855
1502939,2055,1084,109949,DOM ELISEU,PA,Norte,0.615,0.502,0.763,0.606,70.8,348.04,0.52,50262,-4.285,-47.505
1502954,521,538,37234,ELDORADO DOS CARAJÁS,PA,Norte,0.56,0.405,0.757,0.572,70.42,281.12,0.57,28761,-6.104,-49.355
1503002,103,270,2273,FARO,PA,Norte,0.563,0.47,0.756,0.501,70.35,180.47,0.56,7659,-2.171,-56.745
1503077,1056,691,23933,GARRAFÃO DO NORTE,PA,Norte,0.526,0.353,0.763,0.54,70.75,229.91,0.55,23965,-1.934,-47.053
1503093,1317,468,36389,GOIANÉSIA DO PARÁ,PA,Norte,0.56,0.404,0.743,0.585,69.58,303.9,0.54,28107,-3.843,-49.097
1503101,434,245,9615,GURUPÁ,PA,Norte,0.509,0.333,0.777,0.51,71.59,191.06,0.56,25463,-1.405,-51.64
1503200,1159,566,55077,IGARAPÉ-AÇU,PA,Norte,0.595,0.49,0.743,0.579,69.55,293.71,0.56,35300,-1.127,-47.618
1503309,1127,712,51416,IGARAPÉ-MIRI,PA,Norte,0.547,0.413,0.77,0.514,71.18,196.34,0.53,53894,-1.975,-48.96
1503408,685,573,6264,INHANGAPI,PA,Norte,0.572,0.456,0.748,0.55,69.88,245.7,0.52,9668,-1.43,-47.917
1503457,751,389,26421,IPIXUNA DO PARÁ,PA,Norte,0.489,0.304,0.757,0.508,70.44,188.48,0.57,42386,-2.558,-47.494
1503507,564,269,17176,IRITUIA,PA,Norte,0.559,0.427,0.763,0.536,70.75,224.25,0.58,29304,-1.769,-47.439
1503606,6699,3252,127972,ITAITUBA,PA,Norte,0.64,0.51,0.8,0.644,72.97,440.6,0.57,92834,-4.276,-55.984
1503705,1242,786,45071,ITUPIRANGA,PA,Norte,0.528,0.364,0.746,0.543,69.73,234.25,0.62,43660,-5.135,-49.327
1503754,1047,188,11086,JACAREACANGA,PA,Norte,0.505,0.279,0.8,0.577,73,289.16,0.69,10731,-6.224,-57.754
1503804,1102,838,65289,JACUNDÁ,PA,Norte,0.622,0.509,0.752,0.628,70.14,399.45,0.59,49358,-4.451,-49.116
1503903,979,639,25446,JURUTI,PA,Norte,0.592,0.501,0.756,0.547,70.35,241.39,0.59,43175,-2.152,-56.092
1504000,721,478,10812,LIMOEIRO DO AJURU,PA,Norte,0.541,0.425,0.754,0.493,70.21,172.12,0.58,23485,-1.895,-49.381
1504059,768,360,47671,MÃE DO RIO,PA,Norte,0.599,0.458,0.763,0.615,70.75,367.01,0.58,27429,-2.06,-47.553
1504109,232,85,8475,MAGALHÃES BARATA,PA,Norte,0.597,0.507,0.801,0.524,73.06,208.43,0.54,7780,-0.795,-47.598
1504208,9622,9050,420304,MARABÁ,PA,Norte,0.668,0.564,0.785,0.673,72.09,527.86,0.58,224052,-5.369,-49.118
1504307,645,483,29512,MARACANÃ,PA,Norte,0.57,0.454,0.764,0.534,70.85,221.89,0.59,26489,-0.765,-47.45
1504406,443,379,25918,MARAPANIM,PA,Norte,0.609,0.521,0.76,0.57,70.61,277.01,0.54,25970,-0.714,-47.694
1504422,3074,2726,134512,MARITUBA,PA,Norte,0.676,0.628,0.793,0.621,72.6,382.02,0.42,106943,-1.355,-48.342
1504455,710,535,28262,MEDICILÂNDIA,PA,Norte,0.582,0.408,0.8,0.605,72.99,345.44,0.61,24442,-3.446,-52.889
1504505,681,235,7996,MELGAÇO,PA,Norte,0.418,0.207,0.776,0.454,71.57,135.21,0.55,23435,-1.804,-50.712
1504604,846,717,20169,MOCAJUBA,PA,Norte,0.575,0.467,0.754,0.539,70.21,229.18,0.58,25969,-2.584,-49.507
1504703,1051,681,63354,MOJU,PA,Norte,0.547,0.375,0.757,0.578,70.44,291.67,0.63,64253,-1.884,-48.769
1504802,1405,1256,71200,MONTE ALEGRE,PA,Norte,0.589,0.495,0.764,0.541,70.86,231.65,0.59,49563,-2.008,-54.069
1504901,676,760,34167,MUANÁ,PA,Norte,0.547,0.391,0.775,0.54,71.51,230.14,0.56,32289,-1.528,-49.217
1505007,419,214,7119,NOVA TIMBOTEUA,PA,Norte,0.609,0.507,0.791,0.564,72.43,267.59,0.52,13234,-1.206,-47.386
1505031,1572,1061,91154,NOVO PROGRESSO,PA,Norte,0.673,0.519,0.828,0.709,74.66,658.31,0.54,24714,-7.147,-55.382
1505064,1789,1590,80173,NOVO REPARTIMENTO,PA,Norte,0.537,0.376,0.741,0.557,69.48,256.37,0.59,54849,-4.331,-49.796
1505106,1652,1351,40911,ÓBIDOS,PA,Norte,0.594,0.499,0.756,0.556,70.35,255.03,0.59,47653,-1.918,-55.518
1505205,769,400,18669,OEIRAS DO PARÁ,PA,Norte,0.507,0.344,0.754,0.502,70.21,181.86,0.56,27046,-2.003,-49.854
1505304,1400,1165,60642,ORIXIMINÁ,PA,Norte,0.623,0.52,0.778,0.599,71.66,332.29,0.64,59657,-1.766,-55.866
1505403,981,687,8658,OURÉM,PA,Norte,0.568,0.438,0.727,0.575,68.63,285.61,0.62,15654,-1.548,-47.119
1505437,966,666,42377,OURILÂNDIA DO NORTE,PA,Norte,0.624,0.467,0.795,0.653,72.72,466.52,0.55,26339,-6.755,-51.084
1505486,1042,811,30043,PACAJÁ,PA,Norte,0.515,0.338,0.746,0.541,69.78,231.91,0.65,34575,-3.838,-50.638
1505502,4570,3453,122629,PARAGOMINAS,PA,Norte,0.645,0.514,0.781,0.667,71.87,507.16,0.6,96402,-2.995,-47.353
1505536,12876,8602,291717,PARAUAPEBAS,PA,Norte,0.715,0.644,0.809,0.701,73.55,627.61,0.53,152497,-6.068,-49.902
1505601,165,116,4398,PEIXE-BOI,PA,Norte,0.581,0.478,0.754,0.543,70.23,234.4,0.55,7426,-1.192,-47.314
1505700,625,343,16024,PONTA DE PEDRAS,PA,Norte,0.562,0.412,0.773,0.558,71.38,257.4,0.61,24334,-1.39,-48.871
1505809,874,600,31543,PORTEL,PA,Norte,0.483,0.286,0.767,0.513,71.04,195.22,0.64,44756,-1.936,-50.821
1505908,688,351,30276,PORTO DE MOZ,PA,Norte,0.503,0.322,0.77,0.512,71.2,193.52,0.59,30817,-1.748,-52.238
1506005,615,577,27209,PRAINHA,PA,Norte,0.523,0.359,0.779,0.512,71.76,193.32,0.68,25051,-1.8,-53.48
1506104,486,464,20014,PRIMAVERA,PA,Norte,0.577,0.435,0.772,0.571,71.3,279.74,0.65,9846,-0.943,-47.116
1506138,3109,3607,258371,REDENÇÃO,PA,Norte,0.672,0.561,0.804,0.674,73.23,529.54,0.53,73132,-8.029,-50.031
1506161,644,599,35855,RIO MARIA,PA,Norte,0.638,0.495,0.804,0.651,73.23,460.83,0.53,17307,-7.311,-50.048
1506187,2294,1031,57152,RONDON DO PARÁ,PA,Norte,0.602,0.457,0.788,0.606,72.29,346.74,0.54,44470,-4.776,-48.067
1506195,321,547,13112,RURÓPOLIS,PA,Norte,0.548,0.392,0.764,0.548,70.86,242.49,0.57,35604,-4.096,-54.91
1506203,1382,883,85626,SALINÓPOLIS,PA,Norte,0.647,0.541,0.798,0.628,72.87,398.58,0.52,36684,-0.629,-47.356
1506302,505,472,23249,SALVATERRA,PA,Norte,0.608,0.488,0.793,0.58,72.6,296.28,0.57,19498,-0.753,-48.517
1506351,239,308,13741,SANTA BÁRBARA DO PARÁ,PA,Norte,0.627,0.546,0.784,0.575,72.06,287.25,0.52,16417,-1.224,-48.294
1506401,70,21,4922,SANTA CRUZ DO ARARI,PA,Norte,0.557,0.461,0.775,0.483,71.51,161.13,0.49,7886,-0.664,-49.163
1506500,2765,1647,70990,SANTA ISABEL DO PARÁ,PA,Norte,0.659,0.576,0.798,0.622,72.87,384.17,0.51,56041,-1.299,-48.161
1506559,332,395,16438,SANTA LUZIA DO PARÁ,PA,Norte,0.546,0.424,0.724,0.53,68.41,217.11,0.56,18338,-1.517,-46.942
1506609,861,356,24006,SANTA MARIA DO PARÁ,PA,Norte,0.598,0.471,0.764,0.595,70.85,323.98,0.52,22855,-1.352,-47.576
1506708,513,666,57467,SANTANA DO ARAGUAIA,PA,Norte,0.602,0.478,0.774,0.591,71.43,316.81,0.46,51632,-9.505,-50.625
1506807,13743,10097,338086,SANTARÉM,PA,Norte,0.691,0.648,0.807,0.632,73.44,409.07,0.58,286578,-2.443,-54.708
1506906,1167,362,33569,SANTARÉM NOVO,PA,Norte,0.587,0.502,0.774,0.52,71.42,203,0.56,5687,-0.929,-47.397
1507003,1456,438,33620,SANTO ANTÔNIO DO TAUÁ,PA,Norte,0.632,0.561,0.753,0.598,70.18,331.12,0.52,26139,-1.152,-48.129
1507102,243,216,10787,SÃO CAETANO DE ODIVELAS,PA,Norte,0.585,0.473,0.767,0.552,71.01,247.8,0.48,16576,-0.75,-48.02
1507151,820,662,23290,SÃO DOMINGOS DO ARAGUAIA,PA,Norte,0.594,0.451,0.738,0.629,69.25,400.66,0.59,22817,-5.538,-48.733
1507201,391,285,7890,SÃO DOMINGOS DO CAPIM,PA,Norte,0.532,0.382,0.773,0.509,71.38,189.39,0.6,28295,-1.675,-47.775
1507300,1641,1058,77882,SÃO FÉLIX DO XINGU,PA,Norte,0.594,0.411,0.798,0.638,72.87,423.85,0.62,76357,-6.645,-51.995
1507409,825,566,18093,SÃO FRANCISCO DO PARÁ,PA,Norte,0.608,0.502,0.785,0.571,72.08,279.19,0.48,14822,-1.169,-47.795
1507458,1463,1171,66490,SÃO GERALDO DO ARAGUAIA,PA,Norte,0.595,0.447,0.793,0.594,72.55,322.95,0.53,24339,-6.401,-48.555
1507508,432,789,43196,SÃO JOÃO DO ARAGUAIA,PA,Norte,0.55,0.424,0.741,0.53,69.47,216.86,0.55,11533,-5.358,-48.791
1507607,1204,678,47585,SÃO MIGUEL DO GUAMÁ,PA,Norte,0.591,0.471,0.752,0.582,70.1,299.95,0.53,50285,-1.627,-47.483
1507706,553,390,15486,SÃO SEBASTIÃO DA BOA VISTA,PA,Norte,0.558,0.439,0.76,0.52,70.62,202.85,0.54,22234,-1.718,-49.541
1507805,237,128,8054,SENADOR JOSÉ PORFÍRIO,PA,Norte,0.514,0.338,0.754,0.533,70.24,219.97,0.54,12465,-2.591,-51.954
1507904,828,555,20542,SOURE,PA,Norte,0.615,0.525,0.76,0.583,70.57,300.59,0.52,22579,-0.717,-48.523
1507953,1707,1412,96300,TAILÂNDIA,PA,Norte,0.588,0.45,0.776,0.583,71.58,300.85,0.52,76106,-2.947,-48.953
1507979,707,448,5009,TERRA SANTA,PA,Norte,0.635,0.558,0.763,0.602,70.76,338.44,0.58,16568,-2.104,-56.487
1508001,1184,802,56816,TOMÉ-AÇU,PA,Norte,0.586,0.424,0.798,0.596,72.87,326.18,0.54,54714,-2.419,-48.152
1508084,1793,806,48614,TUCUMÃ,PA,Norte,0.659,0.525,0.813,0.67,73.76,517.86,0.53,32785,-6.748,-51.161
1508100,6428,2867,136320,TUCURUÍ,PA,Norte,0.666,0.548,0.8,0.675,73,534.02,0.57,95670,-3.768,-49.673
1508126,968,518,39721,ULIANÓPOLIS,PA,Norte,0.604,0.425,0.759,0.682,70.55,558.72,0.7,41079,-3.756,-47.501
1508159,1119,735,66200,URUARÁ,PA,Norte,0.589,0.42,0.798,0.609,72.87,353.67,0.57,40007,-3.718,-53.737
1508209,756,653,27161,VIGIA,PA,Norte,0.617,0.516,0.768,0.594,71.06,323.12,0.5,47251,-0.858,-48.142
1508308,386,375,21090,VISEU,PA,Norte,0.515,0.366,0.776,0.482,71.57,160.09,0.62,51215,-1.197,-46.14
1508357,326,359,11069,VITÓRIA DO XINGU,PA,Norte,0.596,0.451,0.792,0.594,72.49,323.18,0.6,12603,-2.88,-52.01
1508407,3040,2262,122641,XINGUARA,PA,Norte,0.646,0.503,0.8,0.671,73.02,520.57,0.55,39731,-7.095,-49.946
1600105,787,992,14936,AMAPÁ,AP,Norte,0.642,0.532,0.79,0.631,72.4,406.9,0.66,7784,2.053,-50.793
1600154,850,1682,16145,PEDRA BRANCA DO AMAPARI,AP,Norte,0.626,0.502,0.779,0.628,71.73,397.98,0.61,9966,0.778,-51.944
1600204,588,733,9906,CALÇOENE,AP,Norte,0.643,0.55,0.759,0.636,70.51,417.71,0.67,8404,2.498,-50.949
1600238,755,2726,22311,FERREIRA GOMES,AP,Norte,0.656,0.542,0.82,0.635,74.2,416.72,0.6,5603,0.858,-51.18
1600279,1598,1695,29604,LARANJAL DO JARI,AP,Norte,0.665,0.573,0.801,0.641,73.06,432.92,0.55,39291,-0.842,-52.516
1600303,38831,44852,753095,MACAPÁ,AP,Norte,0.733,0.663,0.82,0.723,74.19,717.88,0.59,392487,0.039,-51.066
1600402,791,1222,21960,MAZAGÃO,AP,Norte,0.592,0.449,0.758,0.609,70.46,353.61,0.65,15466,-0.115,-51.289
1600501,1066,1693,32690,OIAPOQUE,AP,Norte,0.658,0.527,0.779,0.693,71.71,598.38,0.69,17939,3.843,-51.835
1600535,678,2510,23220,PORTO GRANDE,AP,Norte,0.64,0.554,0.777,0.61,71.62,356.65,0.56,16249,0.713,-51.413
1600600,6981,9298,104537,SANTANA,AP,Norte,0.692,0.638,0.794,0.654,72.65,469.24,0.55,100140,-0.058,-51.182
1600709,538,3102,25783,TARTARUGALZINHO,AP,Norte,0.592,0.473,0.794,0.553,72.63,250.2,0.65,11191,1.506,-50.912
1600808,329,488,8827,VITÓRIA DO JARI,AP,Norte,0.619,0.517,0.781,0.587,71.88,309.39,0.58,11889,-0.938,-52.424
1700400,145,258,14557,ALMAS,TO,Norte,0.636,0.524,0.796,0.616,72.74,369.39,0.57,7343,-11.574,-47.17
1700707,1414,1580,15592,ALVORADA,TO,Norte,0.708,0.623,0.843,0.677,75.55,539.26,0.47,8288,-12.48,-49.125
1701002,1363,2221,24852,ANANÁS,TO,Norte,0.671,0.605,0.804,0.621,73.23,380.36,0.48,9798,-6.366,-48.073
1701903,1156,1213,20099,ARAGUACEMA,TO,Norte,0.639,0.553,0.805,0.587,73.29,308.94,0.56,5901,-8.804,-49.556
1702000,1055,1121,16491,ARAGUAÇU,TO,Norte,0.675,0.602,0.796,0.642,72.78,435.22,0.49,8503,-12.931,-49.826
1702109,17922,21860,624706,ARAGUAÍNA,TO,Norte,0.752,0.712,0.821,0.727,74.23,737.63,0.56,148717,-7.191,-48.207
1702208,3837,4102,71094,ARAGUATINS,TO,Norte,0.631,0.525,0.793,0.604,72.56,342.07,0.57,30428,-5.651,-48.124
1702307,732,1035,22285,ARAPOEMA,TO,Norte,0.68,0.601,0.81,0.645,73.59,442.33,0.51,6702,-7.658,-49.064
1702406,992,859,16668,ARRAIAS,TO,Norte,0.651,0.523,0.829,0.636,74.73,418.64,0.61,9939,-12.931,-46.938
1702554,5037,2744,105972,AUGUSTINÓPOLIS,TO,Norte,0.67,0.619,0.793,0.614,72.56,364.32,0.52,15704,-5.466,-47.888
1702703,541,679,17024,AURORA DO TOCANTINS,TO,Norte,0.677,0.57,0.804,0.676,73.23,535.8,0.68,3304,-12.713,-46.408
1705508,3827,4025,115597,COLINAS DO TOCANTINS,TO,Norte,0.701,0.614,0.814,0.69,73.85,587.11,0.56,30547,-8.059,-48.475
1706100,1010,1226,34071,CRISTALÂNDIA,TO,Norte,0.673,0.57,0.805,0.663,73.29,495.57,0.57,6943,-10.6,-49.193
1707009,2134,2252,65403,DIANÓPOLIS,TO,Norte,0.701,0.624,0.822,0.673,74.34,528.6,0.57,18884,-11.628,-46.821
1707652,500,439,9573,FIGUEIRÓPOLIS,TO,Norte,0.689,0.6,0.822,0.664,74.32,498.31,0.52,5245,-12.131,-49.174
1707702,921,955,27624,FILADÉLFIA,TO,Norte,0.621,0.522,0.792,0.578,72.52,291.57,0.54,8052,-7.336,-47.49
1708205,844,962,19694,FORMOSO DO ARAGUAIA,TO,Norte,0.67,0.587,0.801,0.64,73.05,429.17,0.52,17787,-11.797,-49.529
1709005,1760,2027,38631,GOIATINS,TO,Norte,0.576,0.462,0.765,0.541,70.87,232.19,0.61,10995,-7.71,-47.314
1709302,2492,2322,82493,GUARAÍ,TO,Norte,0.741,0.67,0.839,0.724,75.35,722.83,0.61,23011,-8.834,-48.51
1709500,11383,9624,375982,GURUPI,TO,Norte,0.759,0.706,0.843,0.736,75.6,778.9,0.54,76149,-11.729,-49.069
1710508,655,1582,32464,ITACAJÁ,TO,Norte,0.612,0.491,0.798,0.585,72.87,304.55,0.58,6930,-8.392,-47.768
1710706,1375,1785,88195,ITAGUATINS,TO,Norte,0.616,0.511,0.799,0.572,72.94,281.62,0.57,5751,-5.768,-47.481
1713205,2572,2619,82973,MIRACEMA DO TOCANTINS,TO,Norte,0.684,0.579,0.82,0.675,74.17,533.46,0.54,20414,-9.567,-48.392
1713304,2802,2111,30604,MIRANORTE,TO,Norte,0.662,0.571,0.804,0.633,73.23,410.45,0.48,12159,-9.529,-48.59
1714203,599,859,20414,NATIVIDADE,TO,Norte,0.673,0.556,0.847,0.646,75.81,446.32,0.59,8715,-11.71,-47.723
1715101,1681,2568,41302,NOVO ACORDO,TO,Norte,0.639,0.53,0.797,0.618,72.81,374.83,0.55,3679,-9.963,-47.677
1715754,602,772,15206,PALMEIRÓPOLIS,TO,Norte,0.673,0.571,0.817,0.652,74.01,463.45,0.52,7102,-13.044,-48.402
1716109,3444,4065,126567,PARAÍSO DO TOCANTINS,TO,Norte,0.764,0.706,0.831,0.759,74.88,899.57,0.62,44237,-10.176,-48.867
1716208,755,1148,13259,PARANÃ,TO,Norte,0.595,0.461,0.777,0.588,71.63,311.37,0.65,9807,-12.615,-47.883
1716505,1670,1576,34453,PEDRO AFONSO,TO,Norte,0.732,0.664,0.846,0.699,75.77,618.56,0.5,11385,-8.968,-48.175
1716604,1520,1357,20711,PEIXE,TO,Norte,0.674,0.555,0.812,0.679,73.69,547.9,0.62,9773,-12.025,-48.539
1716703,1546,1525,20993,COLMÉIA,TO,Norte,0.671,0.574,0.816,0.645,73.97,442.96,0.5,8503,-8.729,-48.765
1717503,568,812,10694,PIUM,TO,Norte,0.65,0.527,0.822,0.633,74.3,411.25,0.52,6545,-10.443,-49.182
1717909,574,564,20522,PONTE ALTA DO TOCANTINS,TO,Norte,0.624,0.531,0.779,0.587,71.72,308.4,0.55,6840,-10.744,-47.536
1718204,7981,7315,366151,PORTO NACIONAL,TO,Norte,0.74,0.701,0.826,0.699,74.56,621.1,0.54,48438,-10.708,-48.417
1720903,796,842,22328,TAGUATINGA,TO,Norte,0.634,0.497,0.818,0.628,74.07,399.35,0.64,14256,-12.404,-46.436
1721000,34308,38140,1104673,PALMAS,TO,Norte,0.788,0.749,0.827,0.789,74.61,1087.35,0.58,225247,-10.167,-48.333
1721208,2066,2456,82586,TOCANTINÓPOLIS,TO,Norte,0.681,0.623,0.801,0.634,73.07,414.08,0.52,22509,-6.329,-47.416
1722081,839,1397,17634,WANDERLÂNDIA,TO,Norte,0.638,0.561,0.748,0.619,69.89,376.35,0.51,10813,-6.849,-47.963
1722107,651,1079,20375,XAMBIOÁ,TO,Norte,0.671,0.57,0.818,0.648,74.05,450.43,0.6,11286,-6.411,-48.536
2100055,10182,6586,241657,AÇAILÂNDIA,MA,Nordeste,0.672,0.602,0.785,0.643,72.07,438.56,0.56,102792,-4.947,-47.505
2100204,693,352,22288,ALCÂNTARA,MA,Nordeste,0.573,0.475,0.753,0.525,70.18,209.27,0.59,20356,-2.409,-44.415
2100501,731,324,28790,ALTO PARNAÍBA,MA,Nordeste,0.633,0.474,0.785,0.683,72.07,559.61,0.78,10296,-9.111,-45.93
2100600,2917,1397,78254,AMARANTE DO MARANHÃO,MA,Nordeste,0.555,0.441,0.716,0.541,67.93,231.79,0.59,36024,-5.567,-46.742
2100709,2340,619,59711,ANAJATUBA,MA,Nordeste,0.581,0.492,0.762,0.523,70.69,207.65,0.6,23909,-3.264,-44.62
2100907,2661,1927,72177,ARAIOSES,MA,Nordeste,0.521,0.402,0.709,0.497,67.52,175.81,0.59,37637,-2.89,-41.903
2100956,1318,445,30062,ARAME,MA,Nordeste,0.512,0.365,0.701,0.525,67.06,210.09,0.72,27348,-4.733,-45.908
2101004,1241,710,47621,ARARI,MA,Nordeste,0.626,0.546,0.764,0.587,70.82,308.83,0.57,27621,-3.454,-44.78
2101202,7859,4740,159757,BACABAL,MA,Nordeste,0.651,0.591,0.753,0.619,70.18,375.57,0.55,98338,-4.225,-44.78
2101301,1368,792,33720,BACURI,MA,Nordeste,0.578,0.484,0.737,0.54,69.24,230.45,0.58,15893,-1.703,-45.134
2101400,10906,6610,191758,BALSAS,MA,Nordeste,0.687,0.597,0.807,0.674,73.44,531.6,0.58,81908,-7.533,-46.036
2101509,385,575,29658,BARÃO DE GRAJAÚ,MA,Nordeste,0.592,0.484,0.743,0.578,69.58,292.55,0.52,17151,-6.756,-43.024
2101608,7338,4115,172537,BARRA DO CORDA,MA,Nordeste,0.606,0.498,0.763,0.585,70.75,305.61,0.62,76987,-5.506,-45.243
2101707,2246,1115,81843,BARREIRINHAS,MA,Nordeste,0.57,0.479,0.752,0.515,70.11,197.08,0.61,50137,-2.747,-42.826
2101905,1107,627,42350,BEQUIMÃO,MA,Nordeste,0.601,0.561,0.757,0.51,70.42,190.84,0.55,19363,-2.449,-44.783
2102002,2348,2215,48413,BOM JARDIM,MA,Nordeste,0.538,0.4,0.75,0.519,69.98,202.28,0.58,36131,-3.565,-45.994
2102101,2138,2555,60051,BREJO,MA,Nordeste,0.562,0.454,0.758,0.517,70.45,200.25,0.64,30689,-3.684,-42.75
2102200,1924,1738,28405,BURITI,MA,Nordeste,0.548,0.48,0.714,0.479,67.82,157.21,0.63,25471,-3.942,-42.925
2102309,940,1054,26183,BURITI BRAVO,MA,Nordeste,0.59,0.506,0.752,0.539,70.1,229.21,0.55,22014,-5.837,-43.834
2102325,3006,1510,83032,BURITICUPU,MA,Nordeste,0.556,0.455,0.708,0.533,67.46,220.64,0.6,59514,-4.346,-46.401
2102606,944,555,39697,CÂNDIDO MENDES,MA,Nordeste,0.561,0.456,0.745,0.52,69.72,203.94,0.58,18010,-1.447,-45.717
2102705,1145,528,27752,CANTANHEDE,MA,Nordeste,0.565,0.468,0.774,0.497,71.45,176.61,0.6,20078,-3.633,-44.377
2102804,1763,918,69304,CAROLINA,MA,Nordeste,0.634,0.529,0.802,0.6,73.09,334.51,0.55,23078,-7.333,-47.469
2102903,467,446,40392,CARUTAPERA,MA,Nordeste,0.574,0.476,0.747,0.533,69.84,220.91,0.54,21387,-1.195,-46.02
2103000,17282,15023,384243,CAXIAS,MA,Nordeste,0.624,0.543,0.753,0.595,70.16,324.9,0.55,150668,-4.859,-43.356
2103109,532,428,16596,CEDRAL,MA,Nordeste,0.605,0.57,0.748,0.52,69.88,202.86,0.56,10121,-2,-44.536
2103208,5474,5481,198322,CHAPADINHA,MA,Nordeste,0.604,0.517,0.77,0.554,71.21,251.75,0.59,69313,-3.742,-43.36
2103307,9859,7444,157988,CODÓ,MA,Nordeste,0.595,0.492,0.754,0.568,70.22,273.45,0.57,113999,-4.455,-43.886
2103406,2738,2494,116312,COELHO NETO,MA,Nordeste,0.564,0.454,0.728,0.544,68.67,236.47,0.54,45889,-4.257,-43.013
2103505,2369,1100,52670,COLINAS,MA,Nordeste,0.596,0.524,0.709,0.571,67.52,279.81,0.63,37622,-6.026,-44.249
2103604,5249,1792,149479,COROATÁ,MA,Nordeste,0.576,0.475,0.737,0.545,69.21,237.3,0.58,59053,-4.13,-44.124
2103703,2450,1975,18631,CURURUPU,MA,Nordeste,0.612,0.525,0.768,0.568,71.06,274.39,0.58,31418,-1.828,-44.868
2103802,1495,727,33976,DOM PEDRO,MA,Nordeste,0.622,0.545,0.759,0.582,70.52,298.33,0.48,22233,-5.033,-44.436
2104008,1155,791,37265,ESPERANTINÓPOLIS,MA,Nordeste,0.586,0.503,0.713,0.561,67.76,262.41,0.59,17919,-4.883,-44.688
2104057,2042,1346,70382,ESTREITO,MA,Nordeste,0.659,0.536,0.8,0.666,73.02,503.29,0.56,34032,-6.561,-47.451
2104602,969,481,34147,GOVERNADOR EUGÊNIO BARROS,MA,Nordeste,0.572,0.462,0.736,0.55,69.15,245.38,0.58,15598,-5.323,-44.247
2104677,922,916,46257,GOVERNADOR NUNES FREIRE,MA,Nordeste,0.569,0.472,0.722,0.54,68.29,230.94,0.56,24829,-2.126,-45.885
2104800,5400,2524,140111,GRAJAÚ,MA,Nordeste,0.609,0.497,0.754,0.603,70.21,340.1,0.61,59679,-5.819,-46.139
2104909,655,427,10485,GUIMARÃES,MA,Nordeste,0.625,0.592,0.772,0.535,71.31,223.14,0.56,11719,-2.133,-44.601
2105005,859,665,44209,HUMBERTO DE CAMPOS,MA,Nordeste,0.535,0.455,0.759,0.443,70.55,125.91,0.64,22513,-2.598,-43.461
2105104,2225,1536,39808,ICATU,MA,Nordeste,0.546,0.472,0.727,0.475,68.59,154.09,0.59,23477,-2.776,-44.066
2105203,1057,544,15568,IGARAPÉ GRANDE,MA,Nordeste,0.614,0.536,0.747,0.578,69.83,292.16,0.52,10897,-4.585,-44.853
2105302,31493,20185,783996,IMPERATRIZ,MA,Nordeste,0.731,0.698,0.803,0.697,73.17,613.87,0.56,245810,-5.526,-47.476
2105401,4696,2982,148921,ITAPECURU MIRIM,MA,Nordeste,0.599,0.539,0.747,0.534,69.81,221.87,0.56,59413,-3.393,-44.359
2105427,472,761,41668,ITINGA DO MARANHÃO,MA,Nordeste,0.63,0.545,0.764,0.601,70.85,336.91,0.52,24392,-4.45,-47.526
2105500,4137,2133,42527,JOÃO LISBOA,MA,Nordeste,0.641,0.573,0.785,0.585,72.07,303.91,0.44,20107,-5.448,-47.401
2105609,1076,614,21909,JOSELÂNDIA,MA,Nordeste,0.561,0.445,0.743,0.533,69.59,221.23,0.57,14758,-4.967,-44.7
2105708,5754,2956,105185,LAGO DA PEDRA,MA,Nordeste,0.589,0.502,0.724,0.561,68.45,263.13,0.55,44812,-4.57,-45.132
2106102,863,619,16931,LORETO,MA,Nordeste,0.582,0.495,0.771,0.516,71.27,198.73,0.54,10922,-7.084,-45.141
2106300,445,352,23473,MAGALHÃES DE ALMEIDA,MA,Nordeste,0.567,0.499,0.729,0.502,68.72,181.73,0.59,16826,-3.396,-42.204
2106326,2054,1027,38534,MARACAÇUMÉ,MA,Nordeste,0.582,0.501,0.719,0.546,68.14,239.38,0.47,18901,-2.043,-45.959
2106508,2527,1546,28026,MATINHA,MA,Nordeste,0.619,0.56,0.731,0.579,68.88,294.51,0.64,21148,-3.101,-45.034
2106607,1938,1256,92098,MATÕES,MA,Nordeste,0.55,0.434,0.739,0.519,69.34,202.66,0.56,29825,-5.519,-43.199
2106706,1491,1088,30992,MIRADOR,MA,Nordeste,0.545,0.451,0.74,0.485,69.39,163.97,0.64,18634,-6.371,-44.363
2106805,857,469,30456,MIRINZAL,MA,Nordeste,0.622,0.582,0.756,0.546,70.33,239,0.51,13679,-2.065,-44.784
2106904,2141,2088,58255,MONÇÃO,MA,Nordeste,0.546,0.464,0.704,0.499,67.23,178.1,0.52,29904,-3.492,-45.251
2107001,4991,1134,73452,MONTES ALTOS,MA,Nordeste,0.575,0.486,0.732,0.534,68.91,221.57,0.56,8929,-5.831,-47.067
2107100,2025,1180,33260,MORROS,MA,Nordeste,0.548,0.48,0.706,0.485,67.34,164.07,0.58,16552,-2.864,-44.039
2107407,1146,638,22614,OLHO D'ÁGUA DAS CUNHÃS,MA,Nordeste,0.589,0.491,0.754,0.551,70.24,247.36,0.53,18063,-4.139,-45.12
2107456,588,508,19179,OLINDA NOVA DO MARANHÃO,MA,Nordeste,0.575,0.531,0.724,0.495,68.43,173.63,0.6,12498,-2.998,-44.997
2107506,7403,6026,142325,PAÇO DO LUMIAR,MA,Nordeste,0.724,0.739,0.796,0.646,72.74,444.5,0.49,103331,-2.532,-44.108
2107704,1572,1151,26501,PARAIBANO,MA,Nordeste,0.58,0.473,0.723,0.572,68.37,281.23,0.54,19262,-6.433,-43.984
2107803,3197,1869,80479,PARNARAMA,MA,Nordeste,0.542,0.416,0.758,0.504,70.5,183.8,0.55,33700,-5.682,-43.093
2107902,838,636,30520,PASSAGEM FRANCA,MA,Nordeste,0.532,0.401,0.717,0.525,68.04,210.4,0.55,17005,-6.18,-43.784
2108009,1818,1527,30974,PASTOS BONS,MA,Nordeste,0.61,0.559,0.753,0.54,70.18,230.94,0.55,17340,-6.602,-44.077
2108108,1773,764,30802,PAULO RAMOS,MA,Nordeste,0.549,0.447,0.677,0.546,65.64,239.23,0.58,19115,-4.445,-45.239
2108207,7504,3923,111810,PEDREIRAS,MA,Nordeste,0.682,0.621,0.792,0.644,72.49,441.42,0.59,38954,-4.574,-44.597
2108306,4950,4204,51710,PENALVA,MA,Nordeste,0.554,0.472,0.693,0.519,66.57,201.99,0.51,32630,-3.294,-45.174
2108504,1766,1540,50056,PINDARÉ-MIRIM,MA,Nordeste,0.633,0.592,0.755,0.568,70.3,274.84,0.51,30374,-3.608,-45.343
2108603,9793,4794,143184,PINHEIRO,MA,Nordeste,0.637,0.579,0.771,0.579,71.26,292.88,0.51,74951,-2.521,-45.083
2108702,1786,894,39048,PIO XII,MA,Nordeste,0.541,0.408,0.727,0.535,68.64,223.37,0.53,21531,-3.894,-45.17
2108900,1696,812,17228,POÇÃO DE PEDRAS,MA,Nordeste,0.576,0.481,0.732,0.543,68.91,234.72,0.54,19277,-4.746,-44.943
2109007,3448,2370,112800,PORTO FRANCO,MA,Nordeste,0.684,0.606,0.796,0.664,72.74,497.56,0.57,21145,-6.338,-47.399
2109106,3424,1488,76231,PRESIDENTE DUTRA,MA,Nordeste,0.653,0.563,0.788,0.628,72.3,398.15,0.56,44104,-5.29,-44.49
2109452,1750,616,32567,RAPOSA,MA,Nordeste,0.626,0.587,0.735,0.568,69.11,274,0.48,25861,-2.423,-44.103
2109502,2353,1891,57625,RIACHÃO,MA,Nordeste,0.576,0.442,0.757,0.572,70.43,281.53,0.6,19020,-7.362,-46.617
2109601,2413,1665,60505,ROSÁRIO,MA,Nordeste,0.632,0.592,0.752,0.566,70.11,271.65,0.51,38295,-2.934,-44.235
2109809,2928,1351,67329,SANTA HELENA,MA,Nordeste,0.571,0.471,0.746,0.531,69.73,217.94,0.5,37522,-2.231,-45.3
2109908,7284,5750,113375,SANTA INÊS,MA,Nordeste,0.674,0.615,0.788,0.633,72.25,411.04,0.53,76503,-3.667,-45.38
2110005,2511,1828,33185,SANTA LUZIA,MA,Nordeste,0.55,0.452,0.7,0.525,67.02,210.3,0.58,68792,-4.069,-45.69
2110039,3319,1318,59513,SANTA LUZIA DO PARUÁ,MA,Nordeste,0.599,0.51,0.723,0.583,68.4,301.39,0.52,22227,-2.629,-45.773
2110104,1811,2277,39665,SANTA QUITÉRIA DO MARANHÃO,MA,Nordeste,0.555,0.458,0.76,0.49,70.61,168.77,0.51,28002,-3.516,-42.547
2110203,1983,710,36495,SANTA RITA,MA,Nordeste,0.609,0.551,0.743,0.553,69.59,249.26,0.53,30993,-3.144,-44.326
2110302,959,802,38743,SANTO ANTÔNIO DOS LOPES,MA,Nordeste,0.566,0.465,0.714,0.547,67.86,240.2,0.57,13674,-4.869,-44.36
2110500,3287,1862,102592,SÃO BENTO,MA,Nordeste,0.602,0.545,0.762,0.525,70.72,210.47,0.55,38341,-2.696,-44.821
2110609,938,853,29992,SÃO BERNARDO,MA,Nordeste,0.572,0.479,0.762,0.514,70.7,196.57,0.59,24234,-3.361,-42.418
2110658,809,717,16328,SÃO DOMINGOS DO AZEITÃO,MA,Nordeste,0.59,0.486,0.732,0.576,68.92,288.68,0.69,6717,-6.81,-44.645
2110708,3177,1177,81686,SÃO DOMINGOS DO MARANHÃO,MA,Nordeste,0.582,0.504,0.713,0.549,67.76,243.74,0.6,32015,-5.576,-44.385
2110906,991,526,13737,SÃO FRANCISCO DO MARANHÃO,MA,Nordeste,0.528,0.4,0.733,0.503,68.96,182.63,0.57,11478,-6.251,-42.857
2111003,545,484,30557,SÃO JOÃO BATISTA,MA,Nordeste,0.598,0.577,0.752,0.493,70.09,171.53,0.63,18512,-2.955,-44.807
2111102,1732,992,47798,SÃO JOÃO DOS PATOS,MA,Nordeste,0.615,0.522,0.726,0.613,68.55,362.47,0.56,24527,-6.495,-43.702
2111201,10597,6567,339656,SÃO JOSÉ DE RIBAMAR,MA,Nordeste,0.708,0.7,0.79,0.642,72.38,435.4,0.51,159619,-2.562,-44.054
2111300,125412,73673,3056896,SÃO LUÍS,MA,Nordeste,0.768,0.752,0.813,0.741,73.76,805.36,0.61,997424,-2.53,-44.303
2111409,4419,1758,23677,SÃO LUÍS GONZAGA DO MARANHÃO,MA,Nordeste,0.54,0.438,0.716,0.503,67.94,182.83,0.55,18330,-4.38,-44.67
2111508,3437,976,123079,SÃO MATEUS DO MARANHÃO,MA,Nordeste,0.616,0.515,0.723,0.627,68.37,396.29,0.68,37980,-4.04,-44.47
2111532,522,349,21913,SÃO PEDRO DA ÁGUA BRANCA,MA,Nordeste,0.605,0.523,0.735,0.577,69.09,289.7,0.53,11931,-5.085,-48.429
2111607,2059,811,27826,SÃO RAIMUNDO DAS MANGABEIRAS,MA,Nordeste,0.61,0.521,0.749,0.583,69.96,301.25,0.55,16943,-7.022,-45.481
2111706,1013,939,37459,SÃO VICENTE FERRER,MA,Nordeste,0.592,0.541,0.762,0.504,70.72,184.71,0.62,18836,-2.894,-44.88
2111763,814,1367,60713,SENADOR LA ROCQUE,MA,Nordeste,0.602,0.515,0.743,0.57,69.6,277.19,0.53,17462,-5.443,-47.291
2112100,1144,615,26135,TIMBIRAS,MA,Nordeste,0.537,0.427,0.73,0.498,68.78,177.46,0.62,25811,-4.255,-43.941
2112209,8232,6103,245073,TIMON,MA,Nordeste,0.649,0.579,0.768,0.614,71.09,365.26,0.5,154434,-5.094,-42.837
2112308,1867,1098,34538,TUNTUM,MA,Nordeste,0.572,0.483,0.726,0.534,68.57,221.27,0.57,37723,-5.258,-44.649
2112407,935,574,53276,TURIAÇU,MA,Nordeste,0.561,0.461,0.776,0.493,71.54,171.5,0.59,30308,-1.663,-45.372
2112506,1583,2360,82053,TUTÓIA,MA,Nordeste,0.561,0.451,0.722,0.543,68.33,235.35,0.56,50992,-2.762,-42.274
2112605,1724,1265,53018,URBANO SANTOS,MA,Nordeste,0.588,0.522,0.77,0.506,71.21,186.07,0.6,22535,-3.208,-43.404
2112704,3855,1346,140341,VARGEM GRANDE,MA,Nordeste,0.542,0.425,0.768,0.487,71.1,165.37,0.59,44520,-3.543,-43.916
2112803,2877,1816,106070,VIANA,MA,Nordeste,0.618,0.548,0.758,0.567,70.47,272.76,0.57,48407,-3.22,-45.004
2112902,1530,625,54702,VITÓRIA DO MEARIM,MA,Nordeste,0.596,0.534,0.733,0.54,68.97,230.76,0.56,30173,-3.462,-44.871
2113009,4018,1779,54529,VITORINO FREIRE,MA,Nordeste,0.57,0.477,0.688,0.563,66.26,265.69,0.57,30801,-4.282,-45.251
2114007,2469,1306,63363,ZÉ DOCA,MA,Nordeste,0.595,0.505,0.745,0.559,69.7,259.21,0.52,48019,-3.243,-45.824
2200202,1843,963,41170,ÁGUA BRANCA,PI,Nordeste,0.639,0.569,0.763,0.6,70.79,335.63,0.49,16399,-5.89,-42.638
2200301,NA,NA,22,ALTO LONGÁ,PI,Nordeste,0.585,0.47,0.751,0.567,70.05,272.28,0.58,13281,-5.251,-42.21
2200400,3523,5219,123833,ALTOS,PI,Nordeste,0.614,0.512,0.767,0.59,71.03,314.48,0.55,37965,-5.039,-42.461
2200509,2184,4285,98267,AMARANTE,PI,Nordeste,0.598,0.497,0.75,0.574,70,284.71,0.53,16712,-6.241,-42.855
2200608,NA,NA,67,ANGICAL DO PIAUÍ,PI,Nordeste,0.63,0.555,0.737,0.61,69.2,356.17,0.6,6572,-6.086,-42.739
2200707,3,NA,295,ANÍSIO DE ABREU,PI,Nordeste,0.594,0.512,0.768,0.534,71.09,221.91,0.52,8873,-9.189,-43.046
2200905,160,137,9669,AROAZES,PI,Nordeste,0.583,0.468,0.752,0.563,70.11,265.91,0.52,5691,-6.119,-41.793
2201002,NA,NA,49,ARRAIAL,PI,Nordeste,0.56,0.449,0.761,0.514,70.66,195.46,0.55,4459,-6.655,-42.532
2201101,540,529,55042,AVELINO LOPES,PI,Nordeste,0.554,0.442,0.722,0.532,68.3,218.97,0.56,10635,-10.137,-43.949
2201200,2963,4353,89516,BARRAS,PI,Nordeste,0.595,0.485,0.779,0.558,71.74,257.99,0.51,43629,-4.247,-42.296
2201408,473,988,30939,BARRO DURO,PI,Nordeste,0.612,0.514,0.729,0.611,68.72,359.06,0.51,6525,-5.818,-42.513
2201507,1217,1315,39782,BATALHA,PI,Nordeste,0.545,0.398,0.755,0.54,70.31,230.66,0.54,25158,-4.024,-42.078
2201705,NA,NA,68,BERTOLÍNIA,PI,Nordeste,0.612,0.507,0.758,0.596,70.47,325.94,0.53,5174,-7.641,-43.951
2201903,1870,2375,100253,BOM JESUS,PI,Nordeste,0.668,0.562,0.799,0.665,72.93,501.14,0.62,21959,-9.074,-44.359
2202000,483,859,47472,BURITI DOS LOPES,PI,Nordeste,0.565,0.452,0.735,0.544,69.09,236.13,0.54,18627,-3.175,-41.867
2202109,2,2,748,CAMPINAS DO PIAUÍ,PI,Nordeste,0.544,0.397,0.776,0.524,71.55,209,0.55,5281,-7.66,-41.882
2202208,7956,8523,162228,CAMPO MAIOR,PI,Nordeste,0.656,0.566,0.793,0.629,72.58,401.74,0.53,44676,-4.828,-42.169
2202307,457,483,49664,CANTO DO BURITI,PI,Nordeste,0.576,0.462,0.724,0.571,68.41,279.71,0.52,19813,-8.11,-42.944
2202406,1271,1962,40512,CAPITÃO DE CAMPOS,PI,Nordeste,0.583,0.465,0.773,0.552,71.35,248.79,0.51,10818,-4.457,-41.944
2202505,809,562,16813,CARACOL,PI,Nordeste,0.552,0.409,0.771,0.533,71.23,221.08,0.62,9626,-9.279,-43.33
2202604,1287,1660,45894,CASTELO DO PIAUÍ,PI,Nordeste,0.587,0.473,0.754,0.566,70.21,270.82,0.48,18075,-5.322,-41.553
2202703,699,1082,56463,COCAL,PI,Nordeste,0.497,0.334,0.712,0.516,67.72,198.58,0.56,25320,-3.471,-41.555
2202802,NA,NA,121,CONCEIÇÃO DO CANINDÉ,PI,Nordeste,0.589,0.482,0.759,0.559,70.54,258.93,0.53,4397,-7.878,-41.597
2202901,1982,1652,71221,CORRENTE,PI,Nordeste,0.642,0.54,0.789,0.62,72.31,378.39,0.6,24700,-10.443,-45.162
2203008,1,NA,11,CRISTALÂNDIA DO PIAUÍ,PI,Nordeste,0.573,0.469,0.77,0.521,71.18,204.49,0.61,7498,-10.653,-45.185
2203107,887,682,32963,CRISTINO CASTRO,PI,Nordeste,0.566,0.434,0.713,0.586,67.77,307.32,0.59,9562,-8.818,-44.224
2203206,NA,NA,34,CURIMATÁ,PI,Nordeste,0.607,0.527,0.741,0.574,69.47,285.52,0.55,10475,-10.036,-44.306
2203305,577,1064,46896,DEMERVAL LOBÃO,PI,Nordeste,0.618,0.515,0.781,0.588,71.88,311.48,0.48,13155,-5.358,-42.676
2203503,1413,2413,92673,ELESBÃO VELOSO,PI,Nordeste,0.58,0.45,0.758,0.573,70.5,283.38,0.48,14392,-6.202,-42.14
2203602,NA,NA,44,ELISEU MARTINS,PI,Nordeste,0.595,0.462,0.742,0.616,69.51,370.7,0.57,4625,-8.097,-43.664
2203701,1016,1750,62665,ESPERANTINA,PI,Nordeste,0.605,0.497,0.769,0.579,71.15,293.39,0.51,37106,-3.902,-42.234
2203909,2876,3766,113380,FLORIANO,PI,Nordeste,0.7,0.633,0.802,0.676,73.13,536.3,0.55,57002,-6.767,-43.023
2204204,NA,NA,99,FRANCISCO SANTOS,PI,Nordeste,0.608,0.498,0.754,0.598,70.21,330.49,0.51,8527,-6.993,-41.138
2204303,1687,665,38268,FRONTEIRAS,PI,Nordeste,0.619,0.511,0.748,0.621,69.86,380.62,0.56,10927,-7.088,-40.616
2204402,216,821,57559,GILBUÉS,PI,Nordeste,0.548,0.38,0.753,0.574,70.18,285.45,0.68,9258,-9.832,-45.344
2204501,628,500,26197,GUADALUPE,PI,Nordeste,0.65,0.542,0.794,0.639,72.65,426.79,0.5,10093,-6.787,-43.569
2204709,1016,1021,54553,INHUMA,PI,Nordeste,0.624,0.56,0.772,0.562,71.33,263.73,0.52,14648,-6.668,-41.708
2204808,NA,NA,11,IPIRANGA DO PIAUÍ,PI,Nordeste,0.63,0.583,0.765,0.56,70.89,261.12,0.47,9249,-6.828,-41.741
2204907,NA,NA,407,ISAÍAS COELHO,PI,Nordeste,0.582,0.41,0.767,0.628,71,397.98,0.79,7876,-7.738,-41.676
2205003,587,662,16696,ITAINÓPOLIS,PI,Nordeste,0.541,0.401,0.725,0.545,68.5,237.76,0.5,10837,-7.447,-41.478
2205102,889,978,24141,ITAUEIRA,PI,Nordeste,0.583,0.46,0.727,0.594,68.64,321.64,0.55,10567,-7.603,-43.026
2205201,1392,901,19424,JAICÓS,PI,Nordeste,0.524,0.366,0.709,0.556,67.55,254.28,0.52,17566,-7.359,-41.138
2205300,374,233,10905,JERUMENHA,PI,Nordeste,0.591,0.461,0.787,0.569,72.22,275.19,0.49,4318,-7.088,-43.51
2205409,NA,NA,371,JOAQUIM PIRES,PI,Nordeste,0.522,0.384,0.765,0.485,70.92,163.33,0.6,12999,-3.508,-42.198
2205508,1054,1748,54079,JOSÉ DE FREITAS,PI,Nordeste,0.618,0.512,0.781,0.591,71.86,316.27,0.57,36359,-4.756,-42.576
2205607,NA,NA,95,LANDRI SALES,PI,Nordeste,0.584,0.48,0.738,0.563,69.25,266.01,0.54,5207,-7.266,-43.93
2205706,899,746,54516,LUÍS CORREIA,PI,Nordeste,0.541,0.398,0.73,0.544,68.77,236.9,0.59,26036,-2.879,-41.667
2205805,1021,1719,48500,LUZILÂNDIA,PI,Nordeste,0.545,0.42,0.7,0.55,67,245.02,0.51,23952,-3.458,-42.37
2205904,844,1016,34731,MANOEL EMÍDIO,PI,Nordeste,0.573,0.466,0.758,0.534,70.47,222.62,0.55,5041,-8.013,-43.872
2205953,NA,NA,22,MARCOLÂNDIA,PI,Nordeste,0.562,0.438,0.7,0.578,67.02,291.91,0.49,7704,-7.443,-40.661
2206001,2332,1007,38555,MARCOS PARENTE,PI,Nordeste,0.59,0.494,0.717,0.58,68.02,295.66,0.48,4349,-7.121,-43.894
2206100,505,594,22738,MATIAS OLÍMPIO,PI,Nordeste,0.562,0.438,0.779,0.521,71.74,204.46,0.52,10181,-3.716,-42.556
2206209,768,643,27542,MIGUEL ALVES,PI,Nordeste,0.539,0.396,0.742,0.533,69.5,220.05,0.6,31609,-4.166,-42.895
2206407,258,563,15549,MONSENHOR GIL,PI,Nordeste,0.615,0.524,0.781,0.568,71.87,273.95,0.5,10178,-5.564,-42.608
2206605,NA,NA,565,MONTE ALEGRE DO PIAUÍ,PI,Nordeste,0.578,0.474,0.768,0.531,71.1,217.23,0.57,10002,-9.754,-45.304
2206704,NA,NA,134,NAZARÉ DO PIAUÍ,PI,Nordeste,0.576,0.51,0.707,0.531,67.41,218.07,0.56,6748,-6.973,-42.672
2206803,NA,NA,61,NOSSA SENHORA DOS REMÉDIOS,PI,Nordeste,0.533,0.411,0.732,0.503,68.92,183.4,0.48,8014,-3.979,-42.621
2207009,1295,2987,99356,OEIRAS,PI,Nordeste,0.634,0.547,0.753,0.619,70.19,376.95,0.58,34852,-7.025,-42.131
2207207,949,526,19129,PADRE MARCOS,PI,Nordeste,0.541,0.427,0.699,0.531,66.95,217.66,0.52,6390,-7.355,-40.904
2207306,87,237,3584,PAES LANDIM,PI,Nordeste,0.575,0.492,0.721,0.537,68.28,225.53,0.49,3937,-7.778,-42.256
2207504,17,2,599,PALMEIRAIS,PI,Nordeste,0.562,0.443,0.776,0.515,71.57,197.04,0.59,13239,-5.978,-43.063
2207603,390,362,30588,PARNAGUÁ,PI,Nordeste,0.575,0.464,0.777,0.526,71.64,211.44,0.56,9921,-10.227,-44.639
2207702,8039,7446,198608,PARNAÍBA,PI,Nordeste,0.687,0.604,0.816,0.658,73.98,479.58,0.57,144142,-2.905,-41.777
2207801,2158,2081,55192,PAULISTANA,PI,Nordeste,0.6,0.472,0.767,0.596,71,327.06,0.6,18988,-8.144,-41.15
2207900,3464,5645,132306,PEDRO II,PI,Nordeste,0.571,0.428,0.767,0.566,70.99,270.17,0.58,36590,-4.425,-41.459
2208007,5540,7200,186443,PICOS,PI,Nordeste,0.698,0.621,0.8,0.684,73,563.88,0.56,72736,-7.077,-41.467
2208106,NA,NA,6,PIMENTEIRAS,PI,Nordeste,0.566,0.423,0.774,0.553,71.43,249.17,0.57,11405,-6.245,-41.419
2208205,642,665,16014,PIO IX,PI,Nordeste,0.564,0.44,0.758,0.538,70.47,227.79,0.56,16513,-6.838,-40.579
2208304,4155,4755,107534,PIRACURUCA,PI,Nordeste,0.596,0.478,0.77,0.575,71.21,286.63,0.54,27009,-3.928,-41.709
2208403,3357,4485,102437,PIRIPIRI,PI,Nordeste,0.635,0.533,0.775,0.621,71.51,380.67,0.55,61116,-4.273,-41.777
2208502,1261,1587,29732,PORTO,PI,Nordeste,0.549,0.406,0.758,0.537,70.47,226.34,0.57,11669,-3.893,-42.71
2208700,NA,NA,11,REDENÇÃO DO GURGUÉIA,PI,Nordeste,0.589,0.478,0.766,0.557,70.98,255.92,0.57,8199,-9.487,-44.586
2208809,1063,3995,56133,REGENERAÇÃO,PI,Nordeste,0.591,0.498,0.714,0.582,67.85,299.65,0.57,17174,-6.238,-42.688
2208908,415,574,20337,RIBEIRO GONÇALVES,PI,Nordeste,0.601,0.485,0.787,0.568,72.22,274.79,0.57,6645,-7.558,-45.242
2209203,87,117,10545,SANTA FILOMENA,PI,Nordeste,0.544,0.385,0.789,0.53,72.34,216.61,0.59,5861,-9.112,-45.922
2209609,NA,NA,187,SÃO FÉLIX DO PIAUÍ,PI,Nordeste,0.61,0.52,0.742,0.587,69.52,309.48,0.52,3060,-5.933,-42.114
2210003,2335,2443,71772,SÃO JOÃO DO PIAUÍ,PI,Nordeste,0.645,0.567,0.769,0.615,71.16,368.36,0.57,19219,-8.358,-42.247
2210409,480,1095,45774,SÃO MIGUEL DO TAPUIO,PI,Nordeste,0.556,0.434,0.78,0.508,71.8,189.01,0.57,17638,-5.504,-41.323
2210508,1048,1685,50263,SÃO PEDRO DO PIAUÍ,PI,Nordeste,0.595,0.492,0.776,0.553,71.57,249.23,0.56,13117,-5.929,-42.719
2210607,2162,3574,75291,SÃO RAIMUNDO NONATO,PI,Nordeste,0.661,0.587,0.779,0.631,71.75,406.2,0.55,31855,-9.015,-42.699
2210706,3148,1309,44028,SIMÕES,PI,Nordeste,0.575,0.44,0.771,0.56,71.24,261.23,0.51,13963,-7.599,-40.818
2210805,729,1514,48001,SIMPLÍCIO MENDES,PI,Nordeste,0.627,0.525,0.767,0.613,71.01,362.56,0.57,11815,-7.854,-41.91
2210904,NA,NA,18,SOCORRO DO PIAUÍ,PI,Nordeste,0.561,0.465,0.739,0.513,69.35,195.08,0.57,4333,-7.866,-42.491
2211001,52540,63934,1942426,TERESINA,PI,Nordeste,0.751,0.707,0.82,0.731,74.22,757.57,0.61,804229,-5.089,-42.802
2211100,1211,3729,79731,UNIÃO,PI,Nordeste,0.577,0.453,0.781,0.542,71.86,232.7,0.52,41051,-4.586,-42.864
2211209,828,1395,45980,URUÇUÍ,PI,Nordeste,0.631,0.516,0.794,0.614,72.63,364.39,0.53,18910,-7.229,-44.556
2211308,1952,4088,70686,VALENÇA DO PIAUÍ,PI,Nordeste,0.647,0.566,0.773,0.62,71.4,380.19,0.53,20227,-6.408,-41.746
2211407,NA,NA,132,VÁRZEA GRANDE,PI,Nordeste,0.571,0.474,0.708,0.554,67.49,251.64,0.51,4240,-6.545,-42.246
2300150,556,251,17652,ACARAPE,CE,Nordeste,0.606,0.562,0.709,0.559,67.56,259.03,0.43,15179,-4.224,-38.708
2300200,1806,913,61915,ACARAÚ,CE,Nordeste,0.601,0.517,0.758,0.554,70.47,250.79,0.6,55998,-2.886,-40.12
2300309,2292,3085,50464,ACOPIARA,CE,Nordeste,0.595,0.517,0.724,0.563,68.41,266.65,0.57,50274,-6.095,-39.453
2300408,359,394,6651,AIUABA,CE,Nordeste,0.569,0.474,0.749,0.518,69.96,200.6,0.53,15801,-6.574,-40.124
2300705,513,529,19988,ALTO SANTO,CE,Nordeste,0.601,0.499,0.774,0.563,71.44,265.07,0.48,16044,-5.521,-38.272
2300754,979,606,34907,AMONTADA,CE,Nordeste,0.606,0.582,0.761,0.503,70.63,182.47,0.56,37569,-3.361,-39.831
2300903,NA,NA,12,APUIARÉS,CE,Nordeste,0.618,0.593,0.741,0.536,69.44,224.63,0.54,13703,-3.949,-39.432
2301000,26,NA,13,AQUIRAZ,CE,Nordeste,0.641,0.55,0.788,0.608,72.27,352.6,0.48,70471,-3.901,-38.391
2301109,782,989,8980,ARACATI,CE,Nordeste,0.655,0.624,0.742,0.607,69.52,349.26,0.53,68275,-4.562,-37.77
2301208,703,1710,22835,ARACOIABA,CE,Nordeste,0.615,0.556,0.759,0.55,70.56,245.24,0.51,24723,-4.371,-38.814
2301257,762,782,20661,ARARENDÁ,CE,Nordeste,0.59,0.516,0.763,0.522,70.76,205.43,0.53,10290,-4.753,-40.833
2301307,682,530,23781,ARARIPE,CE,Nordeste,0.564,0.459,0.759,0.515,70.54,197.14,0.56,20550,-7.213,-40.046
2301406,3,1,32,ARATUBA,CE,Nordeste,0.622,0.587,0.775,0.53,71.49,215.94,0.49,11293,-4.418,-39.045
2301604,712,1031,38932,ASSARÉ,CE,Nordeste,0.6,0.482,0.783,0.573,71.95,282.6,0.59,21875,-6.874,-39.875
2301703,613,624,12052,AURORA,CE,Nordeste,0.605,0.521,0.764,0.557,70.81,255.78,0.53,24412,-6.943,-38.968
2301802,NA,NA,14,BAIXIO,CE,Nordeste,0.627,0.575,0.763,0.563,70.77,265.94,0.46,5994,-6.73,-38.717
2301851,3,NA,29,BANABUIÚ,CE,Nordeste,0.606,0.53,0.779,0.54,71.71,229.99,0.55,16773,-5.31,-38.921
2301950,438,304,17769,BARREIRA,CE,Nordeste,0.616,0.551,0.771,0.551,71.25,246.69,0.5,19276,-4.287,-38.643
2302008,491,476,11852,BARRO,CE,Nordeste,0.599,0.51,0.758,0.556,70.49,254.44,0.5,21165,-7.177,-38.782
2302057,NA,NA,48,BARROQUINHA,CE,Nordeste,0.571,0.505,0.72,0.512,68.2,192.96,0.55,14183,-3.019,-41.137
2302107,3,NA,NA,BATURITÉ,CE,Nordeste,0.619,0.548,0.753,0.574,70.2,284.88,0.48,32776,-4.329,-38.885
2302206,3499,1005,75856,BEBERIBE,CE,Nordeste,0.638,0.571,0.778,0.585,71.67,304.61,0.55,48203,-4.18,-38.131
2302305,508,476,25426,BELA CRUZ,CE,Nordeste,0.623,0.598,0.76,0.533,70.57,221.07,0.55,30344,-3.051,-40.168
2302404,1503,1385,44567,BOA VIAGEM,CE,Nordeste,0.598,0.504,0.768,0.553,71.09,250.47,0.59,51441,-5.128,-39.732
2302503,1437,1172,44257,BREJO SANTO,CE,Nordeste,0.647,0.592,0.768,0.596,71.06,325.64,0.52,43234,-7.493,-38.985
2302602,1942,1538,66314,CAMOCIM,CE,Nordeste,0.62,0.578,0.729,0.565,68.71,269,0.56,59121,-2.902,-40.841
2302701,964,1059,47734,CAMPOS SALES,CE,Nordeste,0.63,0.556,0.769,0.584,71.11,303.68,0.58,26135,-7.074,-40.376
2302909,418,519,8862,CAPISTRANO,CE,Nordeste,0.611,0.593,0.73,0.527,68.82,211.95,0.57,16415,-4.47,-38.901
2303006,410,327,15700,CARIDADE,CE,Nordeste,0.592,0.505,0.779,0.528,71.74,213.18,0.5,19496,-4.232,-39.193
2303105,823,634,25493,CARIRÉ,CE,Nordeste,0.596,0.526,0.749,0.537,69.92,225.75,0.54,18060,-3.951,-40.473
2303204,1073,909,29750,CARIRIAÇU,CE,Nordeste,0.578,0.483,0.73,0.549,68.81,243.1,0.51,26165,-7.042,-39.284
2303303,NA,NA,22,CARIÚS,CE,Nordeste,0.597,0.519,0.751,0.546,70.07,239.39,0.52,18167,-6.537,-39.497
2303402,778,572,12820,CARNAUBAL,CE,Nordeste,0.593,0.513,0.76,0.536,70.58,224.37,0.53,16504,-4.167,-40.943
2303501,1963,1438,97224,CASCAVEL,CE,Nordeste,0.646,0.578,0.793,0.587,72.57,309.14,0.48,65450,-4.131,-38.236
2303600,2,NA,9,CATARINA,CE,Nordeste,0.618,0.56,0.764,0.551,70.85,246.38,0.51,18496,-6.131,-39.878
2303659,NA,NA,3,CATUNDA,CE,Nordeste,0.609,0.587,0.717,0.537,67.99,225.43,0.53,9778,-4.648,-40.201
2303709,8215,7186,310395,CAUCAIA,CE,Nordeste,0.682,0.632,0.808,0.62,73.48,379.63,0.48,322217,-3.733,-38.656
2303808,877,1002,23765,CEDRO,CE,Nordeste,0.627,0.553,0.753,0.592,70.18,317.69,0.56,24125,-6.607,-39.062
2303907,530,869,26472,CHAVAL,CE,Nordeste,0.586,0.536,0.716,0.524,67.97,208.7,0.5,12435,-3.034,-41.244
2303931,NA,NA,3,CHORÓ,CE,Nordeste,0.585,0.523,0.778,0.493,71.65,171.62,0.58,12467,-4.843,-39.141
2303956,1023,676,19304,CHOROZINHO,CE,Nordeste,0.604,0.522,0.742,0.57,69.53,277.4,0.5,18470,-4.3,-38.497
2304004,748,1063,30572,COREAÚ,CE,Nordeste,0.61,0.568,0.758,0.526,70.5,210.65,0.51,21786,-3.533,-40.657
2304103,669,689,4873,CRATEÚS,CE,Nordeste,0.644,0.55,0.787,0.618,72.24,373.18,0.6,71173,-5.178,-40.678
2304202,5335,5433,149908,CRATO,CE,Nordeste,0.713,0.673,0.822,0.655,74.3,470.46,0.57,120144,-7.234,-39.409
2304236,351,458,14828,CROATÁ,CE,Nordeste,0.59,0.544,0.76,0.497,70.58,176.12,0.57,16601,-4.4,-40.911
2304251,623,592,21282,CRUZ,CE,Nordeste,0.632,0.586,0.752,0.573,70.13,282.51,0.58,22040,-2.918,-40.172
2304269,NA,NA,3,DEPUTADO IRAPUAN PINHEIRO,CE,Nordeste,0.609,0.562,0.742,0.542,69.52,233.15,0.5,8935,-5.917,-39.268
2304301,308,341,14205,FARIAS BRITO,CE,Nordeste,0.633,0.605,0.774,0.541,71.41,231.88,0.54,18380,-6.931,-39.566
2304350,644,192,23382,FORQUILHA,CE,Nordeste,0.644,0.602,0.76,0.583,70.62,300.9,0.45,21550,-3.798,-40.261
2304400,139136,124546,4357846,FORTALEZA,CE,Nordeste,0.754,0.695,0.824,0.749,74.41,846.36,0.61,2424565,-3.717,-38.543
2304459,15,4,652,FORTIM,CE,Nordeste,0.624,0.588,0.734,0.562,69.06,264.14,0.51,14543,-4.452,-37.797
2304509,467,145,7380,FRECHEIRINHA,CE,Nordeste,0.604,0.536,0.746,0.551,69.78,246.03,0.53,12723,-3.76,-40.816
2304608,NA,NA,12,GENERAL SAMPAIO,CE,Nordeste,0.568,0.449,0.744,0.548,69.65,242.1,0.51,6039,-4.053,-39.454
2304657,349,190,5429,GRAÇA,CE,Nordeste,0.57,0.477,0.755,0.514,70.28,195.67,0.55,14826,-4.046,-40.753
2304707,994,1099,40001,GRANJA,CE,Nordeste,0.559,0.453,0.778,0.495,71.68,173.99,0.62,49217,-3.12,-40.826
2304954,307,321,18983,GUAIÚBA,CE,Nordeste,0.617,0.56,0.768,0.546,71.05,239.69,0.47,23745,-4.04,-38.637
2305001,2394,2474,49284,GUARACIABA DO NORTE,CE,Nordeste,0.609,0.528,0.776,0.552,71.57,247.55,0.51,37267,-4.167,-40.748
2305100,1,NA,12,GUARAMIRANGA,CE,Nordeste,0.637,0.61,0.736,0.576,69.14,287.35,0.47,4082,-4.263,-38.933
2305209,562,451,22073,HIDROLÂNDIA,CE,Nordeste,0.597,0.499,0.775,0.549,71.48,243.41,0.51,19193,-4.408,-40.438
2305233,1863,1365,81007,HORIZONTE,CE,Nordeste,0.658,0.61,0.788,0.594,72.3,322.78,0.42,54567,-4.099,-38.496
2305266,NA,NA,3,IBARETAMA,CE,Nordeste,0.577,0.489,0.759,0.517,70.52,199.63,0.55,12447,-4.804,-38.753
2305308,407,687,21715,IBIAPINA,CE,Nordeste,0.608,0.525,0.767,0.559,71.04,258.57,0.47,23300,-3.923,-40.889
2305332,23,NA,1689,IBICUITINGA,CE,Nordeste,0.606,0.571,0.758,0.514,70.5,196.54,0.52,11040,-4.974,-38.639
2305357,405,349,21774,ICAPUÍ,CE,Nordeste,0.616,0.541,0.757,0.572,70.44,280.79,0.47,18182,-4.713,-37.355
2305407,3496,3906,126182,ICÓ,CE,Nordeste,0.606,0.536,0.731,0.568,68.88,274.01,0.55,63867,-6.401,-38.862
2305506,1651,2439,26992,IGUATU,CE,Nordeste,0.677,0.599,0.808,0.642,73.48,434.67,0.54,95794,-6.359,-39.299
2305605,845,695,23982,INDEPENDÊNCIA,CE,Nordeste,0.632,0.592,0.759,0.561,70.51,262.34,0.55,25026,-5.396,-40.309
2305704,375,578,31276,IPAUMIRIM,CE,Nordeste,0.606,0.491,0.729,0.621,68.72,380.61,0.63,11900,-6.79,-38.719
2305803,862,882,46341,IPU,CE,Nordeste,0.618,0.532,0.762,0.583,70.69,301.38,0.56,39955,-4.322,-40.711
2305902,1006,1045,26092,IPUEIRAS,CE,Nordeste,0.573,0.479,0.735,0.534,69.1,222.22,0.56,37204,-4.542,-40.719
2306009,723,445,25879,IRACEMA,CE,Nordeste,0.652,0.632,0.733,0.597,68.97,328.61,0.55,13636,-5.812,-38.306
2306108,508,540,27095,IRAUÇUBA,CE,Nordeste,0.605,0.557,0.755,0.526,70.28,211.75,0.61,20945,-3.746,-39.783
2306207,NA,NA,21,ITAIÇABA,CE,Nordeste,0.656,0.642,0.758,0.581,70.5,296.81,0.44,7244,-4.674,-37.822
2306256,1730,997,52455,ITAITINGA,CE,Nordeste,0.626,0.548,0.768,0.583,71.05,300.15,0.45,34226,-3.969,-38.528
2306306,2106,1153,82465,ITAPAGÉ,CE,Nordeste,0.623,0.568,0.76,0.561,70.57,263.18,0.54,47458,-3.687,-39.586
2306405,900,848,5683,ITAPIPOCA,CE,Nordeste,0.64,0.613,0.761,0.562,70.63,264.08,0.56,113244,-3.494,-39.579
2306504,374,61,8095,ITAPIÚNA,CE,Nordeste,0.604,0.542,0.775,0.525,71.49,209.53,0.5,18212,-4.564,-38.922
2306553,925,589,29789,ITAREMA,CE,Nordeste,0.606,0.558,0.753,0.529,70.2,214.89,0.53,36392,-2.92,-39.915
2306603,1,NA,167,ITATIRA,CE,Nordeste,0.562,0.463,0.747,0.514,69.79,196.02,0.54,18321,-4.529,-39.622
2306702,485,526,23326,JAGUARETAMA,CE,Nordeste,0.612,0.535,0.776,0.552,71.56,247.85,0.56,17573,-5.613,-38.767
2306801,4,NA,47,JAGUARIBARA,CE,Nordeste,0.618,0.559,0.735,0.575,69.1,287.08,0.45,10089,-5.658,-38.62
2306900,1195,1069,39758,JAGUARIBE,CE,Nordeste,0.621,0.543,0.76,0.58,70.6,294.97,0.52,33978,-5.891,-38.622
2307007,1376,959,66361,JAGUARUANA,CE,Nordeste,0.624,0.548,0.779,0.568,71.72,274.9,0.47,31229,-4.834,-37.781
2307106,934,695,24157,JARDIM,CE,Nordeste,0.614,0.542,0.779,0.547,71.72,241.09,0.53,25922,-7.582,-39.298
2307254,373,583,34359,JIJOCA DE JERICOACOARA,CE,Nordeste,0.652,0.625,0.723,0.614,68.35,365.46,0.59,16386,-2.794,-40.513
2307304,11510,10921,428955,JUAZEIRO DO NORTE,CE,Nordeste,0.694,0.642,0.81,0.644,73.58,439.53,0.54,247595,-7.213,-39.315
2307403,775,846,32227,JUCÁS,CE,Nordeste,0.598,0.511,0.772,0.541,71.32,232.22,0.49,23417,-6.525,-39.528
2307502,948,1007,33318,LAVRAS DA MANGABEIRA,CE,Nordeste,0.613,0.515,0.778,0.576,71.65,288.15,0.6,30512,-6.753,-38.972
2307635,3,NA,78,MADALENA,CE,Nordeste,0.61,0.545,0.778,0.536,71.65,225.22,0.58,17434,-4.857,-39.577
2307650,9751,8662,324271,MARACANAÚ,CE,Nordeste,0.686,0.665,0.788,0.617,72.27,372.91,0.43,208429,-3.877,-38.626
2307809,624,893,26698,MARCO,CE,Nordeste,0.612,0.553,0.734,0.564,69.05,266.87,0.54,24117,-3.124,-40.147
2308005,1061,860,28991,MASSAPÊ,CE,Nordeste,0.616,0.554,0.778,0.541,71.7,231.47,0.47,34463,-3.523,-40.343
2308104,782,1114,43272,MAURITI,CE,Nordeste,0.605,0.526,0.772,0.544,71.32,236.11,0.56,43504,-7.389,-38.774
2308203,431,476,27866,MERUOCA,CE,Nordeste,0.618,0.554,0.761,0.559,70.68,258.78,0.47,13405,-3.542,-40.455
2308302,758,765,21967,MILAGRES,CE,Nordeste,0.628,0.569,0.777,0.561,71.61,261.96,0.47,28090,-7.313,-38.946
2308351,NA,NA,3,MILHÃ,CE,Nordeste,0.626,0.558,0.784,0.56,72.01,260.95,0.54,12703,-5.675,-39.194
2308377,1,NA,6,MIRAÍMA,CE,Nordeste,0.592,0.523,0.778,0.51,71.7,191.56,0.64,12546,-3.569,-39.97
2308401,688,659,25937,MISSÃO VELHA,CE,Nordeste,0.622,0.552,0.754,0.579,70.21,293.16,0.57,33826,-7.25,-39.143
2308500,1237,1083,52062,MOMBAÇA,CE,Nordeste,0.582,0.489,0.735,0.549,69.09,243.85,0.54,42063,-5.743,-39.628
2308609,495,452,18272,MONSENHOR TABOSA,CE,Nordeste,0.61,0.538,0.773,0.545,71.37,237.18,0.55,16427,-4.789,-40.063
2308807,10,NA,244,MORAÚJO,CE,Nordeste,0.581,0.516,0.768,0.495,71.1,174.55,0.51,7981,-3.467,-40.681
2308906,495,338,22281,MORRINHOS,CE,Nordeste,0.588,0.511,0.76,0.524,70.57,208.9,0.54,20247,-3.229,-40.125
2309003,450,603,18023,MUCAMBO,CE,Nordeste,0.607,0.541,0.732,0.565,68.91,269.65,0.57,13885,-3.909,-40.747
2309102,596,374,15719,MULUNGU,CE,Nordeste,0.607,0.534,0.759,0.551,70.56,246.35,0.55,11202,-4.306,-38.996
2309201,884,740,14370,NOVA OLINDA,CE,Nordeste,0.625,0.554,0.779,0.567,71.72,272.1,0.57,13842,-7.092,-39.681
2309300,1485,1423,18359,NOVA RUSSAS,CE,Nordeste,0.614,0.524,0.754,0.585,70.25,304.52,0.5,30566,-4.707,-40.563
2309409,622,431,17464,NOVO ORIENTE,CE,Nordeste,0.605,0.526,0.763,0.552,70.79,247.79,0.6,26463,-5.534,-40.774
2309458,772,347,24790,OCARA,CE,Nordeste,0.594,0.519,0.771,0.524,71.25,208.77,0.53,23123,-4.491,-38.597
2309508,770,408,26865,ORÓS,CE,Nordeste,0.636,0.557,0.793,0.582,72.58,298.84,0.49,21249,-6.244,-38.914
2309607,1931,1195,88904,PACAJUS,CE,Nordeste,0.659,0.596,0.788,0.609,72.3,354.78,0.47,61409,-4.173,-38.461
2309706,1538,1184,74088,PACATUBA,CE,Nordeste,0.675,0.652,0.779,0.605,71.75,344.63,0.44,71937,-3.984,-38.62
2309805,262,236,24738,PACOTI,CE,Nordeste,0.635,0.58,0.773,0.571,71.38,279.49,0.5,11489,-4.225,-38.923
2310001,NA,NA,1,PALHANO,CE,Nordeste,0.638,0.628,0.723,0.572,68.35,281.69,0.47,8806,-4.745,-37.959
2310100,1,NA,2,PALMÁCIA,CE,Nordeste,0.622,0.551,0.742,0.59,69.54,315.23,0.63,11685,-4.15,-38.846
2310209,1578,767,59355,PARACURU,CE,Nordeste,0.637,0.581,0.746,0.597,69.73,328.2,0.55,31126,-3.41,-39.031
2310258,836,536,26483,PARAIPABA,CE,Nordeste,0.634,0.602,0.738,0.574,69.25,283.79,0.5,29697,-3.439,-39.148
2310308,107,NA,4619,PARAMBU,CE,Nordeste,0.57,0.46,0.764,0.526,70.85,211.05,0.53,30486,-6.211,-40.694
2310407,NA,NA,3,PARAMOTI,CE,Nordeste,0.583,0.518,0.741,0.515,69.45,196.63,0.52,11062,-4.097,-39.239
2310506,790,778,43891,PEDRA BRANCA,CE,Nordeste,0.603,0.521,0.779,0.541,71.73,231.56,0.5,40881,-5.454,-39.717
2310605,1,NA,11,PENAFORTE,CE,Nordeste,0.646,0.626,0.761,0.566,70.64,271.18,0.45,8164,-7.829,-39.077
2310704,1014,799,28943,PENTECOSTE,CE,Nordeste,0.629,0.604,0.734,0.562,69.06,264.95,0.56,34439,-3.793,-39.27
2310803,417,441,13627,PEREIRO,CE,Nordeste,0.601,0.534,0.776,0.525,71.56,209.49,0.53,15597,-6.045,-38.461
2310852,793,479,21425,PINDORETAMA,CE,Nordeste,0.636,0.588,0.754,0.581,70.25,296.99,0.45,18408,-4.028,-38.306
2310902,26,NA,2308,PIQUET CARNEIRO,CE,Nordeste,0.6,0.523,0.779,0.53,71.73,217.02,0.52,15075,-5.804,-39.418
2311108,776,156,35428,PORTEIRAS,CE,Nordeste,0.622,0.592,0.765,0.531,70.9,218.44,0.49,14888,-7.535,-39.118
2311207,NA,NA,8,POTENGI,CE,Nordeste,0.562,0.441,0.759,0.529,70.54,215.12,0.58,10080,-7.091,-40.027
2311231,NA,NA,23,POTIRETAMA,CE,Nordeste,0.604,0.538,0.754,0.544,70.23,236.09,0.5,5971,-5.668,-38.251
2311264,228,NA,101,QUITERIANÓPOLIS,CE,Nordeste,0.594,0.518,0.774,0.524,71.46,208.58,0.55,19513,-5.843,-40.701
2311306,935,970,7725,QUIXADÁ,CE,Nordeste,0.659,0.624,0.775,0.592,71.52,317.66,0.53,79027,-4.971,-39.015
2311355,69,37,448,QUIXELÔ,CE,Nordeste,0.591,0.52,0.725,0.548,68.49,242.27,0.51,14756,-6.254,-39.202
2311405,2510,2142,54426,QUIXERAMOBIM,CE,Nordeste,0.642,0.567,0.789,0.592,72.33,317.45,0.56,70674,-5.199,-39.293
2311504,7,NA,278,QUIXERÉ,CE,Nordeste,0.622,0.556,0.774,0.56,71.44,260.79,0.44,19188,-5.074,-37.989
2311603,971,440,29039,REDENÇÃO,CE,Nordeste,0.626,0.577,0.75,0.567,70,273.08,0.5,25865,-4.226,-38.731
2311702,370,767,14078,RERIUTABA,CE,Nordeste,0.601,0.509,0.761,0.56,70.63,260.65,0.6,19180,-4.142,-40.582
2311900,349,350,15599,SABOEIRO,CE,Nordeste,0.575,0.499,0.715,0.533,67.87,220.94,0.54,15504,-6.542,-39.907
2311959,NA,NA,12,SALITRE,CE,Nordeste,0.54,0.434,0.732,0.497,68.91,176.75,0.49,15149,-7.285,-40.457
2312007,973,1052,23772,SANTANA DO ACARAÚ,CE,Nordeste,0.587,0.5,0.755,0.536,70.28,224.83,0.66,27608,-3.461,-40.212
2312106,285,291,14757,SANTANA DO CARIRI,CE,Nordeste,0.612,0.557,0.779,0.527,71.72,212.7,0.56,16877,-7.188,-39.737
2312205,1343,1454,48101,SANTA QUITÉRIA,CE,Nordeste,0.616,0.553,0.775,0.546,71.48,238.84,0.56,41939,-4.332,-40.157
2312304,1757,1248,37022,SÃO BENEDITO,CE,Nordeste,0.611,0.531,0.764,0.562,70.84,263.94,0.51,43736,-4.049,-40.865
2312403,2062,1185,54048,SÃO GONÇALO DO AMARANTE,CE,Nordeste,0.665,0.646,0.775,0.587,71.47,309.14,0.51,43103,-3.606,-38.969
2312601,5,NA,304,SÃO LUÍS DO CURU,CE,Nordeste,0.62,0.593,0.719,0.558,68.13,257.9,0.51,12029,-3.67,-39.243
2312908,9829,10067,265592,SOBRAL,CE,Nordeste,0.714,0.675,0.832,0.647,74.93,448.89,0.56,185498,-3.674,-40.239
2313005,1692,1002,44388,SOLONÓPOLE,CE,Nordeste,0.625,0.574,0.754,0.565,70.22,269.25,0.51,17395,-5.733,-39.008
2313104,960,663,41920,TABULEIRO DO NORTE,CE,Nordeste,0.645,0.547,0.791,0.62,72.43,379.75,0.53,28531,-5.247,-38.131
2313203,583,689,12508,TAMBORIL,CE,Nordeste,0.58,0.476,0.779,0.526,71.71,211.64,0.52,25190,-4.832,-40.321
2313302,1748,2675,19507,TAUÁ,CE,Nordeste,0.633,0.56,0.773,0.585,71.4,305.42,0.57,54417,-6.003,-40.293
2313351,NA,NA,13,TEJUÇUOCA,CE,Nordeste,0.584,0.52,0.742,0.517,69.54,199.81,0.52,16561,-3.989,-39.581
2313401,636,905,14206,TIANGUÁ,CE,Nordeste,0.657,0.587,0.768,0.628,71.07,398.29,0.61,68228,-3.732,-40.992
2313500,1231,837,34112,TRAIRI,CE,Nordeste,0.606,0.577,0.739,0.522,69.34,205.89,0.55,49042,-3.278,-39.269
2313609,1201,918,26367,UBAJARA,CE,Nordeste,0.648,0.594,0.769,0.595,71.14,325.13,0.54,31262,-3.854,-40.921
2313757,611,324,27285,UMIRIM,CE,Nordeste,0.587,0.524,0.751,0.514,70.07,195.42,0.53,18370,-3.677,-39.35
2313807,980,642,41943,URUBURETAMA,CE,Nordeste,0.639,0.608,0.76,0.564,70.57,267.47,0.54,19365,-3.625,-39.508
2313906,631,671,23211,URUOCA,CE,Nordeste,0.566,0.485,0.745,0.503,69.7,182.85,0.53,12607,-3.314,-40.557
2313955,871,245,19157,VARJOTA,CE,Nordeste,0.611,0.545,0.728,0.575,68.65,286.41,0.52,17418,-4.194,-40.477
2314003,817,680,32665,VÁRZEA ALEGRE,CE,Nordeste,0.629,0.576,0.759,0.569,70.54,276.17,0.54,37880,-6.789,-39.296
2314102,1438,1537,85013,VIÇOSA DO CEARÁ,CE,Nordeste,0.571,0.475,0.753,0.521,70.2,204.23,0.6,53177,-3.562,-41.092
2400109,887,825,22347,ACARI,RN,Nordeste,0.679,0.634,0.779,0.633,71.73,410.61,0.49,10958,-6.436,-36.639
2400208,5601,4616,114958,AÇU,RN,Nordeste,0.661,0.568,0.795,0.641,72.69,432.38,0.53,52854,-5.577,-36.909
2400307,NA,NA,812,AFONSO BEZERRA,RN,Nordeste,0.585,0.502,0.713,0.56,67.76,261.3,0.53,10666,-5.498,-36.506
2400505,1410,1264,29148,ALEXANDRIA,RN,Nordeste,0.606,0.491,0.779,0.581,71.71,296.5,0.53,13284,-6.413,-38.016
2400604,1564,1335,31406,ALMINO AFONSO,RN,Nordeste,0.624,0.568,0.739,0.578,69.32,291.3,0.49,4818,-6.152,-37.766
2400802,1246,886,44535,ANGICOS,RN,Nordeste,0.624,0.53,0.756,0.606,70.34,347.65,0.51,11421,-5.666,-36.601
2401008,6742,6012,86207,APODI,RN,Nordeste,0.639,0.571,0.747,0.611,69.79,358.66,0.55,34143,-5.664,-37.799
2401107,2519,2034,73869,AREIA BRANCA,RN,Nordeste,0.682,0.621,0.79,0.647,72.38,449.02,0.48,25049,-4.956,-37.137
2401206,839,765,17225,ARÊS,RN,Nordeste,0.606,0.523,0.725,0.587,68.47,309.04,0.53,12632,-6.194,-35.16
2401305,1976,1842,41635,AUGUSTO SEVERO,RN,Nordeste,0.621,0.495,0.774,0.624,71.46,388.39,0.68,9041,-5.864,-37.31
2401453,1345,1212,25658,BARAÚNA,RN,Nordeste,0.574,0.446,0.756,0.562,70.36,263.68,0.42,23639,-5.08,-37.617
2402006,4797,3614,134009,CAICÓ,RN,Nordeste,0.71,0.619,0.824,0.703,74.45,637.13,0.56,61982,-6.458,-37.098
2402204,2089,1764,69778,CANGUARETAMA,RN,Nordeste,0.579,0.486,0.718,0.557,68.07,256.22,0.49,30080,-6.38,-35.129
2402303,583,734,38459,CARAÚBAS,RN,Nordeste,0.638,0.556,0.786,0.594,72.15,321.99,0.54,19038,-5.793,-37.557
2402600,4208,4339,174758,CEARÁ-MIRIM,RN,Nordeste,0.616,0.505,0.774,0.599,71.44,332.89,0.51,66062,-5.634,-35.426
2403004,792,763,16369,CRUZETA,RN,Nordeste,0.654,0.621,0.748,0.602,69.89,339.38,0.42,7925,-6.412,-36.79
2403103,3669,3389,73783,CURRAIS NOVOS,RN,Nordeste,0.691,0.617,0.794,0.673,72.62,526.96,0.58,42019,-6.261,-36.515
2403251,16392,17323,425122,PARNAMIRIM,RN,Nordeste,0.766,0.726,0.825,0.75,74.52,850.44,0.55,200794,-5.916,-35.263
2403608,2556,3057,87557,EXTREMOZ,RN,Nordeste,0.66,0.555,0.808,0.64,73.5,428.65,0.54,24229,-5.706,-35.307
2403806,776,705,29220,FLORÂNIA,RN,Nordeste,0.642,0.56,0.775,0.611,71.51,359,0.49,8911,-6.127,-36.818
2404200,1761,1538,95202,GOIANINHA,RN,Nordeste,0.638,0.537,0.783,0.619,72,377.59,0.55,22066,-6.267,-35.21
2404309,NA,NA,1565,GOVERNADOR DIX-SEPT ROSADO,RN,Nordeste,0.592,0.485,0.759,0.564,70.52,267.12,0.49,11990,-5.459,-37.521
2404705,444,516,34760,IPANGUAÇU,RN,Nordeste,0.603,0.518,0.744,0.568,69.63,273.8,0.48,13652,-5.498,-36.855
2405207,1,NA,557,JANDUÍS,RN,Nordeste,0.615,0.529,0.776,0.567,71.53,272.39,0.47,5289,-6.016,-37.409
2405603,761,623,25348,JARDIM DE PIRANHAS,RN,Nordeste,0.603,0.469,0.792,0.59,72.49,314.6,0.42,13376,-6.379,-37.352
2405702,899,870,13942,JARDIM DO SERIDÓ,RN,Nordeste,0.663,0.584,0.772,0.647,71.31,447.53,0.5,12060,-6.584,-36.774
2405801,2105,1888,45567,JOÃO CÂMARA,RN,Nordeste,0.595,0.484,0.724,0.6,68.45,335.64,0.56,31519,-5.538,-35.82
2406106,645,643,18330,JUCURUTU,RN,Nordeste,0.601,0.492,0.755,0.583,70.28,301.94,0.46,17402,-6.034,-37.02
2406700,406,522,31743,LAJES,RN,Nordeste,0.624,0.557,0.756,0.578,70.37,292.5,0.49,10204,-5.7,-36.245
2407005,1315,912,30964,LUÍS GOMES,RN,Nordeste,0.608,0.531,0.776,0.545,71.56,237.26,0.55,9510,-6.414,-38.389
2407104,3333,3121,111696,MACAÍBA,RN,Nordeste,0.64,0.545,0.784,0.613,72.04,363.97,0.5,68468,-5.858,-35.354
2407203,1944,2130,94216,MACAU,RN,Nordeste,0.665,0.572,0.792,0.65,72.49,457.22,0.5,28589,-5.115,-36.634
2407302,2141,1967,36587,MARCELINO VIEIRA,RN,Nordeste,0.609,0.51,0.776,0.571,71.56,279.42,0.52,8176,-6.294,-38.167
2407401,643,616,41802,MARTINS,RN,Nordeste,0.622,0.538,0.772,0.58,71.31,295.35,0.49,8171,-6.088,-37.911
2407807,1697,1569,41758,MONTE ALEGRE,RN,Nordeste,0.609,0.507,0.77,0.578,71.18,292.15,0.52,20395,-6.068,-35.332
2408003,25344,24279,680589,MOSSORÓ,RN,Nordeste,0.72,0.663,0.811,0.694,73.64,600.28,0.52,257148,-5.188,-37.344
2408102,141560,97499,3497294,NATAL,RN,Nordeste,0.763,0.694,0.835,0.768,75.08,950.34,0.61,797696,-5.795,-35.209
2408201,1653,1196,63007,NÍSIA FLORESTA,RN,Nordeste,0.622,0.518,0.773,0.601,71.37,337.75,0.53,23116,-6.091,-35.209
2408300,1622,2122,90035,NOVA CRUZ,RN,Nordeste,0.629,0.537,0.788,0.589,72.28,313.34,0.52,35064,-6.478,-35.434
2408904,1706,1727,39536,PARELHAS,RN,Nordeste,0.676,0.617,0.802,0.625,73.09,390.54,0.45,20310,-6.688,-36.658
2409308,1886,1748,38558,PATU,RN,Nordeste,0.618,0.513,0.768,0.599,71.07,331.98,0.52,11767,-6.11,-37.637
2409407,7704,4431,108329,PAU DOS FERROS,RN,Nordeste,0.678,0.584,0.803,0.666,73.16,504.82,0.54,27473,-6.111,-38.209
2409704,NA,NA,455,PEDRO AVELINO,RN,Nordeste,0.583,0.435,0.788,0.577,72.27,289.53,0.52,7101,-5.522,-36.388
2409803,586,402,15773,PEDRO VELHO,RN,Nordeste,0.568,0.442,0.738,0.562,69.27,263.8,0.51,13813,-6.439,-35.221
2409902,1252,835,26056,PENDÊNCIAS,RN,Nordeste,0.631,0.526,0.753,0.633,70.17,412.01,0.55,13356,-5.26,-36.722
2410108,484,345,15204,POÇO BRANCO,RN,Nordeste,0.587,0.471,0.766,0.562,70.93,263.9,0.56,13625,-5.623,-35.663
2410207,1369,984,33706,PORTALEGRE,RN,Nordeste,0.621,0.547,0.754,0.581,70.22,296.9,0.52,7202,-6.024,-37.988
2411205,2999,3130,90187,SANTA CRUZ,RN,Nordeste,0.635,0.564,0.761,0.597,70.67,327.61,0.52,35389,-6.229,-36.023
2411403,714,458,16358,SANTANA DO MATOS,RN,Nordeste,0.591,0.482,0.767,0.559,71.04,258.64,0.55,13522,-5.958,-36.656
2411502,1345,1498,46866,SANTO ANTÔNIO,RN,Nordeste,0.62,0.512,0.782,0.595,71.94,323.81,0.57,21963,-6.311,-35.479
2411601,494,457,17073,SÃO BENTO DO NORTE,RN,Nordeste,0.555,0.415,0.76,0.541,70.62,231.17,0.54,2914,-5.093,-35.959
2412005,3661,4631,152098,SÃO GONÇALO DO AMARANTE,RN,Nordeste,0.661,0.564,0.829,0.619,74.72,377.16,0.44,86673,-5.793,-35.329
2412104,540,548,10100,SÃO JOÃO DO SABUGI,RN,Nordeste,0.655,0.581,0.779,0.62,71.73,379.2,0.47,5900,-6.718,-37.201
2412203,2875,1619,70256,SÃO JOSÉ DE MIPIBU,RN,Nordeste,0.611,0.508,0.748,0.599,69.86,331.85,0.55,38918,-6.075,-35.238
2412302,842,866,33049,SÃO JOSÉ DO CAMPESTRE,RN,Nordeste,0.615,0.522,0.789,0.564,72.34,267.55,0.5,12320,-6.316,-35.714
2412500,2329,1978,53133,SÃO MIGUEL,RN,Nordeste,0.606,0.518,0.747,0.574,69.83,285.2,0.53,22030,-6.212,-38.497
2412609,653,869,30545,SÃO PAULO DO POTENGI,RN,Nordeste,0.622,0.555,0.744,0.584,69.63,303.74,0.48,15675,-5.895,-35.763
2412807,NA,NA,1036,SÃO RAFAEL,RN,Nordeste,0.611,0.493,0.787,0.588,72.19,309.77,0.52,7961,-5.799,-36.921
2412906,415,523,27453,SÃO TOMÉ,RN,Nordeste,0.585,0.461,0.77,0.565,71.22,268.71,0.49,10627,-5.973,-36.075
2413409,NA,NA,1155,SERRA NEGRA DO NORTE,RN,Nordeste,0.597,0.468,0.787,0.578,72.22,292.16,0.42,7681,-6.666,-37.397
2413904,1,NA,1078,TAIPU,RN,Nordeste,0.569,0.435,0.778,0.544,71.68,235.78,0.45,11682,-5.622,-35.597
2414001,1789,1484,36511,TANGARÁ,RN,Nordeste,0.608,0.516,0.77,0.566,71.21,270.47,0.52,13816,-6.199,-35.802
2414407,1516,1271,41741,TOUROS,RN,Nordeste,0.572,0.466,0.716,0.562,67.95,264.4,0.52,30635,-5.199,-35.461
2414506,671,810,29011,UMARIZAL,RN,Nordeste,0.618,0.506,0.792,0.59,72.49,313.6,0.51,10505,-5.991,-37.814
2414605,756,1700,16921,UPANEMA,RN,Nordeste,0.596,0.516,0.758,0.542,70.5,233.97,0.54,12674,-5.642,-37.258
2500106,738,602,18978,ÁGUA BRANCA,PB,Nordeste,0.572,0.484,0.712,0.542,67.72,233.65,0.54,9185,-7.512,-37.641
2500304,3381,3734,54556,ALAGOA GRANDE,PB,Nordeste,0.582,0.43,0.797,0.576,72.83,287.94,0.53,27986,-7.089,-35.635
2500403,1762,817,27427,ALAGOA NOVA,PB,Nordeste,0.576,0.451,0.749,0.567,69.93,272.81,0.54,19413,-7.071,-35.758
2500502,1705,1330,23667,ALAGOINHA,PB,Nordeste,0.595,0.462,0.795,0.574,72.72,284.64,0.52,13382,-6.95,-35.545
2500601,1110,658,49482,ALHANDRA,PB,Nordeste,0.582,0.465,0.778,0.544,71.69,236.14,0.45,17476,-7.439,-34.914
2500700,2113,1156,22320,SÃO JOÃO DO RIO DO PEIXE,PB,Nordeste,0.608,0.49,0.782,0.586,71.94,306.87,0.53,18021,-6.729,-38.449
2500809,NA,NA,120,ARAÇAGI,PB,Nordeste,0.549,0.412,0.745,0.54,69.7,230.52,0.53,16680,-6.853,-35.381
2500908,6,NA,33,ARARA,PB,Nordeste,0.548,0.407,0.712,0.569,67.69,276.67,0.54,12567,-6.828,-35.758
2501005,1859,1267,21172,ARARUNA,PB,Nordeste,0.567,0.439,0.758,0.549,70.45,244.02,0.52,18575,-6.558,-35.742
2501104,1105,781,17555,AREIA,PB,Nordeste,0.594,0.467,0.756,0.593,70.34,319.92,0.55,23400,-6.963,-35.692
2501302,18,NA,104,AROEIRAS,PB,Nordeste,0.548,0.411,0.745,0.537,69.71,226.05,0.58,18219,-7.545,-35.708
2501500,1405,759,17551,BANANEIRAS,PB,Nordeste,0.568,0.43,0.766,0.555,70.98,253.3,0.59,20830,-6.75,-35.633
2501609,12,NA,74,BARRA DE SANTA ROSA,PB,Nordeste,0.562,0.434,0.753,0.542,70.2,233.51,0.52,14006,-6.72,-36.061
2501807,5698,3170,114272,BAYEUX,PB,Nordeste,0.649,0.566,0.779,0.619,71.73,376.74,0.46,99498,-7.125,-34.932
2501906,1664,1147,34937,BELÉM,PB,Nordeste,0.592,0.492,0.759,0.557,70.55,256.2,0.49,16832,-6.747,-35.519
2502409,NA,NA,372,BONITO DE SANTA FÉ,PB,Nordeste,0.574,0.427,0.786,0.564,72.18,267.09,0.52,10625,-7.313,-38.515
2502508,2009,1052,39856,BOQUEIRÃO,PB,Nordeste,0.607,0.496,0.763,0.592,70.79,319.11,0.46,16786,-7.482,-36.135
2502805,19,NA,821,BREJO DO CRUZ,PB,Nordeste,0.597,0.463,0.798,0.575,72.85,287.2,0.47,12922,-6.349,-37.498
2503001,950,722,50149,CAAPORÃ,PB,Nordeste,0.602,0.509,0.757,0.565,70.41,268.46,0.47,20007,-7.516,-34.908
2503100,7,NA,21,CABACEIRAS,PB,Nordeste,0.611,0.523,0.759,0.574,70.54,283.93,0.46,5006,-7.489,-36.287
2503209,9497,5834,166402,CABEDELO,PB,Nordeste,0.748,0.651,0.822,0.782,74.31,1036.21,0.7,56619,-6.981,-34.834
2503506,2,NA,36,CACIMBA DE DENTRO,PB,Nordeste,0.564,0.419,0.777,0.551,71.59,246.21,0.53,16434,-6.642,-35.79
2503605,23,NA,1,CAIÇARA,PB,Nordeste,0.592,0.488,0.733,0.58,68.96,294.68,0.51,7134,-6.554,-35.411
2503704,4635,2684,89400,CAJAZEIRAS,PB,Nordeste,0.679,0.574,0.815,0.668,73.87,511.56,0.56,57745,-6.89,-38.562
2504009,45086,24565,689924,CAMPINA GRANDE,PB,Nordeste,0.72,0.654,0.812,0.702,73.73,630.03,0.58,382105,-7.231,-35.881
2504306,9393,4100,85203,CATOLÉ DO ROCHA,PB,Nordeste,0.64,0.539,0.787,0.617,72.23,371.92,0.5,28540,-6.344,-37.747
2504405,3569,1526,28826,CONCEIÇÃO,PB,Nordeste,0.592,0.476,0.754,0.577,70.23,290.63,0.56,17962,-7.562,-38.509
2504603,2040,775,34330,CONDE,PB,Nordeste,0.618,0.5,0.797,0.591,72.84,316.81,0.52,20604,-7.26,-34.908
2504801,1747,949,23644,COREMAS,PB,Nordeste,0.592,0.452,0.794,0.578,72.65,291.3,0.51,14953,-7.014,-37.946
2504900,8,NA,180,CRUZ DO ESPÍRITO SANTO,PB,Nordeste,0.552,0.408,0.778,0.531,71.66,217.47,0.43,15874,-7.14,-35.086
2505105,2821,1892,38451,CUITÉ,PB,Nordeste,0.591,0.47,0.766,0.574,70.96,284.57,0.51,19533,-6.485,-36.157
2506004,2960,1477,44787,ESPERANÇA,PB,Nordeste,0.623,0.526,0.767,0.598,71.04,330.66,0.54,30353,-7.023,-35.86
2506301,7864,4727,129286,GUARABIRA,PB,Nordeste,0.673,0.586,0.812,0.641,73.73,430.83,0.53,54776,-6.855,-35.49
2506400,1022,662,18270,GURINHÉM,PB,Nordeste,0.556,0.435,0.728,0.544,68.67,235.88,0.45,13717,-7.124,-35.424
2506806,1904,1348,31593,INGÁ,PB,Nordeste,0.592,0.471,0.768,0.573,71.07,282.85,0.49,17871,-7.268,-35.613
2506905,3056,1994,136378,ITABAIANA,PB,Nordeste,0.613,0.536,0.727,0.592,68.63,319.34,0.5,24297,-7.329,-35.333
2507002,4554,2678,59810,ITAPORANGA,PB,Nordeste,0.615,0.517,0.742,0.607,69.54,349.02,0.5,22826,-7.304,-38.15
2507309,1076,629,25215,JACARAÚ,PB,Nordeste,0.558,0.435,0.72,0.554,68.18,250.76,0.54,13642,-6.612,-35.293
2507507,125072,62195,2632482,JOÃO PESSOA,PB,Nordeste,0.763,0.693,0.832,0.77,74.89,964.82,0.62,712984,-7.115,-34.863
2507705,1388,490,24269,JUAZEIRINHO,PB,Nordeste,0.567,0.435,0.753,0.557,70.2,255.68,0.51,16453,-7.068,-36.578
2508604,NA,NA,108,LUCENA,PB,Nordeste,0.583,0.469,0.734,0.577,69.03,289.29,0.55,11561,-6.9,-34.869
2508802,NA,NA,384,MALTA,PB,Nordeste,0.642,0.533,0.8,0.62,73.01,378.53,0.58,5580,-6.904,-37.522
2508901,3751,2165,82181,MAMANGUAPE,PB,Nordeste,0.585,0.453,0.756,0.585,70.33,305.46,0.52,41692,-6.839,-35.126
2509107,NA,NA,204,MARI,PB,Nordeste,0.548,0.429,0.692,0.553,66.5,250.22,0.46,20940,-7.06,-35.319
2509701,2440,1181,69284,MONTEIRO,PB,Nordeste,0.628,0.558,0.709,0.625,67.51,392.05,0.57,30232,-7.889,-37.12
2510808,15628,8137,159543,PATOS,PB,Nordeste,0.701,0.628,0.821,0.667,74.26,508.52,0.56,99970,-7.024,-37.28
2510907,6,NA,NA,PAULISTA,PB,Nordeste,0.587,0.461,0.747,0.587,69.79,308.48,0.49,11679,-6.594,-37.624
2511202,1572,735,22268,PEDRAS DE FOGO,PB,Nordeste,0.59,0.468,0.771,0.568,71.23,273.39,0.53,26427,-7.402,-35.116
2511301,4419,2768,62663,PIANCÓ,PB,Nordeste,0.621,0.55,0.736,0.593,69.17,321.21,0.53,14888,-7.198,-37.929
2511400,1637,994,36408,PICUÍ,PB,Nordeste,0.608,0.506,0.745,0.596,69.7,326.53,0.53,17998,-6.555,-36.349
2511509,42,NA,266,PILAR,PB,Nordeste,0.579,0.461,0.775,0.544,71.52,236.08,0.49,10987,-7.267,-35.26
2511608,1,NA,1152,PILÕES,PB,Nordeste,0.56,0.409,0.767,0.559,70.99,259,0.59,6811,-6.902,-35.623
2511806,4,NA,78,PIRPIRITUBA,PB,Nordeste,0.595,0.499,0.745,0.566,69.69,270.98,0.52,10106,-6.78,-35.499
2512002,1203,606,24613,POCINHOS,PB,Nordeste,0.591,0.477,0.779,0.556,71.73,253.75,0.46,16827,-7.077,-36.061
2512101,2678,1663,78536,POMBAL,PB,Nordeste,0.634,0.515,0.787,0.629,72.22,401.6,0.54,31964,-6.77,-37.802
2512200,8,NA,96,PRATA,PB,Nordeste,0.608,0.514,0.772,0.566,71.31,271.47,0.44,3778,-7.691,-37.08
2512309,3587,1591,31566,PRINCESA ISABEL,PB,Nordeste,0.606,0.514,0.72,0.6,68.19,334.74,0.47,21014,-7.737,-37.993
2512507,2780,1474,38864,QUEIMADAS,PB,Nordeste,0.608,0.489,0.796,0.578,72.73,292.5,0.46,40645,-7.358,-35.898
2512705,1670,897,22369,REMÍGIO,PB,Nordeste,0.607,0.474,0.797,0.592,72.83,319.14,0.55,17271,-6.903,-35.834
2512903,1489,882,39287,RIO TINTO,PB,Nordeste,0.585,0.48,0.742,0.562,69.51,264.5,0.5,22263,-6.803,-35.081
2513406,2369,1261,20254,SANTA LUZIA,PB,Nordeste,0.682,0.635,0.804,0.62,73.23,379.3,0.51,14649,-6.872,-36.919
2513604,89,NA,234,SANTANA DOS GARROTES,PB,Nordeste,0.594,0.479,0.772,0.568,71.3,274.26,0.48,7173,-7.384,-37.986
2513703,7113,4135,185613,SANTA RITA,PB,Nordeste,0.627,0.534,0.774,0.597,71.43,328.16,0.46,118347,-7.114,-34.978
2513901,2935,1232,51419,SÃO BENTO,PB,Nordeste,0.58,0.424,0.769,0.597,71.16,328.99,0.47,30737,-6.486,-37.451
2514008,1,NA,45,SÃO JOÃO DO CARIRI,PB,Nordeste,0.622,0.488,0.797,0.618,72.79,373.55,0.53,4281,-7.391,-36.533
2514503,1545,837,35615,SÃO JOSÉ DE PIRANHAS,PB,Nordeste,0.591,0.461,0.755,0.594,70.31,321.53,0.5,18787,-7.121,-38.502
2514909,NA,NA,175,SÃO MAMEDE,PB,Nordeste,0.641,0.558,0.765,0.617,70.87,371.01,0.52,7723,-6.927,-37.096
2515302,5649,2738,86690,SAPÉ,PB,Nordeste,0.569,0.461,0.711,0.563,67.64,266.29,0.5,47888,-7.095,-35.233
2515500,1598,1142,23290,SERRA BRANCA,PB,Nordeste,0.628,0.537,0.77,0.598,71.22,330.05,0.48,12806,-7.483,-36.665
2515906,2,NA,1,SERRARIA,PB,Nordeste,0.547,0.392,0.779,0.536,71.71,224.2,0.5,6127,-6.82,-35.633
2516003,2416,1076,45646,SOLÂNEA,PB,Nordeste,0.595,0.468,0.762,0.592,70.69,318.38,0.56,26426,-6.778,-35.697
2516102,2095,859,24392,SOLEDADE,PB,Nordeste,0.616,0.506,0.772,0.598,71.31,330.05,0.51,13633,-7.057,-36.363
2516201,9536,5547,135837,SOUSA,PB,Nordeste,0.668,0.567,0.814,0.645,73.84,443.81,0.54,64883,-6.761,-38.231
2516300,668,753,32387,SUMÉ,PB,Nordeste,0.627,0.534,0.765,0.602,70.88,339.68,0.5,15844,-7.672,-36.88
2516508,1373,716,18985,TAPEROÁ,PB,Nordeste,0.578,0.456,0.749,0.564,69.92,267.88,0.48,14637,-7.207,-36.827
2516706,1984,1015,43417,TEIXEIRA,PB,Nordeste,0.605,0.527,0.741,0.566,69.46,271.44,0.55,13921,-7.223,-37.254
2516904,NA,NA,132,UIRAÚNA,PB,Nordeste,0.636,0.528,0.797,0.612,72.82,361.37,0.54,14417,-6.518,-38.412
2517001,921,839,23871,UMBUZEIRO,PB,Nordeste,0.584,0.514,0.712,0.545,67.69,237.25,0.54,9068,-7.696,-35.664
2600054,2608,2495,68735,ABREU E LIMA,PE,Nordeste,0.679,0.632,0.791,0.625,72.46,390.4,0.45,93526,-7.912,-34.903
2600104,2046,2066,72486,AFOGADOS DA INGAZEIRA,PE,Nordeste,0.657,0.565,0.807,0.623,73.39,386.56,0.56,34539,-7.751,-37.639
2600203,545,426,33921,AFRÂNIO,PE,Nordeste,0.588,0.493,0.761,0.542,70.68,233.59,0.53,17009,-8.515,-41.005
2600302,437,509,20521,AGRESTINA,PE,Nordeste,0.592,0.47,0.76,0.581,70.57,297.02,0.48,22531,-8.458,-35.945
2600401,822,774,24866,ÁGUA PRETA,PE,Nordeste,0.553,0.432,0.761,0.514,70.64,195.47,0.49,31634,-8.707,-35.531
2600500,778,1211,36178,ÁGUAS BELAS,PE,Nordeste,0.526,0.385,0.691,0.546,66.44,239.3,0.58,38943,-9.111,-37.123
2600609,394,913,26558,ALAGOINHA,PE,Nordeste,0.599,0.472,0.801,0.569,73.04,275.5,0.49,13480,-8.466,-36.776
2600708,983,938,31223,ALIANÇA,PE,Nordeste,0.604,0.488,0.799,0.565,72.93,269.86,0.49,36848,-7.603,-35.231
2600807,254,428,22484,ALTINHO,PE,Nordeste,0.598,0.482,0.792,0.559,72.54,259.21,0.51,21736,-8.49,-36.059
2600906,215,343,19609,AMARAJI,PE,Nordeste,0.58,0.454,0.748,0.575,69.89,286.59,0.5,21836,-8.383,-35.453
2601003,136,148,10843,ANGELIM,PE,Nordeste,0.572,0.448,0.751,0.555,70.08,253.26,0.58,9825,-8.89,-36.286
2601102,2334,2656,135071,ARARIPINA,PE,Nordeste,0.602,0.467,0.785,0.595,72.12,324.01,0.56,75040,-7.576,-40.498
2601201,2781,2874,64439,ARCOVERDE,PE,Nordeste,0.667,0.567,0.799,0.654,72.95,469.53,0.58,67713,-8.419,-37.054
2601409,923,1036,34361,BARREIROS,PE,Nordeste,0.586,0.491,0.73,0.561,68.82,263.2,0.54,37384,-8.818,-35.186
2601508,109,167,3978,BELÉM DE MARIA,PE,Nordeste,0.578,0.479,0.749,0.537,69.95,226.82,0.47,11134,-8.614,-35.809
2601607,471,392,30820,BELÉM DO SÃO FRANCISCO,PE,Nordeste,0.642,0.553,0.784,0.611,72.06,357.77,0.63,19557,-8.758,-38.964
2601706,2147,2455,84121,BELO JARDIM,PE,Nordeste,0.629,0.514,0.783,0.617,71.95,372.93,0.51,71841,-8.336,-36.424
2601805,245,215,6773,BETÂNIA,PE,Nordeste,0.559,0.441,0.742,0.533,69.53,220.19,0.55,11554,-8.276,-38.034
2601904,1358,1318,44411,BEZERROS,PE,Nordeste,0.606,0.487,0.752,0.608,70.1,351.75,0.52,58193,-8.233,-35.797
2602001,898,1669,37286,BODOCÓ,PE,Nordeste,0.565,0.445,0.745,0.543,69.67,234.36,0.55,34476,-7.778,-39.941
2602100,990,1216,56845,BOM CONSELHO,PE,Nordeste,0.563,0.433,0.704,0.585,67.22,305.57,0.62,44385,-9.17,-36.68
2602209,746,639,47369,BOM JARDIM,PE,Nordeste,0.602,0.515,0.767,0.552,70.99,248.98,0.48,37212,-7.796,-35.587
2602308,660,733,45098,BONITO,PE,Nordeste,0.561,0.42,0.754,0.559,70.26,258.52,0.55,36915,-8.47,-35.729
2602407,148,168,4564,BREJÃO,PE,Nordeste,0.547,0.417,0.725,0.54,68.51,230.85,0.49,8686,-9.03,-36.569
2602605,823,932,36058,BREJO DA MADRE DE DEUS,PE,Nordeste,0.562,0.417,0.734,0.581,69.06,296.7,0.47,44827,-8.146,-36.371
2602704,42,129,7103,BUENOS AIRES,PE,Nordeste,0.593,0.481,0.778,0.556,71.66,254.03,0.45,12285,-7.726,-35.327
2602803,1163,1138,55012,BUÍQUE,PE,Nordeste,0.527,0.395,0.746,0.497,69.75,176.76,0.57,49892,-8.623,-37.156
2602902,6571,27919,1615516,CABO DE SANTO AGOSTINHO,PE,Nordeste,0.686,0.609,0.812,0.654,73.74,467.07,0.53,183573,-8.287,-35.035
2603009,1463,1166,59439,CABROBÓ,PE,Nordeste,0.623,0.539,0.773,0.581,71.39,298.14,0.58,30280,-8.512,-39.307
2603108,283,368,29780,CACHOEIRINHA,PE,Nordeste,0.579,0.439,0.753,0.587,70.18,308.18,0.48,18494,-8.486,-36.233
2603207,546,607,23727,CAETÉS,PE,Nordeste,0.522,0.392,0.732,0.497,68.94,176.77,0.6,23051,-8.773,-36.623
2603306,200,131,4055,CALÇADO,PE,Nordeste,0.566,0.468,0.731,0.529,68.84,215.47,0.53,10916,-8.742,-36.334
2603454,39455,11027,817678,CAMARAGIBE,PE,Nordeste,0.692,0.628,0.805,0.656,73.28,473.78,0.51,143337,-8.022,-34.981
2603504,363,279,16455,CAMOCIM DE SÃO FÉLIX,PE,Nordeste,0.588,0.472,0.738,0.585,69.25,305.53,0.53,16958,-8.359,-35.762
2603702,455,371,15800,CANHOTINHO,PE,Nordeste,0.541,0.403,0.725,0.543,68.48,234.75,0.52,22835,-8.882,-36.191
2603801,247,350,12751,CAPOEIRAS,PE,Nordeste,0.549,0.419,0.746,0.529,69.74,215.71,0.5,18891,-8.735,-36.627
2603900,639,654,19418,CARNAÍBA,PE,Nordeste,0.583,0.505,0.727,0.54,68.62,229.87,0.53,18142,-7.805,-37.794
2604007,3083,4423,92497,CARPINA,PE,Nordeste,0.68,0.619,0.806,0.63,73.36,403.76,0.5,74096,-7.851,-35.255
2604106,21792,17154,603397,CARUARU,PE,Nordeste,0.677,0.569,0.799,0.681,72.96,553.99,0.53,310677,-8.283,-35.976
2604205,917,600,25144,CATENDE,PE,Nordeste,0.609,0.515,0.76,0.578,70.59,292.74,0.54,36256,-8.667,-35.717
2604502,268,340,13103,CHÃ GRANDE,PE,Nordeste,0.599,0.443,0.803,0.603,73.18,341.34,0.55,19808,-8.238,-35.462
2604601,471,597,23644,CONDADO,PE,Nordeste,0.602,0.527,0.713,0.581,67.79,297.68,0.53,23291,-7.586,-35.106
2604700,398,400,10450,CORRENTES,PE,Nordeste,0.536,0.385,0.726,0.551,68.57,247.2,0.52,16993,-9.129,-36.33
2604809,177,518,14596,CORTÊS,PE,Nordeste,0.568,0.478,0.707,0.541,67.42,232.22,0.47,12150,-8.47,-35.541
2604908,292,172,7182,CUMARU,PE,Nordeste,0.572,0.47,0.72,0.553,68.18,249.32,0.5,16669,-8.006,-35.697
2605004,614,523,31034,CUPIRA,PE,Nordeste,0.592,0.453,0.763,0.601,70.8,336.81,0.49,23166,-8.617,-35.95
2605103,993,675,34302,CUSTÓDIA,PE,Nordeste,0.594,0.489,0.706,0.607,67.33,350,0.53,33202,-8.088,-37.643
2605202,1591,1197,85975,ESCADA,PE,Nordeste,0.632,0.543,0.781,0.594,71.83,322.46,0.46,63055,-8.359,-35.224
2605301,1176,1496,34581,EXU,PE,Nordeste,0.576,0.454,0.775,0.543,71.47,234.83,0.57,31096,-7.512,-39.724
2605400,273,402,24110,FEIRA NOVA,PE,Nordeste,0.6,0.46,0.807,0.581,73.43,296.5,0.48,20196,-7.951,-35.389
2605459,272,173,7535,FERNANDO DE NORONHA,PE,Nordeste,0.788,0.748,0.839,0.781,75.36,1034.14,0.46,2127,-3.84,-32.411
2605509,407,441,21590,FERREIROS,PE,Nordeste,0.622,0.519,0.787,0.589,72.24,311.83,0.5,11364,-7.448,-35.244
2605608,466,504,22834,FLORES,PE,Nordeste,0.556,0.423,0.745,0.544,69.67,236.31,0.5,21612,-7.866,-37.975
2605707,476,452,43091,FLORESTA,PE,Nordeste,0.626,0.538,0.775,0.588,71.52,310.39,0.52,28900,-8.601,-38.568
2605905,357,393,14707,GAMELEIRA,PE,Nordeste,0.602,0.532,0.759,0.541,70.54,231.5,0.46,27485,-8.584,-35.387
2606002,7789,19518,323674,GARANHUNS,PE,Nordeste,0.664,0.556,0.795,0.662,72.69,492.44,0.59,127599,-8.89,-36.493
2606101,607,512,22620,GLÓRIA DO GOITÁ,PE,Nordeste,0.604,0.506,0.765,0.57,70.88,278.33,0.52,28570,-8.002,-35.293
2606200,4319,4953,60977,GOIANA,PE,Nordeste,0.651,0.576,0.779,0.614,71.75,364.77,0.54,74701,-7.561,-35.003
2606408,10903,2867,340835,GRAVATÁ,PE,Nordeste,0.634,0.51,0.794,0.63,72.63,402.96,0.53,75502,-8.201,-35.565
2606507,348,472,12581,IATI,PE,Nordeste,0.528,0.369,0.768,0.518,71.09,200.95,0.55,17460,-9.046,-36.846
2606606,601,634,26043,IBIMIRIM,PE,Nordeste,0.552,0.446,0.706,0.533,67.33,220.98,0.51,26198,-8.541,-37.69
2606705,108,150,5421,IBIRAJUBA,PE,Nordeste,0.58,0.476,0.753,0.545,70.16,238.23,0.47,7395,-8.581,-36.179
2606804,3344,3630,137341,IGARASSU,PE,Nordeste,0.665,0.606,0.781,0.622,71.83,384.1,0.48,101048,-7.834,-34.906
2607000,493,482,20184,INAJÁ,PE,Nordeste,0.523,0.4,0.711,0.503,67.66,182.73,0.6,18104,-8.903,-37.827
2607208,2429,2503,99201,IPOJUCA,PE,Nordeste,0.619,0.499,0.774,0.613,71.44,362.68,0.5,79377,-8.399,-35.064
2607307,454,1874,37880,IPUBI,PE,Nordeste,0.55,0.433,0.712,0.541,67.72,231.47,0.53,27298,-7.652,-40.149
2607505,512,520,15213,ITAÍBA,PE,Nordeste,0.51,0.364,0.688,0.531,66.25,218.32,0.51,25335,-8.948,-37.423
2607604,442,609,28855,ILHA DE ITAMARACÁ,PE,Nordeste,0.653,0.548,0.809,0.627,73.55,394.85,0.6,18029,-7.748,-34.826
2607653,485,655,30611,ITAMBÉ,PE,Nordeste,0.575,0.463,0.727,0.566,68.59,271,0.5,34644,-7.41,-35.113
2607703,663,595,20455,ITAPETIM,PE,Nordeste,0.592,0.494,0.704,0.598,67.25,331.14,0.55,13568,-7.378,-37.19
2607752,713,458,31886,ITAPISSUMA,PE,Nordeste,0.633,0.564,0.764,0.589,70.85,312.47,0.54,22741,-7.776,-34.892
2607802,250,335,13014,ITAQUITINGA,PE,Nordeste,0.586,0.509,0.715,0.554,67.87,251.09,0.45,15483,-7.668,-35.102
2607901,91696,52094,1221253,JABOATÃO DOS GUARARAPES,PE,Nordeste,0.717,0.642,0.83,0.692,74.82,593.9,0.58,640722,-8.113,-35.015
2608008,94,139,9097,JATAÚBA,PE,Nordeste,0.53,0.381,0.712,0.549,67.74,244.26,0.49,15429,-7.99,-36.496
2608107,433,394,33024,JOÃO ALFREDO,PE,Nordeste,0.576,0.466,0.72,0.569,68.18,276.15,0.49,29743,-7.856,-35.588
2608206,198,160,5544,JOAQUIM NABUCO,PE,Nordeste,0.554,0.449,0.676,0.561,65.55,263.01,0.48,15584,-8.624,-35.533
2608305,447,432,21261,JUPI,PE,Nordeste,0.575,0.487,0.698,0.56,66.88,260.42,0.5,13490,-8.712,-36.415
2608404,351,502,13124,JUREMA,PE,Nordeste,0.509,0.372,0.681,0.522,65.87,206.22,0.51,14200,-8.718,-36.136
2608503,324,346,16339,LAGOA DE ITAENGA,PE,Nordeste,0.602,0.509,0.774,0.555,71.44,252.8,0.45,20478,-7.936,-35.29
2608602,229,322,7729,LAGOA DO OURO,PE,Nordeste,0.525,0.369,0.733,0.536,68.99,224.13,0.51,11910,-9.127,-36.459
2608701,255,389,8224,LAGOA DOS GATOS,PE,Nordeste,0.551,0.416,0.725,0.555,68.49,253.4,0.5,15326,-8.658,-35.9
2608750,524,500,16817,LAGOA GRANDE,PE,Nordeste,0.597,0.52,0.705,0.581,67.28,296.99,0.52,22217,-8.997,-40.272
2608800,821,761,41917,LAJEDO,PE,Nordeste,0.611,0.503,0.758,0.599,70.5,333.52,0.5,36230,-8.664,-36.32
2608909,3171,3244,115312,LIMOEIRO,PE,Nordeste,0.663,0.583,0.797,0.628,72.81,398.37,0.51,53690,-7.875,-35.45
2609006,796,599,18127,MACAPARANA,PE,Nordeste,0.609,0.508,0.778,0.571,71.7,278.93,0.51,23535,-7.555,-35.453
2609204,414,362,19365,MARAIAL,PE,Nordeste,0.534,0.403,0.698,0.541,66.85,232.31,0.54,11704,-8.803,-35.829
2609303,737,932,27033,MIRANDIBA,PE,Nordeste,0.591,0.525,0.769,0.512,71.12,193.86,0.58,13479,-8.119,-38.728
2609402,1021,830,41522,MORENO,PE,Nordeste,0.652,0.564,0.805,0.61,73.28,356.7,0.53,55929,-8.119,-35.092
2609501,711,586,37790,NAZARÉ DA MATA,PE,Nordeste,0.662,0.604,0.789,0.608,72.31,351.46,0.49,30500,-7.742,-35.228
2609600,33947,30034,747711,OLINDA,PE,Nordeste,0.735,0.675,0.836,0.704,75.16,640.13,0.55,375479,-8.009,-34.855
2609709,456,569,19821,OROBÓ,PE,Nordeste,0.61,0.528,0.787,0.545,72.19,237.64,0.52,21621,-7.745,-35.602
2609808,673,798,23176,OROCÓ,PE,Nordeste,0.61,0.553,0.766,0.536,70.96,224.41,0.51,12934,-8.62,-39.602
2609907,911,2491,91296,OURICURI,PE,Nordeste,0.572,0.419,0.773,0.578,71.4,291.75,0.6,60970,-7.883,-40.082
2610004,2424,2826,58274,PALMARES,PE,Nordeste,0.622,0.55,0.744,0.588,69.62,311.09,0.49,57361,-8.683,-35.592
2610103,97,279,9684,PALMEIRINA,PE,Nordeste,0.549,0.438,0.681,0.554,65.87,251.44,0.51,8134,-9.004,-36.326
2610202,743,466,44801,PANELAS,PE,Nordeste,0.569,0.433,0.778,0.546,71.68,238.61,0.56,24776,-8.664,-36.006
2610400,450,846,24041,PARNAMIRIM,PE,Nordeste,0.599,0.499,0.776,0.556,71.58,255.27,0.59,19680,-8.091,-39.578
2610509,419,491,19162,PASSIRA,PE,Nordeste,0.592,0.487,0.763,0.559,70.78,259.04,0.5,27610,-7.995,-35.581
2610608,756,1097,36147,PAUDALHO,PE,Nordeste,0.639,0.545,0.782,0.612,71.92,360.06,0.56,50311,-7.897,-35.18
2610707,124289,41932,1482806,PAULISTA,PE,Nordeste,0.732,0.703,0.83,0.673,74.77,528.04,0.49,299400,-7.941,-34.873
2610806,351,470,26123,PEDRA,PE,Nordeste,0.567,0.445,0.743,0.55,69.59,244.48,0.53,20465,-8.497,-36.941
2610905,3056,4137,82378,PESQUEIRA,PE,Nordeste,0.61,0.506,0.751,0.597,70.04,329.16,0.56,61383,-8.358,-36.696
2611002,1013,1119,48020,PETROLÂNDIA,PE,Nordeste,0.623,0.531,0.755,0.604,70.3,344.04,0.55,32257,-9.069,-38.303
2611101,17823,18578,546624,PETROLINA,PE,Nordeste,0.697,0.611,0.799,0.695,72.95,605.06,0.62,290022,-9.393,-40.508
2611200,241,554,11453,POÇÃO,PE,Nordeste,0.528,0.402,0.677,0.542,65.59,233.91,0.54,10783,-8.186,-36.705
2611309,484,588,28215,POMBOS,PE,Nordeste,0.598,0.463,0.79,0.584,72.42,302.97,0.48,23430,-8.141,-35.396
2611408,92,183,9147,PRIMAVERA,PE,Nordeste,0.58,0.444,0.767,0.572,71.03,281.27,0.44,13099,-8.331,-35.354
2611507,353,531,19071,QUIPAPÁ,PE,Nordeste,0.552,0.427,0.743,0.53,69.57,215.92,0.48,23881,-8.828,-36.012
2611606,171204,158944,5553951,RECIFE,PE,Nordeste,0.772,0.698,0.825,0.798,74.5,1144.26,0.68,1522583,-8.054,-34.881
2611705,271,270,9514,RIACHO DAS ALMAS,PE,Nordeste,0.57,0.418,0.757,0.586,70.39,306.61,0.51,18647,-8.134,-35.856
2611804,543,645,52167,RIBEIRÃO,PE,Nordeste,0.602,0.516,0.711,0.595,67.68,324.47,0.5,43834,-8.514,-35.378
2611903,482,422,15980,RIO FORMOSO,PE,Nordeste,0.613,0.506,0.809,0.562,73.56,264.16,0.44,21272,-8.664,-35.159
2612000,171,208,8681,SAIRÉ,PE,Nordeste,0.585,0.44,0.784,0.581,72.05,297.91,0.45,10980,-8.328,-35.706
2612208,1902,2379,92729,SALGUEIRO,PE,Nordeste,0.669,0.58,0.799,0.645,72.92,441.79,0.59,55601,-8.067,-39.12
2612307,1329,1243,36077,SALOÁ,PE,Nordeste,0.559,0.421,0.744,0.559,69.61,259.1,0.55,14843,-8.976,-36.688
2612406,613,1313,25813,SANHARÓ,PE,Nordeste,0.603,0.514,0.758,0.564,70.47,267.58,0.51,21746,-8.361,-36.566
2612505,3649,3198,132599,SANTA CRUZ DO CAPIBARIBE,PE,Nordeste,0.648,0.506,0.806,0.667,73.35,507.05,0.45,86534,-7.957,-36.205
2612604,417,730,27891,SANTA MARIA DA BOA VISTA,PE,Nordeste,0.59,0.472,0.773,0.564,71.39,267.86,0.55,38221,-8.809,-39.825
2612703,426,332,20749,SANTA MARIA DO CAMBUCÁ,PE,Nordeste,0.548,0.393,0.735,0.571,69.08,279.1,0.46,12721,-7.84,-35.902
2613008,1615,911,39226,SÃO BENTO DO UNA,PE,Nordeste,0.593,0.446,0.789,0.593,72.34,319.47,0.6,52012,-8.523,-36.444
2613107,780,702,31708,SÃO CAITANO,PE,Nordeste,0.591,0.469,0.756,0.583,70.38,300.16,0.5,34579,-8.326,-36.143
2613206,427,587,16944,SÃO JOÃO,PE,Nordeste,0.57,0.426,0.768,0.565,71.09,269.44,0.56,21095,-8.876,-36.367
2613305,334,416,12480,SÃO JOAQUIM DO MONTE,PE,Nordeste,0.537,0.381,0.741,0.549,69.47,244.22,0.53,20058,-8.432,-35.804
2613404,608,441,14979,SÃO JOSÉ DA COROA GRANDE,PE,Nordeste,0.608,0.522,0.736,0.585,69.15,304.5,0.58,17994,-8.898,-35.148
2613503,852,845,32502,SÃO JOSÉ DO BELMONTE,PE,Nordeste,0.61,0.52,0.769,0.569,71.12,275.14,0.54,31687,-7.861,-38.76
2613602,1667,1155,45993,SÃO JOSÉ DO EGITO,PE,Nordeste,0.635,0.554,0.769,0.602,71.13,338.9,0.53,31645,-7.479,-37.274
2613701,3246,2478,119644,SÃO LOURENÇO DA MATA,PE,Nordeste,0.653,0.571,0.793,0.614,72.57,364.43,0.5,101871,-8.002,-35.018
2613800,179,178,10219,SÃO VICENTE FERRER,PE,Nordeste,0.549,0.414,0.715,0.558,67.9,257.47,0.56,16730,-7.591,-35.491
2613909,2486,2786,140477,SERRA TALHADA,PE,Nordeste,0.661,0.571,0.8,0.632,72.97,407.34,0.56,78155,-7.986,-38.296
2614006,606,716,36984,SERRITA,PE,Nordeste,0.595,0.512,0.76,0.542,70.62,233.56,0.56,18025,-7.933,-39.296
2614105,840,911,21969,SERTÂNIA,PE,Nordeste,0.613,0.51,0.752,0.601,70.14,337.53,0.6,31130,-8.074,-37.264
2614204,634,549,23152,SIRINHAÉM,PE,Nordeste,0.597,0.492,0.763,0.568,70.76,273.75,0.44,39435,-8.591,-35.116
2614303,241,214,9250,MOREILÂNDIA,PE,Nordeste,0.6,0.54,0.768,0.522,71.05,206.11,0.54,10789,-7.631,-39.551
2614501,1811,1723,101848,SURUBIM,PE,Nordeste,0.635,0.548,0.756,0.617,70.37,372.11,0.52,57914,-7.832,-35.756
2614600,938,791,42643,TABIRA,PE,Nordeste,0.605,0.504,0.77,0.57,71.19,278.14,0.51,26017,-7.591,-37.539
2614709,189,270,10383,TACAIMBÓ,PE,Nordeste,0.554,0.423,0.748,0.536,69.86,225.21,0.5,12208,-8.316,-36.293
2614808,346,261,16907,TACARATU,PE,Nordeste,0.573,0.507,0.711,0.521,67.63,205.06,0.49,20848,-9.106,-38.15
2614857,994,584,26725,TAMANDARÉ,PE,Nordeste,0.593,0.479,0.745,0.583,69.71,301.15,0.55,20173,-8.76,-35.105
2615003,299,588,20865,TAQUARITINGA DO NORTE,PE,Nordeste,0.641,0.52,0.796,0.636,72.76,419.74,0.42,24551,-7.903,-36.044
2615201,142,359,9121,TERRA NOVA,PE,Nordeste,0.599,0.533,0.741,0.545,69.43,237.89,0.49,9148,-8.23,-39.376
2615300,1628,1182,67105,TIMBAÚBA,PE,Nordeste,0.618,0.519,0.769,0.592,71.14,318.8,0.5,52986,-7.505,-35.318
2615409,1289,840,43919,TORITAMA,PE,Nordeste,0.618,0.452,0.797,0.655,72.83,470.44,0.43,35271,-7.999,-36.051
2615508,271,341,20712,TRACUNHAÉM,PE,Nordeste,0.605,0.504,0.776,0.567,71.58,272.81,0.46,13009,-7.805,-35.24
2615607,830,1237,31482,TRINDADE,PE,Nordeste,0.595,0.455,0.768,0.602,71.05,338.39,0.57,25696,-7.762,-40.268
2615706,471,660,36602,TRIUNFO,PE,Nordeste,0.67,0.591,0.817,0.624,74,389.44,0.56,14624,-7.838,-38.102
2615904,298,297,17919,TUPARETAMA,PE,Nordeste,0.634,0.557,0.749,0.612,69.95,360.29,0.47,7863,-7.602,-37.311
2616001,323,351,27312,VENTUROSA,PE,Nordeste,0.592,0.484,0.751,0.57,70.04,276.94,0.52,15874,-8.575,-36.874
2616100,230,210,6757,VERDEJANTE,PE,Nordeste,0.605,0.52,0.76,0.56,70.62,260.66,0.54,8919,-7.926,-38.972
2616209,112,261,12145,VERTENTES,PE,Nordeste,0.582,0.45,0.728,0.602,68.69,337.92,0.46,17951,-7.903,-35.988
2616308,607,535,16587,VICÊNCIA,PE,Nordeste,0.605,0.534,0.754,0.551,70.26,246.44,0.48,29974,-7.657,-35.327
2616407,14447,20486,342391,VITÓRIA DE SANTO ANTÃO,PE,Nordeste,0.64,0.543,0.768,0.629,71.07,401.16,0.54,128170,-8.118,-35.291
2700102,531,653,11620,ÁGUA BRANCA,AL,Nordeste,0.549,0.432,0.728,0.527,68.7,213,0.56,18763,-9.262,-37.938
2700201,362,363,15811,ANADIA,AL,Nordeste,0.568,0.444,0.756,0.546,70.35,239.53,0.53,16854,-9.684,-36.304
2700300,12883,12259,317089,ARAPIRACA,AL,Nordeste,0.649,0.549,0.78,0.638,71.82,423.28,0.55,210938,-9.752,-36.661
2700409,1571,847,41609,ATALAIA,AL,Nordeste,0.561,0.431,0.752,0.545,70.13,237.33,0.5,42585,-9.502,-36.023
2700706,290,468,19735,BATALHA,AL,Nordeste,0.594,0.496,0.752,0.563,70.1,265.62,0.49,16595,-9.678,-37.125
2701001,536,477,12541,BOCA DA MATA,AL,Nordeste,0.604,0.518,0.758,0.56,70.47,260.2,0.51,25526,-9.641,-36.22
2701209,616,866,20038,CACIMBINHAS,AL,Nordeste,0.531,0.384,0.697,0.559,66.82,259.72,0.6,9823,-9.4,-36.99
2701308,391,368,13573,CAJUEIRO,AL,Nordeste,0.562,0.473,0.691,0.542,66.45,232.85,0.49,19907,-9.397,-36.154
2701407,950,790,24733,CAMPO ALEGRE,AL,Nordeste,0.57,0.47,0.742,0.531,69.5,217.72,0.47,49398,-9.782,-36.351
2701704,424,358,9116,CAPELA,AL,Nordeste,0.573,0.456,0.743,0.554,69.59,251.36,0.49,16325,-9.408,-36.074
2702108,1043,751,44465,COLÔNIA LEOPOLDINA,AL,Nordeste,0.517,0.363,0.693,0.548,66.55,242.28,0.53,19602,-8.909,-35.725
2702306,868,1065,47085,CORURIPE,AL,Nordeste,0.626,0.541,0.769,0.591,71.12,315.85,0.52,51307,-10.126,-36.176
2702405,2234,1667,43462,DELMIRO GOUVEIA,AL,Nordeste,0.612,0.494,0.774,0.599,71.42,332.13,0.52,47123,-9.386,-37.996
2702603,731,656,23318,FEIRA GRANDE,AL,Nordeste,0.533,0.402,0.736,0.512,69.17,193.07,0.53,20415,-9.9,-36.678
2702900,1031,867,41183,GIRAU DO PONCIANO,AL,Nordeste,0.536,0.405,0.762,0.498,70.72,177.55,0.58,34128,-9.884,-36.829
2703106,605,710,15261,IGACI,AL,Nordeste,0.564,0.424,0.774,0.547,71.45,241.17,0.57,24190,-9.537,-36.634
2703205,438,309,17555,IGREJA NOVA,AL,Nordeste,0.568,0.428,0.771,0.556,71.23,254.34,0.65,22418,-10.125,-36.662
2703809,685,724,32515,JOAQUIM GOMES,AL,Nordeste,0.531,0.386,0.764,0.509,70.82,190.23,0.5,21694,-9.133,-35.748
2704005,298,579,24304,JUNQUEIRO,AL,Nordeste,0.575,0.454,0.714,0.586,67.85,306.96,0.57,23391,-9.925,-36.476
2704203,477,757,28568,LIMOEIRO DE ANADIA,AL,Nordeste,0.58,0.457,0.742,0.575,69.51,285.98,0.64,25821,-9.741,-36.503
2704302,102984,104614,3066267,MACEIÓ,AL,Nordeste,0.721,0.635,0.799,0.739,72.94,792.54,0.63,921284,-9.666,-35.735
2704401,591,588,15514,MAJOR ISIDORO,AL,Nordeste,0.566,0.424,0.755,0.566,70.31,270.04,0.54,18317,-9.532,-36.985
2704500,641,495,40040,MARAGOGI,AL,Nordeste,0.574,0.443,0.766,0.556,70.96,253.86,0.54,27779,-9.012,-35.222
2704609,238,397,23418,MARAVILHA,AL,Nordeste,0.569,0.46,0.742,0.539,69.54,229.39,0.58,10053,-9.236,-37.35
2704708,1679,1727,110102,MARECHAL DEODORO,AL,Nordeste,0.642,0.52,0.793,0.641,72.55,431.43,0.6,45528,-9.71,-35.895
2704807,286,337,8932,MARIBONDO,AL,Nordeste,0.597,0.487,0.751,0.581,70.07,297.05,0.49,13561,-9.577,-36.305
2705002,1757,714,34813,MATA GRANDE,AL,Nordeste,0.504,0.369,0.685,0.506,66.09,186.87,0.57,23897,-9.118,-37.734
2705101,333,390,22554,MATRIZ DE CAMARAGIBE,AL,Nordeste,0.584,0.473,0.777,0.541,71.62,231.82,0.46,23542,-9.152,-35.533
2705200,254,254,10487,MESSIAS,AL,Nordeste,0.568,0.46,0.714,0.557,67.82,256.45,0.49,15255,-9.383,-35.842
2705507,1534,1451,26392,MURICI,AL,Nordeste,0.527,0.395,0.685,0.542,66.11,233.16,0.48,24209,-9.307,-35.943
2705705,462,455,18799,OLHO D'ÁGUA DAS FLORES,AL,Nordeste,0.565,0.422,0.752,0.568,70.13,274.46,0.55,20043,-9.536,-37.294
2706307,3159,3623,79475,PALMEIRA DOS ÍNDIOS,AL,Nordeste,0.638,0.523,0.794,0.625,72.61,391.37,0.56,68474,-9.407,-36.628
2706406,816,839,18827,PÃO DE AÇÚCAR,AL,Nordeste,0.593,0.491,0.793,0.536,72.58,224.33,0.57,23205,-9.748,-37.437
2706448,298,457,47055,PARIPUEIRA,AL,Nordeste,0.605,0.486,0.767,0.595,71,324.93,0.53,11221,-9.465,-35.552
2706505,350,550,22727,PASSO DE CAMARAGIBE,AL,Nordeste,0.533,0.421,0.703,0.513,67.19,194.73,0.48,14497,-9.238,-35.493
2706703,2438,1940,61222,PENEDO,AL,Nordeste,0.63,0.536,0.774,0.602,71.42,339.15,0.55,59563,-10.29,-36.586
2706802,236,374,17593,PIAÇABUÇU,AL,Nordeste,0.572,0.479,0.727,0.538,68.59,227.65,0.52,16972,-10.406,-36.434
2706901,649,631,38208,PILAR,AL,Nordeste,0.61,0.509,0.771,0.578,71.26,292.06,0.51,33025,-9.597,-35.957
2707107,384,629,23807,PIRANHAS,AL,Nordeste,0.589,0.462,0.786,0.563,72.14,265.96,0.6,22115,-9.624,-37.757
2707305,1078,1015,23708,PORTO CALVO,AL,Nordeste,0.586,0.498,0.723,0.558,68.36,257.64,0.47,25280,-9.045,-35.398
2707503,581,774,28953,PORTO REAL DO COLÉGIO,AL,Nordeste,0.551,0.431,0.758,0.513,70.46,195.26,0.61,18689,-10.186,-36.84
2707602,515,413,12142,QUEBRANGULO,AL,Nordeste,0.559,0.421,0.775,0.536,71.52,224.78,0.53,11290,-9.319,-36.471
2707701,2069,2170,83887,RIO LARGO,AL,Nordeste,0.643,0.547,0.788,0.616,72.25,369.11,0.48,67396,-9.478,-35.853
2707909,810,901,39396,SANTA LUZIA DO NORTE,AL,Nordeste,0.597,0.477,0.77,0.58,71.17,295.95,0.48,6830,-9.603,-35.822
2708006,1702,1493,30807,SANTANA DO IPANEMA,AL,Nordeste,0.591,0.463,0.77,0.579,71.17,293.85,0.61,43775,-9.378,-37.245
2708303,619,672,28406,SÃO JOSÉ DA LAJE,AL,Nordeste,0.573,0.434,0.755,0.574,70.28,284.02,0.48,22353,-9.01,-36.058
2708402,960,958,31866,SÃO JOSÉ DA TAPERA,AL,Nordeste,0.527,0.409,0.703,0.508,67.2,188.84,0.58,29248,-9.558,-37.381
2708501,584,551,42520,SÃO LUÍS DO QUITUNDE,AL,Nordeste,0.536,0.4,0.701,0.55,67.05,244.85,0.5,31951,-9.318,-35.561
2708600,2235,2065,62506,SÃO MIGUEL DOS CAMPOS,AL,Nordeste,0.623,0.514,0.77,0.612,71.21,360.82,0.51,53886,-9.781,-36.094
2708808,825,1170,24896,SÃO SEBASTIÃO,AL,Nordeste,0.549,0.432,0.714,0.537,67.81,225.84,0.54,30646,-9.934,-36.554
2709103,773,669,34355,TAQUARANA,AL,Nordeste,0.541,0.421,0.71,0.529,67.61,215.16,0.51,18274,-9.645,-36.497
2709152,735,1336,33599,TEOTÔNIO VILELA,AL,Nordeste,0.564,0.466,0.7,0.549,67.01,244.39,0.51,40429,-9.905,-36.353
2709202,367,439,14000,TRAIPU,AL,Nordeste,0.532,0.395,0.765,0.499,70.92,178.79,0.64,24281,-9.971,-37.003
2709301,2671,2784,63852,UNIÃO DOS PALMARES,AL,Nordeste,0.593,0.462,0.764,0.59,70.83,313.92,0.53,58713,-9.163,-36.032
2709400,1189,800,25642,VIÇOSA,AL,Nordeste,0.586,0.478,0.758,0.554,70.46,251.25,0.59,23723,-9.371,-36.241
2800209,1172,1370,29070,AQUIDABÃ,SE,Nordeste,0.578,0.452,0.747,0.573,69.83,282.19,0.54,19695,-10.281,-37.019
2800308,75416,88248,1645059,ARACAJU,SE,Nordeste,0.77,0.708,0.823,0.784,74.36,1052.03,0.62,565029,-10.911,-37.072
2800407,941,1186,25648,ARAUÁ,SE,Nordeste,0.595,0.49,0.783,0.55,72,245.7,0.5,10714,-11.262,-37.62
2800506,1003,1045,14885,AREIA BRANCA,SE,Nordeste,0.579,0.434,0.773,0.579,71.38,294.32,0.48,16154,-10.758,-37.315
2800605,3759,4172,71468,BARRA DOS COQUEIROS,SE,Nordeste,0.649,0.545,0.776,0.647,71.54,448.81,0.54,24707,-10.909,-37.039
2800670,2004,2256,35098,BOQUIM,SE,Nordeste,0.604,0.492,0.771,0.581,71.27,296.54,0.5,25304,-11.147,-37.621
2800704,295,375,9563,BREJO GRANDE,SE,Nordeste,0.54,0.435,0.701,0.515,67.03,197.69,0.51,7608,-10.429,-36.466
2801009,1004,954,20936,CAMPO DO BRITO,SE,Nordeste,0.621,0.484,0.793,0.625,72.57,391.94,0.54,16596,-10.733,-37.493
2801108,163,305,7812,CANHOBA,SE,Nordeste,0.569,0.462,0.722,0.553,68.3,249.3,0.52,3904,-10.138,-36.985
2801207,2244,2845,49960,CANINDÉ DE SÃO FRANCISCO,SE,Nordeste,0.567,0.435,0.741,0.566,69.48,270.17,0.55,23639,-9.642,-37.788
2801306,2064,1717,35306,CAPELA,SE,Nordeste,0.615,0.51,0.766,0.596,70.97,326.55,0.53,30151,-10.503,-37.053
2801405,2342,2227,43597,CARIRA,SE,Nordeste,0.588,0.442,0.791,0.581,72.45,297.74,0.49,19603,-10.361,-37.701
2801504,1989,1989,33985,CARMÓPOLIS,SE,Nordeste,0.643,0.546,0.783,0.623,71.98,385.16,0.55,13341,-10.648,-36.989
2801603,1144,947,18206,CEDRO DE SÃO JOÃO,SE,Nordeste,0.623,0.543,0.731,0.608,68.83,352.53,0.53,5598,-10.252,-36.884
2801702,1356,1468,23293,CRISTINÁPOLIS,SE,Nordeste,0.553,0.414,0.755,0.54,70.27,229.99,0.5,15994,-11.476,-37.755
2801900,164,166,3714,CUMBE,SE,Nordeste,0.604,0.512,0.748,0.576,69.9,288.67,0.49,3799,-10.355,-37.183
2802007,370,328,4514,DIVINA PASTORA,SE,Nordeste,0.61,0.527,0.753,0.571,70.17,278.62,0.4,4268,-10.689,-37.148
2802106,5318,5394,77500,ESTÂNCIA,SE,Nordeste,0.647,0.552,0.782,0.627,71.94,395.41,0.52,63892,-11.268,-37.438
2802205,429,493,7240,FEIRA NOVA,SE,Nordeste,0.584,0.473,0.773,0.546,71.39,238.42,0.47,5269,-10.264,-37.313
2802304,1058,1151,16894,FREI PAULO,SE,Nordeste,0.589,0.428,0.768,0.623,71.09,386.65,0.48,13666,-10.549,-37.534
2802403,615,779,18727,GARARU,SE,Nordeste,0.564,0.422,0.783,0.544,71.95,236.06,0.61,10849,-9.968,-37.083
2802502,226,169,3378,GENERAL MAYNARD,SE,Nordeste,0.645,0.567,0.776,0.609,71.53,354.58,0.54,2918,-10.689,-36.984
2802601,481,796,11597,GRACHO CARDOSO,SE,Nordeste,0.577,0.468,0.729,0.562,68.76,264.86,0.56,5464,-10.227,-37.198
2802700,282,367,9144,ILHA DAS FLORES,SE,Nordeste,0.562,0.469,0.735,0.514,69.1,195.64,0.56,8241,-10.436,-36.54
2802809,1006,1114,27299,INDIAROBA,SE,Nordeste,0.58,0.475,0.772,0.533,71.31,220.89,0.53,15550,-11.519,-37.512
2802908,6307,6723,81101,ITABAIANA,SE,Nordeste,0.642,0.513,0.801,0.645,73.03,443.39,0.52,86179,-10.685,-37.425
2803005,1587,1750,47912,ITABAIANINHA,SE,Nordeste,0.556,0.407,0.761,0.555,70.66,253.22,0.51,38089,-11.274,-37.79
2803104,175,319,7055,ITABI,SE,Nordeste,0.602,0.512,0.748,0.569,69.86,276.77,0.47,4891,-10.126,-37.103
2803203,2769,2875,44844,ITAPORANGA D'AJUDA,SE,Nordeste,0.561,0.414,0.779,0.548,71.72,242.62,0.49,29045,-10.998,-37.311
2803302,754,917,26932,JAPARATUBA,SE,Nordeste,0.621,0.544,0.757,0.581,70.39,296.93,0.5,16036,-10.593,-36.94
2803500,6500,7183,117905,LAGARTO,SE,Nordeste,0.625,0.515,0.775,0.613,71.5,362.8,0.5,93967,-10.917,-37.65
2803609,2196,2433,31362,LARANJEIRAS,SE,Nordeste,0.642,0.582,0.772,0.589,71.3,313.29,0.49,26609,-10.806,-37.17
2803708,368,354,6776,MACAMBIRA,SE,Nordeste,0.583,0.474,0.728,0.573,68.66,282.4,0.43,6347,-10.666,-37.541
2803807,165,227,6999,MALHADA DOS BOIS,SE,Nordeste,0.599,0.531,0.722,0.56,68.31,261.05,0.46,3436,-10.349,-36.924
2803906,669,684,13929,MALHADOR,SE,Nordeste,0.587,0.442,0.781,0.587,71.87,308.04,0.45,12030,-10.658,-37.305
2804003,796,1236,29355,MARUIM,SE,Nordeste,0.618,0.511,0.781,0.59,71.85,314.55,0.48,16147,-10.738,-37.082
2804102,447,516,9382,MOITA BONITA,SE,Nordeste,0.587,0.429,0.792,0.596,72.53,326.89,0.44,10884,-10.578,-37.343
2804201,679,859,17522,MONTE ALEGRE DE SERGIPE,SE,Nordeste,0.553,0.431,0.726,0.539,68.54,229.3,0.56,13276,-10.027,-37.562
2804300,278,312,7610,MURIBECA,SE,Nordeste,0.626,0.554,0.771,0.575,71.24,286.8,0.49,7251,-10.427,-36.959
2804409,2391,2224,40363,NEÓPOLIS,SE,Nordeste,0.589,0.505,0.702,0.575,67.13,286.69,0.55,17577,-10.32,-36.579
2804458,376,457,8807,NOSSA SENHORA APARECIDA,SE,Nordeste,0.577,0.43,0.774,0.577,71.45,289.16,0.56,8478,-10.443,-37.489
2804508,2553,2767,56337,NOSSA SENHORA DA GLÓRIA,SE,Nordeste,0.587,0.456,0.75,0.591,70.02,316.84,0.52,31878,-10.218,-37.42
2804607,2061,2055,28888,NOSSA SENHORA DAS DORES,SE,Nordeste,0.6,0.497,0.749,0.579,69.93,294.53,0.51,24405,-10.492,-37.193
2804706,382,434,10811,NOSSA SENHORA DE LOURDES,SE,Nordeste,0.598,0.532,0.719,0.56,68.13,261.29,0.49,6215,-10.079,-37.058
2804805,12624,14240,202059,NOSSA SENHORA DO SOCORRO,SE,Nordeste,0.664,0.581,0.811,0.62,73.64,379.98,0.47,159606,-10.855,-37.126
2804904,550,673,13930,PACATUBA,SE,Nordeste,0.555,0.454,0.731,0.514,68.84,195.47,0.58,12723,-10.453,-36.651
2805000,248,251,2876,PEDRA MOLE,SE,Nordeste,0.593,0.499,0.698,0.599,66.88,332.75,0.54,2970,-10.617,-37.687
2805109,673,814,17700,PEDRINHAS,SE,Nordeste,0.592,0.486,0.75,0.568,70.01,273.91,0.52,8659,-11.192,-37.674
2805208,239,320,5100,PINHÃO,SE,Nordeste,0.583,0.48,0.711,0.58,67.63,295.24,0.42,5923,-10.567,-37.723
2805307,521,516,15669,PIRAMBU,SE,Nordeste,0.603,0.515,0.764,0.558,70.86,257.65,0.53,8134,-10.738,-36.856
2805406,1501,2230,30334,POÇO REDONDO,SE,Nordeste,0.529,0.376,0.76,0.519,70.58,202.24,0.59,29839,-9.806,-37.685
2805505,1482,1649,20559,POÇO VERDE,SE,Nordeste,0.561,0.417,0.751,0.563,70.08,266.56,0.51,21785,-10.708,-38.183
2805604,2280,2163,26658,PORTO DA FOLHA,SE,Nordeste,0.568,0.462,0.739,0.537,69.36,226.66,0.56,26384,-9.917,-37.278
2805703,2521,2340,36888,PROPRIÁ,SE,Nordeste,0.661,0.593,0.776,0.629,71.58,400.35,0.54,28185,-10.211,-36.84
2805802,1889,1919,22055,RIACHÃO DO DANTAS,SE,Nordeste,0.539,0.381,0.781,0.527,71.87,212.37,0.48,19142,-11.069,-37.725
2805901,929,992,11438,RIACHUELO,SE,Nordeste,0.617,0.52,0.766,0.591,70.96,317.28,0.5,9137,-10.728,-37.187
2806008,1036,1172,23631,RIBEIRÓPOLIS,SE,Nordeste,0.613,0.49,0.769,0.61,71.15,357.17,0.45,17005,-10.539,-37.417
2806107,600,533,12974,ROSÁRIO DO CATETE,SE,Nordeste,0.631,0.571,0.731,0.603,68.84,341.06,0.5,9140,-10.696,-37.031
2806206,1764,1613,24789,SALGADO,SE,Nordeste,0.609,0.486,0.789,0.588,72.35,311.33,0.51,19328,-11.032,-37.475
2806305,517,641,19783,SANTA LUZIA DO ITANHY,SE,Nordeste,0.545,0.414,0.764,0.513,70.82,194.24,0.53,12630,-11.351,-37.448
2806404,494,644,13252,SANTANA DO SÃO FRANCISCO,SE,Nordeste,0.59,0.526,0.716,0.544,67.98,236.25,0.48,6946,-10.291,-36.608
2806503,337,293,4711,SANTA ROSA DE LIMA,SE,Nordeste,0.592,0.514,0.766,0.527,70.94,213.07,0.45,3707,-10.646,-37.194
2806602,531,691,15212,SANTO AMARO DAS BROTAS,SE,Nordeste,0.637,0.543,0.778,0.613,71.7,362.46,0.57,11150,-10.789,-37.054
2806701,4648,5861,99977,SÃO CRISTÓVÃO,SE,Nordeste,0.662,0.581,0.8,0.624,73.01,388.36,0.47,78216,-11.015,-37.206
2806800,698,931,14122,SÃO DOMINGOS,SE,Nordeste,0.588,0.471,0.756,0.572,70.36,281.44,0.41,10130,-10.791,-37.568
2806909,210,216,4187,SÃO FRANCISCO,SE,Nordeste,0.587,0.49,0.732,0.564,68.89,267.3,0.48,3339,-10.333,-36.888
2807006,222,224,3892,SÃO MIGUEL DO ALEIXO,SE,Nordeste,0.567,0.424,0.753,0.571,70.16,279.25,0.49,3651,-10.388,-37.381
2807105,3324,3695,43493,SIMÃO DIAS,SE,Nordeste,0.604,0.492,0.775,0.579,71.51,293.99,0.49,38000,-10.738,-37.811
2807204,637,505,5631,SIRIRI,SE,Nordeste,0.609,0.541,0.74,0.565,69.42,268.51,0.47,7902,-10.604,-37.113
2807402,3792,3886,71812,TOBIAS BARRETO,SE,Nordeste,0.557,0.404,0.702,0.609,67.13,353.87,0.55,47319,-11.184,-37.998
2807501,853,976,12078,TOMAR DO GERU,SE,Nordeste,0.551,0.432,0.746,0.52,69.73,203.09,0.47,12661,-11.373,-37.841
2807600,1644,1795,35318,UMBAÚBA,SE,Nordeste,0.579,0.476,0.719,0.567,68.15,272.53,0.46,22312,-11.383,-37.658
2900702,11562,8396,525659,ALAGOINHAS,BA,Nordeste,0.683,0.592,0.79,0.681,72.39,553.17,0.55,140694,-12.136,-38.419
2901007,2876,2896,215671,AMARGOSA,BA,Nordeste,0.625,0.492,0.807,0.616,73.4,369.84,0.56,33780,-13.03,-39.605
2901106,312,350,68707,AMÉLIA RODRIGUES,BA,Nordeste,0.666,0.6,0.81,0.609,73.59,354.66,0.49,24782,-12.409,-38.759
2901205,336,299,14258,ANAGÉ,BA,Nordeste,0.54,0.371,0.771,0.549,71.27,243.52,0.48,24720,-14.612,-41.136
2901304,301,472,54160,ANDARAÍ,BA,Nordeste,0.555,0.415,0.764,0.54,70.84,230.36,0.59,13470,-12.807,-41.331
2901601,266,400,32116,ANTAS,BA,Nordeste,0.592,0.491,0.739,0.573,69.35,283.59,0.52,16518,-10.4,-38.333
2902104,2792,1561,93453,ARACI,BA,Nordeste,0.534,0.381,0.747,0.534,69.79,221.98,0.57,49861,-11.333,-38.967
2902500,475,257,24673,BAIANÓPOLIS,BA,Nordeste,0.589,0.492,0.763,0.543,70.8,235.05,0.57,13384,-12.306,-44.535
2902708,373,1732,75925,BARRA,BA,Nordeste,0.557,0.457,0.75,0.503,69.99,183.03,0.59,47178,-11.089,-43.142
2902807,969,739,61380,BARRA DA ESTIVA,BA,Nordeste,0.575,0.469,0.717,0.566,67.99,270.66,0.53,20549,-13.626,-41.327
2902906,1373,561,54914,BARRA DO CHOÇA,BA,Nordeste,0.551,0.386,0.77,0.563,71.21,266.13,0.44,33996,-14.881,-40.579
2903003,716,2041,43029,BARRA DO MENDES,BA,Nordeste,0.63,0.553,0.784,0.578,72.04,292.41,0.57,13572,-11.81,-42.059
2903201,11277,11643,607012,BARREIRAS,BA,Nordeste,0.721,0.668,0.807,0.695,73.43,602.82,0.56,135676,-12.153,-44.99
2903409,239,389,22955,BELMONTE,BA,Nordeste,0.598,0.48,0.771,0.577,71.26,289.9,0.5,21277,-15.863,-38.883
2903508,185,429,24230,BELO CAMPO,BA,Nordeste,0.575,0.444,0.76,0.562,70.59,263.52,0.49,15673,-15.038,-41.26
2903904,5468,3681,222431,BOM JESUS DA LAPA,BA,Nordeste,0.633,0.533,0.775,0.615,71.51,367.62,0.6,61281,-13.255,-43.418
2904605,6649,6238,155041,BRUMADO,BA,Nordeste,0.656,0.554,0.807,0.63,73.41,403.22,0.52,63823,-14.204,-41.665
2904704,671,784,64647,BUERAREMA,BA,Nordeste,0.613,0.495,0.772,0.604,71.33,343.23,0.53,17809,-14.959,-39.3
2904902,464,564,39776,CACHOEIRA,BA,Nordeste,0.647,0.577,0.762,0.615,70.72,368.11,0.56,30718,-12.618,-38.956
2905008,609,1018,74965,CACULÉ,BA,Nordeste,0.637,0.541,0.769,0.621,71.12,382.15,0.48,22059,-14.503,-42.222
2905206,1062,1891,121460,CAETITÉ,BA,Nordeste,0.625,0.484,0.801,0.631,73.04,405.31,0.59,46447,-14.069,-42.475
2905602,1394,1413,86775,CAMACAN,BA,Nordeste,0.581,0.419,0.768,0.608,71.07,351.84,0.6,30072,-15.419,-39.496
2905701,29330,74618,3115337,CAMAÇARI,BA,Nordeste,0.694,0.616,0.798,0.681,72.9,553.18,0.53,241265,-12.698,-38.324
2905800,936,583,75211,CAMAMU,BA,Nordeste,0.565,0.452,0.71,0.562,67.61,264.63,0.54,34412,-13.945,-39.104
2906006,1398,4193,137390,CAMPO FORMOSO,BA,Nordeste,0.586,0.475,0.749,0.566,69.94,270.05,0.57,65476,-10.509,-40.321
2906204,719,2283,62187,CANARANA,BA,Nordeste,0.587,0.496,0.734,0.555,69.04,252.39,0.48,23676,-11.685,-41.769
2906303,6923,5912,68287,CANAVIEIRAS,BA,Nordeste,0.59,0.434,0.796,0.596,72.74,325.61,0.51,31841,-15.675,-38.947
2906501,2229,2576,348307,CANDEIAS,BA,Nordeste,0.691,0.616,0.823,0.652,74.39,462.57,0.48,82069,-12.668,-38.551
2906709,949,584,59090,CÂNDIDO SALES,BA,Nordeste,0.601,0.482,0.798,0.565,72.9,268.57,0.5,27028,-15.505,-41.239
2906808,253,529,42595,CANSANÇÃO,BA,Nordeste,0.557,0.438,0.745,0.53,69.69,216.24,0.57,32009,-10.671,-39.498
2906857,811,623,50705,CAPELA DO ALTO ALEGRE,BA,Nordeste,0.599,0.48,0.77,0.582,71.21,299.05,0.49,11241,-11.668,-39.838
2906873,4184,3339,98452,CAPIM GROSSO,BA,Nordeste,0.621,0.514,0.752,0.62,70.09,378.85,0.54,26189,-11.381,-40.013
2906907,630,486,40521,CARAVELAS,BA,Nordeste,0.616,0.473,0.791,0.626,72.46,394.43,0.56,20877,-17.732,-39.266
2907103,963,1286,72996,CARINHANHA,BA,Nordeste,0.576,0.477,0.763,0.525,70.77,209.51,0.51,27798,-14.305,-43.765
2907202,1923,1636,93944,CASA NOVA,BA,Nordeste,0.57,0.435,0.736,0.577,69.16,289.24,0.54,63295,-9.162,-40.971
2907301,283,604,73239,CASTRO ALVES,BA,Nordeste,0.613,0.504,0.774,0.591,71.46,316.1,0.54,25080,-12.766,-39.428
2907509,764,1111,150763,CATU,BA,Nordeste,0.677,0.578,0.814,0.66,73.86,486.05,0.55,50301,-12.353,-38.379
2907608,228,614,35736,CENTRAL,BA,Nordeste,0.596,0.538,0.728,0.54,68.65,231.1,0.54,16816,-11.136,-42.113
2907707,483,723,48481,CHORROCHÓ,BA,Nordeste,0.6,0.503,0.779,0.552,71.74,248.5,0.58,10328,-8.98,-39.094
2907806,4056,4573,71364,CÍCERO DANTAS,BA,Nordeste,0.585,0.477,0.712,0.59,67.73,315.19,0.53,31639,-10.6,-38.383
2907905,417,1001,56094,CIPÓ,BA,Nordeste,0.601,0.496,0.744,0.589,69.62,312.03,0.55,15512,-11.1,-38.517
2908002,5155,5040,116612,COARACI,BA,Nordeste,0.613,0.491,0.762,0.615,70.69,366.33,0.54,20725,-14.641,-39.551
2908101,301,213,20647,COCOS,BA,Nordeste,0.596,0.471,0.805,0.558,73.28,258.27,0.56,17423,-14.184,-44.534
2908309,1044,534,37072,CONCEIÇÃO DO ALMEIDA,BA,Nordeste,0.606,0.479,0.805,0.578,73.31,290.98,0.56,17291,-12.809,-39.164
2908408,24357,18514,322354,CONCEIÇÃO DO COITÉ,BA,Nordeste,0.611,0.517,0.752,0.587,70.14,309.61,0.48,61081,-11.564,-39.283
2908507,406,1121,48425,CONCEIÇÃO DO JACUÍPE,BA,Nordeste,0.663,0.579,0.799,0.63,72.93,403.18,0.48,29771,-12.327,-38.765
2908606,151,359,56607,CONDE,BA,Nordeste,0.56,0.451,0.705,0.551,67.31,246.81,0.63,22822,-11.814,-37.611
2908705,201,413,45965,CONDEÚBA,BA,Nordeste,0.582,0.447,0.789,0.559,72.32,260.07,0.49,16551,-14.895,-41.969
2908903,318,464,26846,CORAÇÃO DE MARIA,BA,Nordeste,0.592,0.489,0.762,0.558,70.74,257.21,0.52,21401,-12.233,-38.75
2909109,427,380,37735,CORIBE,BA,Nordeste,0.6,0.491,0.807,0.545,73.44,237.03,0.58,13319,-13.829,-44.454
2909307,2338,2077,85748,CORRENTINA,BA,Nordeste,0.603,0.481,0.792,0.575,72.5,285.96,0.58,29543,-13.343,-44.637
2909406,1670,521,53314,COTEGIPE,BA,Nordeste,0.59,0.504,0.746,0.545,69.77,237.5,0.56,13094,-12.028,-44.258
2909802,656,5689,160354,CRUZ DAS ALMAS,BA,Nordeste,0.699,0.65,0.796,0.659,72.74,481.8,0.55,57930,-12.67,-39.102
2909901,381,801,50581,CURAÇÁ,BA,Nordeste,0.581,0.463,0.778,0.544,71.68,236.77,0.51,31378,-8.992,-39.908
2910057,1605,1865,307406,DIAS D'ÁVILA,BA,Nordeste,0.676,0.584,0.811,0.651,73.66,460.6,0.5,65719,-12.613,-38.297
2910404,381,416,50494,ENCRUZILHADA,BA,Nordeste,0.544,0.4,0.754,0.533,70.23,220,0.49,22716,-15.531,-40.909
2910503,890,1084,45664,ENTRE RIOS,BA,Nordeste,0.615,0.492,0.785,0.602,72.12,338.53,0.6,38596,-11.942,-38.084
2910602,1744,1049,82795,ESPLANADA,BA,Nordeste,0.589,0.469,0.74,0.589,69.38,312.58,0.57,32121,-11.796,-37.945
2910701,5297,4182,95490,EUCLIDES DA CUNHA,BA,Nordeste,0.567,0.43,0.749,0.565,69.94,269.58,0.55,54945,-10.508,-39.014
2910727,11189,11198,234903,EUNÁPOLIS,BA,Nordeste,0.677,0.572,0.791,0.687,72.46,575.44,0.57,99279,-16.378,-39.58
2910800,75583,65338,2138163,FEIRA DE SANTANA,BA,Nordeste,0.712,0.619,0.82,0.71,74.2,662.24,0.6,551435,-12.267,-38.967
2911105,595,414,42099,FORMOSA DO RIO PRETO,BA,Nordeste,0.618,0.536,0.763,0.576,70.8,287.94,0.6,21377,-11.048,-45.193
2911204,3589,3730,85792,GANDU,BA,Nordeste,0.632,0.508,0.771,0.645,71.26,442.37,0.59,29970,-13.744,-39.487
2911303,12,249,9878,GENTIO DO OURO,BA,Nordeste,0.559,0.45,0.743,0.523,69.57,207.35,0.52,10431,-11.429,-42.506
2911600,523,542,39121,GOVERNADOR MANGABEIRA,BA,Nordeste,0.643,0.594,0.754,0.594,70.26,322.02,0.54,19300,-12.602,-39.043
2911709,8983,9231,205223,GUANAMBI,BA,Nordeste,0.673,0.584,0.789,0.663,72.33,496.05,0.55,77941,-14.223,-42.781
2911808,138,354,31753,GUARATINGA,BA,Nordeste,0.558,0.406,0.766,0.559,70.95,258.74,0.53,21310,-16.584,-39.783
2911907,473,647,38361,IAÇU,BA,Nordeste,0.574,0.461,0.697,0.588,66.81,311.24,0.61,25104,-12.767,-40.212
2912103,381,839,76056,IBICARAÍ,BA,Nordeste,0.625,0.524,0.764,0.609,70.81,354.75,0.53,23917,-14.865,-39.588
2912806,192,395,25418,IBIRAPUÃ,BA,Nordeste,0.614,0.467,0.774,0.641,71.43,431.31,0.51,7660,-17.688,-40.109
2912905,332,649,39189,IBIRATAIA,BA,Nordeste,0.576,0.424,0.789,0.571,72.33,278.69,0.49,18739,-14.067,-39.641
2913200,566,2143,91833,IBOTIRAMA,BA,Nordeste,0.636,0.548,0.78,0.601,71.78,337.12,0.55,25064,-12.185,-43.221
2913408,387,229,19652,IGAPORÃ,BA,Nordeste,0.614,0.516,0.766,0.586,70.98,306.74,0.5,15019,-13.773,-42.714
2913507,761,736,62457,IGUAÍ,BA,Nordeste,0.552,0.382,0.786,0.559,72.18,258.8,0.55,24738,-14.756,-40.089
2913606,27790,25523,500416,ILHÉUS,BA,Nordeste,0.69,0.59,0.808,0.688,73.47,579.46,0.58,181673,-14.789,-39.049
2913705,460,1095,115219,INHAMBUPE,BA,Nordeste,0.565,0.429,0.757,0.556,70.43,254.99,0.53,35586,-11.784,-38.353
2913903,7197,3784,259971,IPIAÚ,BA,Nordeste,0.67,0.551,0.796,0.687,72.74,573.36,0.69,43566,-14.137,-39.734
2914000,4614,3969,93903,IPIRÁ,BA,Nordeste,0.549,0.39,0.748,0.568,69.89,274.88,0.52,57737,-12.158,-39.737
2914406,1063,862,106723,IRAQUARA,BA,Nordeste,0.599,0.523,0.749,0.548,69.95,242.58,0.61,21936,-12.249,-41.619
2914505,1671,1504,81484,IRARÁ,BA,Nordeste,0.62,0.501,0.809,0.587,73.53,308.34,0.5,26950,-12.05,-38.767
2914604,35119,26965,403760,IRECÊ,BA,Nordeste,0.691,0.643,0.776,0.661,71.53,488.15,0.59,65509,-11.304,-41.856
2914653,448,654,37631,ITABELA,BA,Nordeste,0.599,0.465,0.751,0.614,70.08,365.39,0.55,27816,-16.575,-39.553
2914703,2743,5407,186531,ITABERABA,BA,Nordeste,0.62,0.485,0.769,0.638,71.12,422.79,0.58,60829,-12.528,-40.307
2914802,31994,28823,466560,ITABUNA,BA,Nordeste,0.712,0.643,0.807,0.695,73.42,605.12,0.56,202098,-14.786,-39.28
2914901,427,951,64862,ITACARÉ,BA,Nordeste,0.583,0.413,0.807,0.594,73.42,323.3,0.55,22603,-14.278,-38.997
2915205,591,958,81023,ITAGIBÁ,BA,Nordeste,0.589,0.469,0.77,0.566,71.2,270.27,0.47,14533,-14.284,-39.843
2915502,750,1100,30477,ITAJUÍPE,BA,Nordeste,0.599,0.466,0.759,0.609,70.52,354.2,0.49,20900,-14.678,-39.375
2915601,5676,6089,136122,ITAMARAJU,BA,Nordeste,0.627,0.502,0.767,0.641,71.04,432.95,0.55,61764,-17.039,-39.531
2915809,840,545,41052,ITAMBÉ,BA,Nordeste,0.578,0.436,0.75,0.589,69.99,312.32,0.4,22829,-15.245,-40.624
2916005,297,628,59207,ITANHÉM,BA,Nordeste,0.637,0.525,0.79,0.624,72.41,388.04,0.54,19988,-17.166,-40.33
2916104,1740,4396,145413,ITAPARICA,BA,Nordeste,0.67,0.553,0.826,0.657,74.56,476.99,0.63,20314,-12.888,-38.679
2916401,5782,6086,331578,ITAPETINGA,BA,Nordeste,0.667,0.562,0.79,0.667,72.39,506.76,0.48,67934,-15.249,-40.248
2916500,575,1389,74652,ITAPICURU,BA,Nordeste,0.486,0.319,0.711,0.505,67.63,185.7,0.54,31187,-11.317,-38.233
2916807,726,445,65105,ITARANTIM,BA,Nordeste,0.61,0.487,0.766,0.608,70.93,352.74,0.5,18401,-15.66,-40.066
2917003,336,541,60691,ITIÚBA,BA,Nordeste,0.544,0.398,0.775,0.521,71.47,205.18,0.56,34277,-10.691,-39.853
2917102,299,674,59908,ITORORÓ,BA,Nordeste,0.594,0.474,0.739,0.598,69.31,330,0.44,19726,-15.117,-40.07
2917201,361,327,18697,ITUAÇU,BA,Nordeste,0.57,0.425,0.77,0.565,71.22,269.3,0.52,17540,-13.813,-41.297
2917300,139,966,43076,ITUBERÁ,BA,Nordeste,0.606,0.482,0.769,0.601,71.11,337.03,0.51,26163,-13.732,-39.149
2917409,527,549,47493,JACARACI,BA,Nordeste,0.593,0.49,0.741,0.573,69.48,283.51,0.47,13406,-14.85,-42.433
2917508,15665,10660,288275,JACOBINA,BA,Nordeste,0.649,0.558,0.772,0.636,71.29,417.88,0.55,78251,-11.181,-40.518
2917607,2562,1680,81271,JAGUAQUARA,BA,Nordeste,0.58,0.446,0.747,0.586,69.81,307.08,0.5,49685,-13.531,-39.971
2917706,475,790,69886,JAGUARARI,BA,Nordeste,0.659,0.551,0.806,0.644,73.33,439.23,0.66,28991,-10.26,-40.196
2918001,16050,11200,372052,JEQUIÉ,BA,Nordeste,0.665,0.568,0.79,0.656,72.42,473.92,0.55,149696,-13.858,-40.084
2918100,1463,1367,118484,JEREMOABO,BA,Nordeste,0.547,0.424,0.689,0.561,66.36,262.76,0.53,36470,-10.067,-38.35
2918308,268,568,20105,JITAÚNA,BA,Nordeste,0.575,0.479,0.704,0.563,67.25,266.56,0.51,13660,-14.019,-39.889
2918357,777,1374,86407,JOÃO DOURADO,BA,Nordeste,0.593,0.513,0.709,0.573,67.52,283.12,0.52,22101,-11.35,-41.664
2918407,17626,14134,343695,JUAZEIRO,BA,Nordeste,0.677,0.594,0.796,0.657,72.76,476.58,0.56,195559,-9.414,-40.503
2918803,151,692,33307,LAJE,BA,Nordeste,0.586,0.48,0.764,0.548,70.85,241.63,0.51,21670,-13.182,-39.425
2919157,1998,2044,68202,LAPÃO,BA,Nordeste,0.596,0.51,0.755,0.55,70.27,244.43,0.52,25311,-11.383,-41.832
2919207,26657,24636,1220061,LAURO DE FREITAS,BA,Nordeste,0.754,0.663,0.827,0.781,74.61,1031.78,0.63,161312,-12.894,-38.327
2919306,47,187,21379,LENÇÓIS,BA,Nordeste,0.623,0.51,0.775,0.613,71.51,362.74,0.61,10008,-12.563,-41.39
2919504,2097,2764,126244,LIVRAMENTO DE NOSSA SENHORA,BA,Nordeste,0.611,0.491,0.793,0.587,72.6,309.16,0.52,41578,-13.643,-41.841
2919553,3482,7323,260289,LUÍS EDUARDO MAGALHÃES,BA,Nordeste,0.716,0.59,0.826,0.754,74.53,871.12,0.62,59375,-12.092,-45.805
2919702,769,668,58089,MACARANI,BA,Nordeste,0.605,0.466,0.782,0.607,71.94,350.25,0.46,16896,-15.568,-40.423
2919801,1152,2111,91394,MACAÚBAS,BA,Nordeste,0.609,0.513,0.791,0.557,72.43,255.36,0.55,45778,-13.019,-42.699
2920106,559,746,82757,MAIRI,BA,Nordeste,0.572,0.438,0.744,0.575,69.63,286.58,0.5,19070,-11.711,-40.149
2920502,240,568,43366,MARACÁS,BA,Nordeste,0.607,0.519,0.747,0.577,69.8,290.11,0.51,24112,-13.441,-40.431
2920601,720,334,44475,MARAGOGIPE,BA,Nordeste,0.621,0.518,0.793,0.582,72.58,300.1,0.57,41595,-12.778,-38.919
2921005,984,1067,135661,MATA DE SÃO JOÃO,BA,Nordeste,0.668,0.562,0.818,0.648,74.09,451.9,0.56,39306,-12.53,-38.299
2921104,638,612,71998,MEDEIROS NETO,BA,Nordeste,0.625,0.501,0.777,0.626,71.61,392.49,0.53,21454,-17.374,-40.221
2921203,670,965,105684,MIGUEL CALMON,BA,Nordeste,0.586,0.472,0.745,0.571,69.69,279.05,0.54,26117,-11.429,-40.595
2921500,916,1334,71502,MONTE SANTO,BA,Nordeste,0.506,0.359,0.699,0.515,66.96,197.43,0.55,50646,-10.438,-39.333
2921708,1262,2814,117564,MORRO DO CHAPÉU,BA,Nordeste,0.588,0.478,0.766,0.554,70.98,250.88,0.51,34456,-11.55,-41.156
2922003,1057,1328,114327,MUCURI,BA,Nordeste,0.665,0.541,0.801,0.679,73.05,546.41,0.57,34607,-18.086,-39.551
2922102,925,1787,73624,MUNDO NOVO,BA,Nordeste,0.59,0.429,0.791,0.606,72.43,346.89,0.65,24034,-11.859,-40.472
2922300,1106,934,60738,MURITIBA,BA,Nordeste,0.66,0.573,0.796,0.629,72.74,401.14,0.55,28508,-12.626,-38.99
2922409,342,446,36736,MUTUÍPE,BA,Nordeste,0.601,0.467,0.751,0.618,70.08,374.8,0.63,20843,-13.229,-39.505
2922508,1508,1409,81491,NAZARÉ,BA,Nordeste,0.641,0.532,0.777,0.637,71.64,421.82,0.61,26808,-13.035,-39.014
2922904,923,1217,63877,NOVA SOURE,BA,Nordeste,0.555,0.439,0.712,0.548,67.71,241.71,0.57,23397,-11.233,-38.483
2923001,852,1079,82844,NOVA VIÇOSA,BA,Nordeste,0.654,0.546,0.78,0.657,71.77,476.79,0.61,37811,-17.892,-39.372
2923100,83,971,73596,OLINDINA,BA,Nordeste,0.559,0.403,0.81,0.534,73.6,222.62,0.58,23986,-11.367,-38.333
2923209,308,524,51333,OLIVEIRA DOS BREJINHOS,BA,Nordeste,0.554,0.427,0.747,0.533,69.81,220.72,0.56,20881,-12.317,-42.896
2923407,377,625,36971,PALMAS DE MONTE ALTO,BA,Nordeste,0.586,0.462,0.777,0.561,71.61,262.69,0.48,20151,-14.267,-43.162
2923605,1234,802,68931,PARAMIRIM,BA,Nordeste,0.615,0.496,0.776,0.604,71.53,343.78,0.51,20638,-13.443,-42.239
2923803,769,1315,40922,PARIPIRANGA,BA,Nordeste,0.577,0.472,0.717,0.567,68.02,273.23,0.59,26336,-10.688,-37.862
2924009,10253,10293,498040,PAULO AFONSO,BA,Nordeste,0.674,0.572,0.789,0.678,72.34,544.73,0.58,106988,-9.408,-38.222
2924306,953,774,61415,PIATÃ,BA,Nordeste,0.571,0.447,0.769,0.543,71.16,234.44,0.54,17177,-13.152,-41.773
2924405,706,384,37778,PILÃO ARCADO,BA,Nordeste,0.506,0.343,0.737,0.514,69.19,195.98,0.6,31594,-10.003,-42.504
2924603,492,555,52726,PINDOBAÇU,BA,Nordeste,0.577,0.482,0.757,0.527,70.4,212.52,0.5,19364,-10.743,-40.363
2924801,394,696,56921,PIRITIBA,BA,Nordeste,0.578,0.449,0.76,0.566,70.61,271.4,0.52,22105,-11.73,-40.555
2925006,434,462,20321,PLANALTO,BA,Nordeste,0.56,0.428,0.738,0.557,69.25,256.26,0.45,24088,-14.67,-40.471
2925105,1056,1079,85260,POÇÕES,BA,Nordeste,0.604,0.474,0.798,0.583,72.85,300.74,0.54,44053,-14.53,-40.365
2925204,796,1048,29042,POJUCA,BA,Nordeste,0.666,0.559,0.819,0.645,74.14,443.8,0.5,32755,-12.431,-38.328
2925303,14068,10542,332510,PORTO SEGURO,BA,Nordeste,0.676,0.572,0.801,0.673,73.05,527.04,0.56,124623,-16.45,-39.065
2925501,844,1931,101655,PRADO,BA,Nordeste,0.621,0.497,0.784,0.616,72.03,369.96,0.55,26434,-17.341,-39.221
2925709,136,459,43985,PRESIDENTE JÂNIO QUADROS,BA,Nordeste,0.542,0.386,0.772,0.533,71.29,220.1,0.53,13292,-14.689,-41.678
2925808,386,621,60796,QUEIMADAS,BA,Nordeste,0.592,0.493,0.764,0.55,70.84,245.7,0.51,24080,-10.978,-39.624
2926004,1244,2333,118343,REMANSO,BA,Nordeste,0.579,0.451,0.757,0.569,70.41,275.22,0.54,37940,-9.622,-42.081
2926103,1062,824,55708,RETIROLÂNDIA,BA,Nordeste,0.636,0.574,0.773,0.579,71.36,293.01,0.46,11930,-11.495,-39.426
2926202,242,465,44413,RIACHÃO DAS NEVES,BA,Nordeste,0.578,0.471,0.779,0.527,71.73,212.09,0.53,20236,-11.746,-44.91
2926301,4623,3905,97335,RIACHÃO DO JACUÍPE,BA,Nordeste,0.628,0.559,0.755,0.588,70.29,311.47,0.47,32839,-11.81,-39.382
2926400,494,435,46384,RIACHO DE SANTANA,BA,Nordeste,0.615,0.532,0.764,0.572,70.82,281.05,0.56,29678,-13.609,-42.939
2926608,1176,1673,79920,RIBEIRA DO POMBAL,BA,Nordeste,0.601,0.515,0.704,0.599,67.25,332.86,0.54,46856,-10.834,-38.536
2927002,450,742,67135,RIO REAL,BA,Nordeste,0.572,0.452,0.729,0.568,68.74,274.86,0.53,36554,-11.485,-37.933
2927200,971,1681,61823,RUY BARBOSA,BA,Nordeste,0.61,0.505,0.77,0.583,71.18,301.42,0.55,29240,-12.284,-40.494
2927408,396991,404551,13248604,SALVADOR,BA,Nordeste,0.759,0.679,0.835,0.772,75.1,973,0.63,2647972,-12.971,-38.511
2927507,153,900,51424,SANTA BÁRBARA,BA,Nordeste,0.583,0.462,0.775,0.554,71.5,251.87,0.52,18487,-11.958,-38.975
2927705,887,613,53336,SANTA CRUZ CABRÁLIA,BA,Nordeste,0.654,0.571,0.784,0.624,72.03,388.28,0.58,25665,-16.278,-39.025
2927903,238,443,37566,SANTA INÊS,BA,Nordeste,0.574,0.47,0.704,0.571,67.25,280.25,0.48,10225,-13.292,-39.819
2928000,364,1069,104136,SANTALUZ,BA,Nordeste,0.598,0.5,0.764,0.559,70.82,260.09,0.49,33499,-11.256,-39.375
2928109,3985,2684,201334,SANTA MARIA DA VITÓRIA,BA,Nordeste,0.614,0.516,0.758,0.592,70.49,318.31,0.54,39757,-13.398,-44.198
2928208,473,446,26924,SANTANA,BA,Nordeste,0.608,0.496,0.776,0.585,71.58,304.18,0.54,24303,-12.983,-44.051
2928406,1158,477,66707,SANTA RITA DE CÁSSIA,BA,Nordeste,0.605,0.513,0.766,0.564,70.93,267.32,0.6,25747,-11.009,-44.519
2928505,684,408,63523,SANTA TERESINHA,BA,Nordeste,0.587,0.459,0.804,0.549,73.24,243.04,0.53,9341,-12.772,-39.523
2928604,611,1897,169904,SANTO AMARO,BA,Nordeste,0.646,0.559,0.772,0.626,71.29,392.75,0.56,56828,-12.547,-38.712
2928703,8527,5630,416799,SANTO ANTÔNIO DE JESUS,BA,Nordeste,0.7,0.622,0.815,0.677,73.92,540.38,0.54,89981,-12.969,-39.261
2928802,5212,6937,163934,SANTO ESTÊVÃO,BA,Nordeste,0.626,0.498,0.808,0.611,73.47,358.13,0.56,47235,-12.43,-39.251
2928901,1060,2300,83910,SÃO DESIDÉRIO,BA,Nordeste,0.579,0.449,0.742,0.584,69.52,302.2,0.57,25417,-12.363,-44.973
2929008,143,138,12340,SÃO FÉLIX,BA,Nordeste,0.639,0.583,0.769,0.582,71.11,299.65,0.48,13754,-12.605,-38.972
2929107,927,970,24546,SÃO FELIPE,BA,Nordeste,0.616,0.525,0.787,0.565,72.21,268.96,0.5,19944,-12.847,-39.089
2929206,1888,1423,61076,SÃO FRANCISCO DO CONDE,BA,Nordeste,0.674,0.587,0.812,0.641,73.71,433.23,0.5,32777,-12.628,-38.68
2929305,1346,1112,61928,SÃO GONÇALO DOS CAMPOS,BA,Nordeste,0.627,0.516,0.752,0.636,70.14,419.27,0.55,32923,-12.433,-38.967
2929503,377,799,63688,SÃO SEBASTIÃO DO PASSÉ,BA,Nordeste,0.657,0.551,0.812,0.633,73.69,411.75,0.53,41337,-12.513,-38.495
2929602,284,373,25377,SAPEAÇU,BA,Nordeste,0.614,0.522,0.735,0.602,69.07,338.34,0.58,16240,-12.728,-39.182
2929800,80,1943,122082,SAÚDE,BA,Nordeste,0.549,0.442,0.685,0.546,66.12,238.81,0.55,11553,-10.941,-40.418
2929909,5152,2799,164727,SEABRA,BA,Nordeste,0.635,0.572,0.761,0.588,70.63,310.95,0.57,40310,-12.419,-41.77
2930105,6844,7611,174623,SENHOR DO BONFIM,BA,Nordeste,0.666,0.599,0.773,0.638,71.36,422.89,0.57,73524,-10.463,-40.191
2930204,175,591,41547,SENTO SÉ,BA,Nordeste,0.585,0.48,0.778,0.535,71.68,222.84,0.53,36685,-9.746,-41.885
2930303,198,515,54197,SERRA DOURADA,BA,Nordeste,0.608,0.537,0.775,0.539,71.48,228.74,0.51,17566,-12.761,-43.95
2930501,10242,9525,202948,SERRINHA,BA,Nordeste,0.634,0.532,0.778,0.615,71.66,367.73,0.55,74389,-11.664,-39.008
2930709,9164,19996,519116,SIMÕES FILHO,BA,Nordeste,0.675,0.591,0.813,0.641,73.75,431.97,0.5,116468,-12.784,-38.404
2930774,452,607,28892,SOBRADINHO,BA,Nordeste,0.631,0.555,0.748,0.605,69.89,344.74,0.49,21463,-9.455,-40.823
2931004,355,330,28612,TANHAÇU,BA,Nordeste,0.577,0.44,0.772,0.565,71.29,268.62,0.5,19653,-14.021,-41.248
2931053,458,324,33053,TANQUE NOVO,BA,Nordeste,0.599,0.474,0.778,0.583,71.67,301.39,0.6,15820,-13.546,-42.491
2931202,156,585,28261,TAPEROÁ,BA,Nordeste,0.566,0.426,0.754,0.566,70.22,270.97,0.53,18495,-13.538,-39.099
2931350,12355,27129,523880,TEIXEIRA DE FREITAS,BA,Nordeste,0.685,0.588,0.8,0.683,73,560.73,0.53,136130,-17.535,-39.742
2931509,1438,761,67272,TEOFILÂNDIA,BA,Nordeste,0.566,0.431,0.737,0.571,69.22,278.91,0.55,20962,-11.489,-38.998
2931707,678,610,69116,TERRA NOVA,BA,Nordeste,0.578,0.474,0.7,0.581,67.02,296.6,0.45,12651,-12.392,-38.625
2931806,203,351,21413,TREMEDAL,BA,Nordeste,0.528,0.36,0.749,0.545,69.94,237.3,0.48,16681,-14.976,-41.411
2931905,3746,1621,109947,TUCANO,BA,Nordeste,0.579,0.458,0.712,0.596,67.69,325.7,0.65,51537,-10.963,-38.787
2932002,730,831,67003,UAUÁ,BA,Nordeste,0.605,0.535,0.747,0.554,69.84,251.46,0.56,23417,-9.842,-39.482
2932101,434,406,39278,UBAÍRA,BA,Nordeste,0.582,0.447,0.759,0.581,70.54,296.48,0.59,19239,-13.268,-39.663
2932200,902,1284,102093,UBAITABA,BA,Nordeste,0.611,0.49,0.767,0.607,71.04,349.68,0.56,20147,-14.313,-39.323
2932309,456,618,86364,UBATÃ,BA,Nordeste,0.593,0.452,0.788,0.586,72.29,306.52,0.53,24727,-14.214,-39.523
2932507,538,821,59388,UNA,BA,Nordeste,0.56,0.424,0.71,0.584,67.61,303.78,0.52,23540,-15.293,-39.075
2932606,862,698,37851,URANDI,BA,Nordeste,0.598,0.469,0.766,0.595,70.95,325.07,0.51,16269,-14.771,-42.655
2932705,614,825,28572,URUÇUCA,BA,Nordeste,0.616,0.507,0.758,0.607,70.45,349.43,0.48,19584,-14.593,-39.284
2932804,251,1095,46944,UTINGA,BA,Nordeste,0.59,0.487,0.706,0.597,67.38,327.96,0.62,17956,-12.082,-41.094
2932903,9527,7616,209155,VALENÇA,BA,Nordeste,0.623,0.502,0.778,0.619,71.65,376.23,0.54,86905,-13.37,-39.073
2933000,2303,2246,75319,VALENTE,BA,Nordeste,0.637,0.568,0.729,0.623,68.75,385.3,0.49,24318,-11.412,-39.462
2933307,25874,25348,1089508,VITÓRIA DA CONQUISTA,BA,Nordeste,0.678,0.581,0.788,0.681,72.3,555.66,0.55,303343,-14.866,-40.839
2933505,460,707,47589,WENCESLAU GUIMARÃES,BA,Nordeste,0.544,0.383,0.752,0.558,70.11,257.12,0.45,21522,-13.687,-39.479
2933604,1018,1537,80347,XIQUE-XIQUE,BA,Nordeste,0.585,0.479,0.741,0.563,69.48,265.25,0.56,44168,-10.822,-42.731
3100203,3202,2135,36849,Abaeté,MG,Sudeste,0.698,0.556,0.848,0.72,75.9,707.24,0.54,22450,-19.16,-45.446
3100302,6054,3128,48039,Abre Campo,MG,Sudeste,0.654,0.525,0.823,0.646,74.36,444.32,0.52,12804,-20.301,-42.478
3100500,4419,4515,58909,Açucena,MG,Sudeste,0.61,0.451,0.844,0.595,75.66,325.42,0.48,9904,-19.073,-42.546
3100906,3824,3202,62711,Águas Formosas,MG,Sudeste,0.645,0.531,0.811,0.624,73.63,389.57,0.57,18156,-17.082,-40.936
3101102,2200,1933,45701,Aimorés,MG,Sudeste,0.684,0.576,0.81,0.685,73.58,567.46,0.53,24592,-19.496,-41.064
3101201,1501,1448,40479,Aiuruoca,MG,Sudeste,0.668,0.505,0.871,0.677,77.23,539.92,0.49,6047,-21.976,-44.603
3101508,4511,1789,61637,Além Paraíba,MG,Sudeste,0.726,0.626,0.857,0.713,76.43,674.5,0.5,34103,-21.888,-42.704
3101607,6504,7676,147253,Alfenas,MG,Sudeste,0.761,0.712,0.841,0.737,75.45,783.41,0.51,73347,-21.429,-45.947
3101706,5411,3546,112193,Almenara,MG,Sudeste,0.642,0.518,0.803,0.636,73.18,419.98,0.53,38231,-16.184,-40.694
3101904,2954,2374,50861,Alpinópolis,MG,Sudeste,0.725,0.629,0.862,0.703,76.71,633.91,0.47,18344,-20.864,-46.388
3102100,1418,1270,24811,Alto Rio Doce,MG,Sudeste,0.62,0.483,0.828,0.595,74.7,323.95,0.46,11852,-21.026,-43.411
3102308,1068,891,18840,Alvinópolis,MG,Sudeste,0.676,0.577,0.822,0.651,74.34,460.96,0.46,15076,-20.107,-43.049
3102605,5220,4339,72442,Andradas,MG,Sudeste,0.734,0.617,0.878,0.731,77.69,754.39,0.44,37150,-22.068,-46.569
3102803,2095,1777,49540,Andrelândia,MG,Sudeste,0.7,0.621,0.818,0.675,74.06,534.68,0.51,12052,-21.74,-44.309
3103405,5601,4844,99329,Araçuaí,MG,Sudeste,0.663,0.56,0.821,0.633,74.27,410.67,0.57,35235,-16.85,-42.07
3103504,15746,9374,284159,Araguari,MG,Sudeste,0.773,0.716,0.871,0.74,77.28,798.63,0.47,109182,-18.649,-48.187
3104007,12017,7334,204903,Araxá,MG,Sudeste,0.772,0.709,0.858,0.756,76.49,883.88,0.48,93128,-19.593,-46.941
3104205,6015,3764,106658,Arcos,MG,Sudeste,0.749,0.671,0.874,0.717,77.43,691.16,0.43,36383,-20.282,-45.539
3104304,2058,1834,34004,Areado,MG,Sudeste,0.727,0.649,0.847,0.7,75.84,622.83,0.45,13596,-21.359,-46.146
3104502,3900,3144,61319,Arinos,MG,Sudeste,0.656,0.57,0.815,0.607,73.88,349.52,0.55,17078,-15.917,-46.106
3104908,1701,1252,26755,Baependi,MG,Sudeste,0.681,0.57,0.833,0.664,74.97,497.21,0.49,18000,-21.959,-44.89
3105103,1471,2278,143346,Bambuí,MG,Sudeste,0.741,0.636,0.87,0.735,77.2,777.46,0.49,22546,-20.006,-45.977
3105400,2080,1425,54855,Barão de Cocais,MG,Sudeste,0.722,0.647,0.858,0.679,76.46,546.85,0.42,28370,-19.946,-43.487
3105608,12447,9229,327671,Barbacena,MG,Sudeste,0.769,0.687,0.881,0.751,77.88,854.27,0.58,124658,-21.226,-43.774
3105905,1664,964,36011,Barroso,MG,Sudeste,0.734,0.678,0.864,0.675,76.84,535.1,0.48,19509,-21.187,-43.976
3106200,285084,213403,5312380,Belo Horizonte,MG,Sudeste,0.81,0.737,0.856,0.841,76.37,1497.29,0.6,2356178,-19.817,-43.956
3106408,1000,856,23219,Belo Vale,MG,Sudeste,0.655,0.514,0.814,0.672,73.86,524.03,0.46,7429,-20.408,-44.024
3106705,34559,25065,685552,Betim,MG,Sudeste,0.749,0.687,0.864,0.709,76.82,660.56,0.47,376578,-19.968,-44.198
3106903,2069,1954,53180,Bicas,MG,Sudeste,0.744,0.667,0.85,0.726,75.99,735,0.53,13576,-21.725,-43.059
3107109,5969,3258,69692,Boa Esperança,MG,Sudeste,0.704,0.587,0.855,0.694,76.28,599.17,0.47,38204,-21.09,-45.566
3107307,6253,4055,75250,Bocaiúva,MG,Sudeste,0.7,0.644,0.822,0.648,74.29,451.54,0.51,46261,-17.108,-43.815
3107406,6574,4513,135598,Bom Despacho,MG,Sudeste,0.75,0.661,0.861,0.742,76.66,809.9,0.49,45454,-19.736,-45.252
3108008,2688,2177,38830,Bom Sucesso,MG,Sudeste,0.692,0.602,0.808,0.68,73.49,551.39,0.49,17077,-21.033,-44.758
3108107,1845,1006,35536,Bonfim,MG,Sudeste,0.637,0.464,0.834,0.669,75.01,512.94,0.49,6738,-20.327,-44.239
3108206,1296,840,25268,Bonfinópolis de Minas,MG,Sudeste,0.678,0.598,0.796,0.655,72.73,472.15,0.47,5716,-16.567,-45.99
3108305,2025,1187,24901,Borda da Mata,MG,Sudeste,0.73,0.64,0.865,0.703,76.92,635.37,0.46,17028,-22.274,-46.165
3108404,2043,908,41735,Botelhos,MG,Sudeste,0.702,0.568,0.868,0.702,77.07,630.12,0.47,14811,-21.633,-46.395
3108602,6085,3252,80145,Brasília de Minas,MG,Sudeste,0.656,0.568,0.813,0.612,73.78,360.93,0.54,30821,-16.208,-44.429
3108909,1142,791,29748,Brasópolis,MG,Sudeste,0.692,0.566,0.841,0.697,75.45,613.88,0.54,14448,-22.474,-45.608
3109006,3506,6731,127233,Brumadinho,MG,Sudeste,0.747,0.639,0.857,0.761,76.39,910.31,0.57,33696,-20.143,-44.2
3109105,1838,1044,24364,Bueno Brandão,MG,Sudeste,0.658,0.507,0.848,0.662,75.9,491.08,0.44,10687,-22.441,-46.351
3109204,1428,1197,25245,Buenópolis,MG,Sudeste,0.669,0.579,0.796,0.65,72.74,456.55,0.49,10005,-17.873,-44.18
3109303,3014,1944,50170,Buritis,MG,Sudeste,0.672,0.558,0.815,0.666,73.88,505.59,0.57,22170,-15.618,-46.423
3109501,1678,1378,27829,Cabo Verde,MG,Sudeste,0.674,0.527,0.847,0.686,75.82,571.6,0.43,13548,-21.472,-46.396
3109709,2956,941,29055,Cachoeira de Minas,MG,Sudeste,0.706,0.637,0.821,0.673,74.25,527.44,0.45,10978,-22.355,-45.779
3110004,3203,1928,59573,Caeté,MG,Sudeste,0.728,0.663,0.844,0.69,75.62,586.16,0.46,40342,-19.88,-43.67
3110301,3462,2550,60292,Caldas,MG,Sudeste,0.687,0.529,0.873,0.701,77.35,627.21,0.49,13434,-21.924,-46.386
3110509,3616,1448,62475,Camanducaia,MG,Sudeste,0.689,0.553,0.837,0.707,75.22,649.49,0.5,20709,-22.755,-46.145
3110608,3257,2510,37397,Cambuí,MG,Sudeste,0.751,0.674,0.872,0.722,77.33,712.9,0.46,26350,-22.612,-46.058
3110707,1613,833,19724,Cambuquira,MG,Sudeste,0.699,0.577,0.856,0.691,76.34,588.83,0.5,12475,-21.852,-45.296
3110905,1592,1070,19721,Campanha,MG,Sudeste,0.709,0.587,0.849,0.715,75.93,686.16,0.5,15304,-21.836,-45.401
3111002,2394,1291,35784,Campestre,MG,Sudeste,0.698,0.566,0.843,0.712,75.59,669.87,0.52,20519,-21.711,-46.246
3111101,3198,2518,111763,Campina Verde,MG,Sudeste,0.704,0.562,0.868,0.714,77.06,681.73,0.47,18685,-19.536,-49.486
3111200,12301,6225,161546,Campo Belo,MG,Sudeste,0.711,0.586,0.868,0.706,77.1,646.71,0.47,51235,-20.897,-45.277
3111507,2402,2235,44010,Campos Altos,MG,Sudeste,0.702,0.582,0.86,0.69,76.62,587.21,0.4,14131,-19.696,-46.171
3111606,3335,2820,69166,Campos Gerais,MG,Sudeste,0.682,0.58,0.821,0.666,74.27,503.91,0.44,27369,-21.235,-45.759
3111804,1637,685,38468,Canápolis,MG,Sudeste,0.722,0.598,0.872,0.721,77.32,711.27,0.5,11307,-18.725,-49.204
3112000,1913,1511,32265,Candeias,MG,Sudeste,0.678,0.537,0.83,0.699,74.81,621.22,0.48,14456,-20.767,-45.276
3112307,4636,2762,91323,Capelinha,MG,Sudeste,0.653,0.527,0.824,0.641,74.41,432.55,0.52,34076,-17.691,-42.516
3112604,1868,1479,33517,Capinópolis,MG,Sudeste,0.723,0.601,0.841,0.747,75.47,834.14,0.59,15177,-18.682,-49.57
3113206,1638,2073,49578,Carandaí,MG,Sudeste,0.697,0.622,0.821,0.663,74.27,495.09,0.48,23179,-20.954,-43.806
3113305,5979,4205,102132,Carangola,MG,Sudeste,0.695,0.573,0.837,0.699,75.19,618.24,0.48,31866,-20.733,-42.029
3113404,18622,10477,235374,Caratinga,MG,Sudeste,0.706,0.603,0.836,0.697,75.16,610.29,0.54,84072,-19.79,-42.139
3113701,1579,1138,40991,Carlos Chagas,MG,Sudeste,0.648,0.513,0.826,0.641,74.55,432.37,0.53,19271,-17.703,-40.766
3114006,1429,625,17237,Carmo da Mata,MG,Sudeste,0.689,0.572,0.84,0.68,75.41,551.21,0.4,10824,-20.558,-44.871
3114105,1318,944,26753,Carmo de Minas,MG,Sudeste,0.682,0.562,0.845,0.668,75.71,511.95,0.47,13618,-22.122,-45.129
3114204,1961,1576,27515,Carmo do Cajuru,MG,Sudeste,0.71,0.605,0.853,0.695,76.16,606.19,0.43,19937,-20.184,-44.771
3114303,3752,3375,58516,Carmo do Paranaíba,MG,Sudeste,0.705,0.571,0.861,0.713,76.63,678.13,0.49,29214,-19.001,-46.316
3114402,1741,2013,88172,Carmo do Rio Claro,MG,Sudeste,0.733,0.649,0.85,0.715,76.01,685.17,0.52,20281,-20.972,-46.119
3114501,2369,1030,27173,Carmópolis de Minas,MG,Sudeste,0.7,0.582,0.85,0.694,75.99,599.63,0.46,16936,-20.541,-44.635
3115102,3644,1581,95622,Cássia,MG,Sudeste,0.704,0.576,0.837,0.723,75.22,717.84,0.47,17301,-20.583,-46.922
3115300,8332,4594,140253,Cataguases,MG,Sudeste,0.751,0.685,0.861,0.718,76.68,699.57,0.5,69329,-21.389,-42.697
3115508,2506,1288,48594,Caxambu,MG,Sudeste,0.743,0.629,0.848,0.77,75.85,963.25,0.65,21480,-21.977,-44.933
3116605,2520,1680,32504,Cláudio,MG,Sudeste,0.709,0.602,0.846,0.701,75.75,625.88,0.4,25500,-20.443,-44.766
3117306,4095,1704,62011,Conceição das Alagoas,MG,Sudeste,0.712,0.57,0.862,0.734,76.72,770.02,0.51,22625,-19.915,-48.388
3117504,2211,1194,44264,Conceição do Mato Dentro,MG,Sudeste,0.634,0.517,0.794,0.622,72.65,384.42,0.49,17699,-19.037,-43.425
3117702,2106,1566,34797,Conceição do Rio Verde,MG,Sudeste,0.665,0.522,0.834,0.675,75.01,533.38,0.53,12835,-21.881,-45.085
3118007,6959,3671,120670,Congonhas,MG,Sudeste,0.753,0.665,0.877,0.732,77.59,760.35,0.5,48409,-20.5,-43.858
3118205,1548,704,43815,Conquista,MG,Sudeste,0.729,0.618,0.877,0.714,77.59,678.21,0.45,6474,-19.937,-47.542
3118304,16333,13104,399792,Conselheiro Lafaiete,MG,Sudeste,0.761,0.697,0.86,0.736,76.62,781.59,0.49,115971,-20.66,-43.786
3118403,2377,1286,66819,Conselheiro Pena,MG,Sudeste,0.662,0.537,0.837,0.646,75.24,445.95,0.49,21615,-19.172,-41.472
3118601,54145,38786,1162318,Contagem,MG,Sudeste,0.756,0.697,0.832,0.745,74.94,824.3,0.48,600415,-19.932,-44.054
3118809,3200,2367,35376,Coração de Jesus,MG,Sudeste,0.642,0.57,0.808,0.575,73.48,287.28,0.49,25422,-16.685,-44.365
3119104,3628,1433,62908,Corinto,MG,Sudeste,0.68,0.562,0.842,0.664,75.49,499.56,0.53,23363,-18.381,-44.456
3119302,3871,3065,93925,Coromandel,MG,Sudeste,0.708,0.565,0.86,0.73,76.57,753.35,0.51,27257,-18.473,-47.2
3119401,8901,6170,158886,Coronel Fabriciano,MG,Sudeste,0.755,0.696,0.865,0.715,76.88,685.48,0.48,103217,-19.519,-42.629
3120508,2870,1022,26074,Cristina,MG,Sudeste,0.668,0.55,0.842,0.645,75.53,442.25,0.44,10099,-22.212,-45.264
3120805,1326,696,44530,Cruzília,MG,Sudeste,0.695,0.587,0.853,0.671,76.17,520.72,0.49,14494,-21.839,-44.808
3120904,12044,4760,239522,Curvelo,MG,Sudeste,0.713,0.617,0.851,0.689,76.05,581.65,0.52,73493,-18.756,-44.431
3121605,7788,5197,153317,Diamantina,MG,Sudeste,0.716,0.632,0.839,0.693,75.33,597.41,0.57,45013,-18.249,-43.6
3122009,2318,1750,35624,Divino,MG,Sudeste,0.605,0.421,0.823,0.639,74.36,426.94,0.52,18635,-20.614,-42.149
3122306,26166,16632,497338,Divinópolis,MG,Sudeste,0.764,0.702,0.844,0.753,75.63,868.57,0.47,211803,-20.139,-44.884
3123205,2748,1162,46642,Dores do Indaiá,MG,Sudeste,0.719,0.623,0.84,0.71,75.4,663.62,0.47,13661,-19.463,-45.602
3123601,4116,2729,65780,Elói Mendes,MG,Sudeste,0.685,0.558,0.838,0.688,75.26,577.5,0.46,25076,-21.61,-45.565
3123908,2012,1250,43605,Entre Rios de Minas,MG,Sudeste,0.672,0.563,0.802,0.673,73.14,527.33,0.5,13973,-20.671,-44.066
3124005,1641,1359,28776,Ervália,MG,Sudeste,0.625,0.46,0.828,0.64,74.7,429.35,0.46,17781,-20.84,-42.657
3124104,3906,3615,84495,Esmeraldas,MG,Sudeste,0.671,0.567,0.822,0.649,74.31,452.62,0.43,59587,-19.763,-44.314
3124203,5032,2434,71718,Espera Feliz,MG,Sudeste,0.663,0.52,0.846,0.663,75.77,496.04,0.5,22447,-20.65,-41.907
3124302,1803,1775,35065,Espinosa,MG,Sudeste,0.627,0.526,0.804,0.582,73.26,299.13,0.45,30536,-14.926,-42.819
3124807,935,644,34266,Estrela do Sul,MG,Sudeste,0.696,0.579,0.84,0.694,75.4,600.41,0.44,7374,-18.746,-47.693
3124906,1544,1454,25663,Eugenópolis,MG,Sudeste,0.675,0.551,0.846,0.66,75.77,486.46,0.44,10387,-21.099,-42.187
3125101,2960,3723,90687,Extrema,MG,Sudeste,0.732,0.633,0.849,0.729,75.95,745.21,0.4,28466,-22.855,-46.318
3125903,855,521,16640,Ferros,MG,Sudeste,0.603,0.428,0.821,0.625,74.24,392.08,0.52,10445,-19.232,-43.023
3126109,9891,8052,209227,Formiga,MG,Sudeste,0.755,0.676,0.874,0.729,77.43,746.8,0.48,64439,-20.464,-45.426
3126703,3731,1135,47984,Francisco Sá,MG,Sudeste,0.654,0.572,0.808,0.605,73.48,344.32,0.53,24196,-16.476,-43.488
3127107,9259,7775,211248,Frutal,MG,Sudeste,0.73,0.615,0.865,0.73,76.92,752.01,0.47,52248,-20.025,-48.941
3127305,446,958,69178,Galiléia,MG,Sudeste,0.654,0.546,0.795,0.645,72.71,442.14,0.49,6810,-18.999,-41.538
3127701,31894,24873,1892419,Governador Valadares,MG,Sudeste,0.727,0.644,0.834,0.714,75.06,678.74,0.52,261058,-18.851,-41.949
3127800,2118,1065,38694,Grão Mogol,MG,Sudeste,0.604,0.482,0.791,0.579,72.44,293.87,0.48,14304,-16.559,-42.89
3128006,3635,2021,74238,Guanhães,MG,Sudeste,0.686,0.576,0.82,0.683,74.22,560.99,0.56,30957,-18.775,-42.933
3128105,3461,1304,44449,Guapé,MG,Sudeste,0.679,0.57,0.831,0.661,74.86,487.68,0.39,13777,-20.762,-45.918
3128303,1590,1106,47737,Guaranésia,MG,Sudeste,0.701,0.589,0.845,0.693,75.7,598.17,0.41,18503,-21.299,-46.803
3128402,912,1225,29864,Guarani,MG,Sudeste,0.677,0.533,0.849,0.685,75.96,568.73,0.49,8556,-21.352,-43.047
3128709,9911,7713,216336,Guaxupé,MG,Sudeste,0.751,0.659,0.88,0.729,77.81,746.7,0.49,49148,-21.305,-46.713
3129509,2308,1646,30377,Ibiá,MG,Sudeste,0.718,0.573,0.877,0.736,77.62,781.68,0.55,22941,-19.478,-46.539
3129707,1263,995,51530,Ibiraci,MG,Sudeste,0.706,0.591,0.855,0.696,76.28,609.71,0.42,12006,-20.462,-47.122
3129806,13045,9524,239260,Ibirité,MG,Sudeste,0.704,0.616,0.84,0.673,75.41,525.64,0.42,158685,-20.022,-44.059
3130101,6139,4251,109888,Igarapé,MG,Sudeste,0.698,0.588,0.844,0.686,75.63,570.58,0.45,34453,-20.07,-44.302
3130309,1507,1055,20021,Iguatama,MG,Sudeste,0.707,0.616,0.825,0.695,74.51,604.59,0.43,7985,-20.174,-45.711
3130903,4309,3261,97941,Inhapim,MG,Sudeste,0.658,0.535,0.829,0.642,74.72,434.81,0.52,23590,-19.549,-42.12
3131208,2512,1893,60301,Ipanema,MG,Sudeste,0.693,0.586,0.848,0.67,75.87,518.1,0.53,17936,-19.801,-41.713
3131307,27476,22208,521692,Ipatinga,MG,Sudeste,0.771,0.705,0.864,0.752,76.85,862.91,0.52,237968,-19.468,-42.537
3131703,9610,6631,216573,Itabira,MG,Sudeste,0.756,0.678,0.873,0.729,77.37,744.61,0.51,109420,-19.619,-43.227
3131901,5840,2962,68429,Itabirito,MG,Sudeste,0.73,0.638,0.828,0.737,74.68,784.55,0.47,45260,-20.253,-43.801
3132206,1733,726,15855,Itaguara,MG,Sudeste,0.691,0.567,0.836,0.697,75.14,610.65,0.44,12231,-20.392,-44.488
3132404,10988,6066,172851,Itajubá,MG,Sudeste,0.787,0.718,0.884,0.767,78.06,948.2,0.55,89893,-22.426,-45.453
3132503,3418,2808,57786,Itamarandiba,MG,Sudeste,0.646,0.547,0.798,0.618,72.86,374.21,0.52,31679,-17.857,-42.859
3132701,3340,2419,64574,Itambacuri,MG,Sudeste,0.634,0.527,0.784,0.616,72.05,370.48,0.51,22131,-18.031,-41.685
3132909,1492,1393,43001,Itamogi,MG,Sudeste,0.674,0.568,0.81,0.665,73.61,502.2,0.41,10277,-21.078,-47.048
3133006,2076,1764,26593,Itamonte,MG,Sudeste,0.705,0.591,0.853,0.695,76.17,604.91,0.47,13831,-22.284,-44.87
3133105,2250,2306,37309,Itanhandu,MG,Sudeste,0.739,0.643,0.871,0.72,77.23,706.47,0.48,14102,-22.296,-44.935
3133204,1621,795,33456,Itanhomi,MG,Sudeste,0.65,0.503,0.831,0.656,74.85,474.77,0.55,11566,-19.172,-41.865
3133402,2194,1227,36404,Itapagipe,MG,Sudeste,0.723,0.603,0.861,0.728,76.64,741.95,0.45,13268,-19.909,-49.381
3133501,3129,2014,17526,Itapecerica,MG,Sudeste,0.713,0.618,0.846,0.692,75.73,594.71,0.44,21188,-20.473,-45.126
3133808,11258,8379,178815,Itaúna,MG,Sudeste,0.758,0.685,0.85,0.749,76.02,847.74,0.48,84928,-20.075,-44.576
3134202,10987,7529,171371,Ituiutaba,MG,Sudeste,0.739,0.644,0.84,0.745,75.37,824.46,0.5,96605,-18.969,-49.465
3134301,912,900,20427,Itumirim,MG,Sudeste,0.726,0.675,0.84,0.675,75.39,533.39,0.52,6118,-21.317,-44.871
3134400,9305,5098,200066,Iturama,MG,Sudeste,0.747,0.674,0.848,0.73,75.88,753.23,0.46,33933,-19.728,-50.196
3134608,3605,2178,68696,Jaboticatubas,MG,Sudeste,0.681,0.543,0.837,0.694,75.19,602.48,0.57,16802,-19.514,-43.745
3134707,2682,2528,62754,Jacinto,MG,Sudeste,0.62,0.496,0.807,0.595,73.4,325.42,0.48,11857,-16.144,-40.293
3134806,1201,764,14821,Jacuí,MG,Sudeste,0.668,0.54,0.81,0.682,73.61,558.14,0.4,7407,-21.017,-46.741
3134905,3559,3837,70536,Jacutinga,MG,Sudeste,0.715,0.586,0.864,0.722,76.82,717.25,0.42,22593,-22.286,-46.612
3135050,2840,2415,52221,Jaíba,MG,Sudeste,0.638,0.531,0.789,0.619,72.33,376.73,0.46,33112,-15.338,-43.674
3135100,5852,4355,155204,Janaúba,MG,Sudeste,0.696,0.649,0.796,0.654,72.74,468.29,0.53,66194,-15.803,-43.309
3135209,8129,8386,135678,Januária,MG,Sudeste,0.658,0.568,0.82,0.611,74.22,359.19,0.56,62686,-15.488,-44.362
3135506,2217,1664,43693,Jequeri,MG,Sudeste,0.601,0.451,0.794,0.607,72.61,348.73,0.5,12534,-20.456,-42.666
3135803,2124,2546,47516,Jequitinhonha,MG,Sudeste,0.615,0.461,0.817,0.619,73.99,376.03,0.54,23639,-16.434,-41.003
3136207,8731,5544,143006,João Monlevade,MG,Sudeste,0.758,0.708,0.849,0.724,75.93,724.4,0.49,73330,-19.81,-43.174
3136306,4893,3037,83378,João Pinheiro,MG,Sudeste,0.697,0.63,0.788,0.683,72.25,562.24,0.49,44307,-17.743,-46.173
3136702,53996,45567,1312799,Juiz de Fora,MG,Sudeste,0.778,0.711,0.844,0.784,75.65,1050.88,0.56,512508,-21.764,-43.35
3137205,7835,4418,105955,Lagoa da Prata,MG,Sudeste,0.732,0.655,0.832,0.72,74.89,707.01,0.45,45619,-20.023,-45.544
3137601,11751,4771,235247,Lagoa Santa,MG,Sudeste,0.777,0.693,0.857,0.79,76.43,1089.96,0.58,52306,-19.627,-43.89
3137700,2187,1300,38385,Lajinha,MG,Sudeste,0.661,0.541,0.81,0.659,73.6,482.87,0.51,19057,-20.151,-41.623
3137809,5459,5194,100173,Lambari,MG,Sudeste,0.711,0.596,0.871,0.693,77.23,597.16,0.48,19425,-21.976,-45.35
3138203,10674,9874,216924,Lavras,MG,Sudeste,0.782,0.719,0.88,0.757,77.8,889.65,0.5,91498,-21.245,-45
3138401,7415,4624,165129,Leopoldina,MG,Sudeste,0.726,0.635,0.867,0.696,77.04,609.5,0.5,50750,-21.532,-42.643
3138609,1312,1239,29001,Lima Duarte,MG,Sudeste,0.71,0.59,0.861,0.705,76.68,645.22,0.59,15926,-21.843,-43.793
3138807,5324,4758,87535,Luz,MG,Sudeste,0.724,0.63,0.833,0.723,75,720.88,0.5,17332,-19.801,-45.686
3139003,6714,5938,118514,Machado,MG,Sudeste,0.715,0.6,0.848,0.719,75.9,701.58,0.51,38494,-21.675,-45.92
3139201,2972,1596,31685,Malacacheta,MG,Sudeste,0.618,0.505,0.768,0.609,71.05,353.28,0.53,18421,-17.842,-42.077
3139300,3328,1676,44464,Manga,MG,Sudeste,0.642,0.53,0.799,0.624,72.96,387.71,0.68,19284,-14.756,-43.932
3139409,7553,6173,203522,Manhuaçu,MG,Sudeste,0.689,0.563,0.839,0.692,75.35,592.99,0.5,78817,-20.258,-42.034
3139508,3146,1933,51282,Manhumirim,MG,Sudeste,0.697,0.589,0.846,0.679,75.74,547.24,0.49,21194,-20.358,-41.958
3139607,5386,2779,71597,Mantena,MG,Sudeste,0.675,0.575,0.803,0.666,73.16,505.08,0.51,26359,-18.782,-40.98
3139805,1524,1054,29815,Mar de Espanha,MG,Sudeste,0.684,0.558,0.825,0.694,74.51,598.93,0.4,11680,-21.867,-43.01
3140001,4460,2788,83901,Mariana,MG,Sudeste,0.742,0.664,0.874,0.705,77.43,641.84,0.51,53607,-20.378,-43.416
3140506,1640,1371,26597,Martinho Campos,MG,Sudeste,0.669,0.515,0.844,0.688,75.61,579.07,0.44,12499,-19.332,-45.237
3140704,6281,6577,140702,Mateus Leme,MG,Sudeste,0.704,0.604,0.839,0.688,75.36,579.23,0.49,27580,-19.986,-44.428
3140803,2309,1056,52851,Matias Barbosa,MG,Sudeste,0.72,0.616,0.862,0.703,76.73,633.76,0.49,13367,-21.869,-43.319
3141108,6391,3872,160966,Matozinhos,MG,Sudeste,0.731,0.654,0.864,0.69,76.82,584.15,0.43,33851,-19.558,-44.081
3141405,3692,2438,45849,Medina,MG,Sudeste,0.624,0.475,0.821,0.624,74.27,388.82,0.57,20566,-16.223,-41.477
3141603,901,751,24602,Mercês,MG,Sudeste,0.664,0.515,0.831,0.683,74.85,561.75,0.58,10231,-21.194,-43.341
3141702,1010,396,9838,Mesquita,MG,Sudeste,0.656,0.555,0.796,0.638,72.76,424.12,0.46,5992,-19.223,-42.607
3141801,3810,1519,45486,Minas Novas,MG,Sudeste,0.633,0.528,0.802,0.6,73.14,334.06,0.5,29729,-17.219,-42.59
3142106,1031,735,27900,Miradouro,MG,Sudeste,0.663,0.546,0.827,0.645,74.64,443.39,0.52,9767,-20.891,-42.343
3142205,1996,1611,33558,Miraí,MG,Sudeste,0.68,0.567,0.837,0.663,75.19,493.91,0.45,13699,-21.195,-42.614
3142700,1288,1247,27483,Montalvânia,MG,Sudeste,0.613,0.492,0.799,0.586,72.96,305.88,0.54,15474,-14.423,-44.366
3142809,2091,1983,38878,Monte Alegre de Minas,MG,Sudeste,0.674,0.516,0.848,0.699,75.86,619.1,0.47,19305,-18.871,-48.881
3142908,2856,1563,45067,Monte Azul,MG,Sudeste,0.659,0.578,0.811,0.611,73.63,358.13,0.51,21600,-15.155,-42.875
3143005,1582,939,28933,Monte Belo,MG,Sudeste,0.688,0.567,0.847,0.677,75.82,539.84,0.46,12517,-21.326,-46.368
3143104,6800,5023,155243,Monte Carmelo,MG,Sudeste,0.728,0.62,0.868,0.716,77.1,689.45,0.49,45524,-18.725,-47.499
3143203,2529,2177,66420,Monte Santo de Minas,MG,Sudeste,0.71,0.595,0.874,0.689,77.46,584.09,0.42,21055,-21.19,-46.98
3143302,34643,24130,685146,Montes Claros,MG,Sudeste,0.77,0.744,0.868,0.707,77.07,650.62,0.53,358628,-16.735,-43.862
3143401,3376,1635,62569,Monte Sião,MG,Sudeste,0.724,0.59,0.878,0.732,77.69,760.69,0.44,20987,-22.433,-46.573
3143500,1753,1338,26010,Morada Nova de Minas,MG,Sudeste,0.696,0.59,0.83,0.688,74.79,577.61,0.45,8164,-18.604,-45.357
3143906,9999,8204,266876,Muriaé,MG,Sudeste,0.734,0.634,0.853,0.731,76.18,758.46,0.52,99913,-21.131,-42.366
3144003,1855,1351,28203,Mutum,MG,Sudeste,0.644,0.511,0.822,0.635,74.3,415.41,0.49,25730,-19.8,-41.438
3144102,2556,1723,92283,Muzambinho,MG,Sudeste,0.74,0.652,0.859,0.723,76.51,719.94,0.46,20314,-21.376,-46.526
3144300,6173,3890,111433,Nanuque,MG,Sudeste,0.701,0.609,0.85,0.666,76.02,505.55,0.5,40552,-17.839,-40.354
3144409,1517,1035,23897,Natércia,MG,Sudeste,0.693,0.612,0.805,0.677,73.28,541.69,0.4,4611,-22.12,-45.512
3144607,1758,1066,41697,Nepomuceno,MG,Sudeste,0.667,0.549,0.822,0.658,74.3,480.79,0.44,25189,-21.236,-45.236
3144706,1699,1413,49445,Nova Era,MG,Sudeste,0.709,0.639,0.825,0.675,74.48,532.58,0.47,17416,-19.75,-43.038
3144805,12694,9076,315162,Nova Lima,MG,Sudeste,0.813,0.704,0.885,0.864,78.1,1731.84,0.68,80319,-19.986,-43.847
3145000,1583,1185,73455,Nova Ponte,MG,Sudeste,0.701,0.562,0.835,0.734,75.08,771.68,0.52,12760,-19.136,-47.683
3145109,1974,1336,46682,Nova Resende,MG,Sudeste,0.671,0.525,0.839,0.687,75.33,576.41,0.45,15229,-21.126,-46.42
3145208,9329,7472,211881,Nova Serrana,MG,Sudeste,0.715,0.597,0.864,0.709,76.82,659.74,0.35,73289,-19.876,-44.984
3145307,4926,2427,82462,Novo Cruzeiro,MG,Sudeste,0.571,0.415,0.797,0.562,72.83,264.66,0.53,29829,-17.468,-41.875
3145604,5119,4374,114298,Oliveira,MG,Sudeste,0.699,0.587,0.842,0.691,75.51,588.2,0.45,39140,-20.696,-44.827
3145901,3424,3248,72354,Ouro Branco,MG,Sudeste,0.764,0.68,0.872,0.753,77.31,866.02,0.52,35115,-20.521,-43.692
3146008,4339,2537,61587,Ouro Fino,MG,Sudeste,0.722,0.622,0.861,0.703,76.66,635.38,0.45,31352,-22.283,-46.369
3146107,6235,3404,119036,Ouro Preto,MG,Sudeste,0.741,0.677,0.834,0.721,75.03,710.55,0.5,69716,-20.288,-43.508
3146701,682,618,16377,Palma,MG,Sudeste,0.703,0.623,0.841,0.663,75.45,494.63,0.49,6524,-21.375,-42.314
3147006,10922,7119,122907,Paracatu,MG,Sudeste,0.744,0.685,0.854,0.704,76.22,637.8,0.51,84010,-17.222,-46.875
3147105,14560,10970,289391,Pará de Minas,MG,Sudeste,0.725,0.628,0.848,0.715,75.87,686.42,0.43,83577,-19.86,-44.608
3147204,3069,1917,48489,Paraguaçu,MG,Sudeste,0.715,0.623,0.85,0.69,75.98,587.36,0.41,20031,-21.547,-45.738
3147303,2450,2179,54501,Paraisópolis,MG,Sudeste,0.729,0.657,0.852,0.692,76.11,592.61,0.46,19230,-22.554,-45.78
3147402,3524,2454,83738,Paraopeba,MG,Sudeste,0.694,0.625,0.793,0.674,72.55,530.79,0.45,22470,-19.274,-44.404
3147600,1530,1019,25971,Passa Quatro,MG,Sudeste,0.715,0.623,0.86,0.683,76.59,561.44,0.49,15471,-22.39,-44.967
3147709,1098,793,15938,Passa Tempo,MG,Sudeste,0.687,0.594,0.808,0.676,73.46,535.96,0.49,7957,-20.651,-44.496
3147907,14268,10014,200254,Passos,MG,Sudeste,0.756,0.658,0.886,0.741,78.15,802.97,0.49,105700,-20.719,-46.61
3148004,19139,11245,347120,Patos de Minas,MG,Sudeste,0.765,0.698,0.855,0.749,76.31,843.57,0.5,137776,-18.579,-46.518
3148103,9237,7232,297138,Patrocínio,MG,Sudeste,0.729,0.628,0.852,0.723,76.14,720.59,0.49,81617,-18.944,-46.993
3148608,2359,1690,45812,Peçanha,MG,Sudeste,0.627,0.497,0.787,0.63,72.23,404.21,0.53,17117,-18.549,-42.557
3148707,4780,2953,59581,Pedra Azul,MG,Sudeste,0.627,0.518,0.797,0.596,72.79,327.18,0.53,23512,-16.005,-41.297
3149101,1634,971,19748,Pedralva,MG,Sudeste,0.675,0.563,0.807,0.677,73.39,541.01,0.55,11305,-22.243,-45.466
3149309,8386,3867,85481,Pedro Leopoldo,MG,Sudeste,0.757,0.7,0.856,0.723,76.33,721.11,0.47,58468,-19.618,-44.043
3149804,1484,1392,29593,Perdizes,MG,Sudeste,0.723,0.571,0.88,0.752,77.8,861.29,0.55,14221,-19.353,-47.293
3149903,1846,1771,32704,Perdões,MG,Sudeste,0.744,0.661,0.878,0.71,77.69,663.06,0.52,20034,-21.091,-45.091
3150802,3328,2437,46664,Piranga,MG,Sudeste,0.6,0.461,0.799,0.585,72.96,305.73,0.52,16595,-20.685,-43.3
3151107,709,1150,36634,Pirapetinga,MG,Sudeste,0.709,0.624,0.841,0.68,75.45,550.3,0.46,10331,-21.656,-42.346
3151206,8435,7421,136738,Pirapora,MG,Sudeste,0.731,0.68,0.828,0.693,74.65,596.44,0.55,52787,-17.345,-44.942
3151404,10209,2866,86985,Pitangui,MG,Sudeste,0.725,0.617,0.87,0.711,77.22,669,0.47,25148,-19.683,-44.89
3151503,5812,3612,115971,Piumhi,MG,Sudeste,0.737,0.625,0.878,0.729,77.7,747.2,0.47,31456,-20.465,-45.958
3151701,2927,2427,46696,Poço Fundo,MG,Sudeste,0.691,0.541,0.866,0.705,76.95,644.47,0.44,15740,-21.781,-45.965
3151800,20015,14115,226027,Poços de Caldas,MG,Sudeste,0.779,0.706,0.872,0.768,77.31,953.96,0.5,151812,-21.788,-46.561
3152006,4243,3568,65686,Pompéu,MG,Sudeste,0.689,0.564,0.834,0.694,75.05,598.83,0.52,28668,-19.224,-44.935
3152105,8354,5987,151674,Ponte Nova,MG,Sudeste,0.717,0.608,0.848,0.714,75.9,679.67,0.51,56412,-20.416,-42.909
3152204,2822,2139,60242,Porteirinha,MG,Sudeste,0.651,0.585,0.796,0.593,72.74,320.48,0.5,37047,-15.743,-43.028
3152501,16890,13531,362716,Pouso Alegre,MG,Sudeste,0.774,0.704,0.872,0.755,77.33,878.26,0.49,129564,-22.23,-45.936
3152709,880,904,22227,Prados,MG,Sudeste,0.689,0.574,0.865,0.66,76.89,485.2,0.48,8330,-21.058,-44.08
3152808,2457,2537,67700,Prata,MG,Sudeste,0.695,0.536,0.852,0.736,76.12,782.28,0.51,25164,-19.307,-48.924
3152907,2895,2404,47531,Pratápolis,MG,Sudeste,0.729,0.639,0.862,0.703,76.74,636.81,0.45,8685,-20.745,-46.861
3153400,2203,1886,49684,Presidente Olegário,MG,Sudeste,0.701,0.611,0.831,0.679,74.88,546.68,0.45,18236,-18.418,-46.418
3154002,1747,1999,53720,Raul Soares,MG,Sudeste,0.655,0.52,0.823,0.658,74.36,480.45,0.51,23579,-20.102,-42.453
3154200,879,669,28269,Resende Costa,MG,Sudeste,0.685,0.568,0.823,0.689,74.4,580.66,0.48,10789,-20.922,-44.238
3154309,2962,2149,61486,Resplendor,MG,Sudeste,0.67,0.543,0.833,0.666,74.99,504.18,0.52,16644,-19.326,-41.255
3154606,21862,17778,525975,Ribeirão das Neves,MG,Sudeste,0.684,0.591,0.822,0.658,74.31,479.77,0.39,291742,-19.767,-44.087
3154903,2031,1450,52153,Rio Casca,MG,Sudeste,0.65,0.519,0.813,0.651,73.79,460.2,0.47,13997,-20.226,-42.651
3155405,585,832,26226,Rio Novo,MG,Sudeste,0.707,0.631,0.835,0.671,75.07,519.69,0.47,8649,-21.458,-43.125
3155504,3018,1540,23217,Rio Paranaíba,MG,Sudeste,0.709,0.575,0.855,0.725,76.28,727.2,0.5,11700,-19.194,-46.247
3155603,3064,2397,44273,Rio Pardo de Minas,MG,Sudeste,0.624,0.52,0.798,0.586,72.85,306.96,0.52,28312,-15.61,-42.54
3155702,1247,909,24071,Rio Piracicaba,MG,Sudeste,0.685,0.605,0.794,0.67,72.63,516.18,0.45,14005,-19.929,-43.174
3155801,2785,1341,33361,Rio Pomba,MG,Sudeste,0.714,0.609,0.863,0.694,76.77,601.31,0.47,16872,-21.275,-43.179
3155900,1204,1011,23586,Rio Preto,MG,Sudeste,0.679,0.557,0.847,0.665,75.84,501.52,0.51,5229,-22.089,-43.828
3156007,978,434,15340,Rio Vermelho,MG,Sudeste,0.558,0.389,0.787,0.566,72.23,271.44,0.56,13243,-18.294,-43.009
3156700,7766,5862,157707,Sabará,MG,Sudeste,0.731,0.67,0.833,0.699,74.99,619.93,0.45,125891,-19.886,-43.807
3156809,2115,800,33573,Sabinópolis,MG,Sudeste,0.638,0.502,0.812,0.637,73.71,420.36,0.52,15408,-18.666,-43.084
3156908,3456,2895,61169,Sacramento,MG,Sudeste,0.732,0.619,0.871,0.726,77.25,732.35,0.45,23636,-19.865,-47.44
3157005,4146,2234,55005,Salinas,MG,Sudeste,0.679,0.551,0.815,0.697,73.9,613.65,0.65,38577,-16.17,-42.29
3157203,2261,2110,65787,Santa Bárbara,MG,Sudeste,0.707,0.642,0.816,0.676,73.97,535.84,0.47,27737,-19.959,-43.415
3157807,22341,11892,410107,Santa Luzia,MG,Sudeste,0.715,0.625,0.859,0.682,76.52,557.62,0.43,201718,-19.77,-43.851
3158201,2099,876,27704,Santa Maria do Suaçuí,MG,Sudeste,0.64,0.511,0.817,0.629,74.03,401.16,0.54,13826,-18.19,-42.414
3159209,2160,1535,55101,Santa Rita de Caldas,MG,Sudeste,0.69,0.576,0.823,0.693,74.36,597.4,0.43,8957,-22.029,-46.337
3159605,4010,3656,78712,Santa Rita do Sapucaí,MG,Sudeste,0.721,0.62,0.83,0.727,74.8,738.4,0.48,37350,-22.252,-45.703
3159803,1987,1117,37882,Santa Vitória,MG,Sudeste,0.71,0.576,0.865,0.718,76.88,698.7,0.46,17922,-18.839,-50.121
3160405,4003,2350,42836,Santo Antônio do Monte,MG,Sudeste,0.724,0.615,0.84,0.736,75.37,781.49,0.49,25758,-20.087,-45.294
3160702,6673,5579,122523,Santos Dumont,MG,Sudeste,0.741,0.697,0.847,0.688,75.84,578.64,0.5,45871,-21.457,-43.553
3161007,1972,930,40365,São Domingos do Prata,MG,Sudeste,0.69,0.593,0.823,0.674,74.36,531.92,0.49,17132,-19.865,-42.968
3161106,3641,3950,131023,São Francisco,MG,Sudeste,0.638,0.542,0.804,0.595,73.26,325.23,0.55,52834,-15.949,-44.864
3162005,4969,2907,77396,São Gonçalo do Sapucaí,MG,Sudeste,0.715,0.609,0.85,0.706,75.99,648.31,0.52,23755,-21.892,-45.595
3162104,3606,3063,62256,São Gotardo,MG,Sudeste,0.736,0.632,0.855,0.739,76.27,795.14,0.51,31669,-19.311,-46.049
3162401,4218,1464,82449,São João da Ponte,MG,Sudeste,0.569,0.419,0.786,0.559,72.17,258.77,0.48,24905,-15.929,-44.008
3162500,8623,7193,194607,São João del Rei,MG,Sudeste,0.758,0.69,0.86,0.733,76.57,764.74,0.52,83599,-21.136,-44.262
3162708,2505,1975,43296,São João do Paraíso,MG,Sudeste,0.615,0.493,0.808,0.583,73.46,300.81,0.44,21849,-15.314,-42.014
3162807,2064,1414,29877,São João Evangelista,MG,Sudeste,0.638,0.52,0.806,0.62,73.37,378.41,0.52,15374,-18.548,-42.763
3162906,1628,957,44300,São João Nepomuceno,MG,Sudeste,0.708,0.6,0.85,0.696,75.98,608.32,0.42,24887,-21.54,-43.011
3163706,6703,3677,106874,São Lourenço,MG,Sudeste,0.759,0.673,0.871,0.746,77.28,831.32,0.51,41320,-22.116,-45.054
3164209,1485,445,18516,São Romão,MG,Sudeste,0.64,0.568,0.787,0.586,72.22,307.02,0.53,9951,-16.369,-45.069
3164308,1119,507,15694,São Roque de Minas,MG,Sudeste,0.672,0.517,0.838,0.699,75.27,621.11,0.45,6569,-20.245,-46.366
3164704,11708,9291,212054,São Sebastião do Paraíso,MG,Sudeste,0.722,0.613,0.836,0.735,75.15,775.73,0.47,64629,-20.917,-46.991
3165701,1715,1083,26374,Senador Firmino,MG,Sudeste,0.644,0.505,0.829,0.639,74.75,426.49,0.43,7088,-20.912,-43.097
3167103,2319,992,35044,Serro,MG,Sudeste,0.656,0.52,0.834,0.65,75.01,457.27,0.65,20436,-18.605,-43.379
3167202,24770,20617,715179,Sete Lagoas,MG,Sudeste,0.76,0.705,0.84,0.742,75.37,809.26,0.53,213046,-19.466,-44.247
3167400,1431,1152,30190,Silvianópolis,MG,Sudeste,0.699,0.559,0.865,0.706,76.87,647.64,0.47,5982,-22.029,-45.835
3168002,2176,1686,52568,Taiobeiras,MG,Sudeste,0.67,0.578,0.815,0.639,73.9,426.91,0.51,30694,-15.808,-42.233
3168408,3940,3420,57584,Tarumirim,MG,Sudeste,0.633,0.499,0.829,0.614,74.72,364.41,0.47,13919,-19.281,-42.007
3168507,2403,1258,17302,Teixeiras,MG,Sudeste,0.675,0.558,0.804,0.685,73.26,568.91,0.55,11244,-20.651,-42.857
3168606,14530,9905,364408,Teófilo Otoni,MG,Sudeste,0.701,0.598,0.824,0.698,74.45,615.34,0.57,131628,-17.858,-41.505
3168705,5875,3801,86470,Timóteo,MG,Sudeste,0.77,0.742,0.836,0.737,75.14,786.68,0.48,81061,-19.583,-42.644
3168903,1285,758,6960,Tiros,MG,Sudeste,0.683,0.532,0.852,0.703,76.13,634.3,0.52,6712,-19.004,-45.964
3169208,1152,850,31396,Tombos,MG,Sudeste,0.718,0.607,0.871,0.699,77.23,621.05,0.52,9407,-20.905,-42.023
3169307,8332,6280,106284,Três Corações,MG,Sudeste,0.744,0.66,0.855,0.73,76.28,749.86,0.56,71834,-21.697,-45.253
3169356,4037,1747,53887,Três Marias,MG,Sudeste,0.752,0.695,0.866,0.706,76.93,645.33,0.52,28212,-18.206,-45.242
3169406,7390,4725,110713,Três Pontas,MG,Sudeste,0.731,0.643,0.85,0.714,75.98,682.15,0.51,53551,-21.367,-45.513
3169604,3020,2372,93055,Tupaciguara,MG,Sudeste,0.719,0.605,0.863,0.711,76.78,665.76,0.49,23953,-18.593,-48.705
3169703,3331,1230,58643,Turmalina,MG,Sudeste,0.682,0.602,0.816,0.646,73.98,446.26,0.5,17821,-17.286,-42.73
3169901,11918,10569,244428,Ubá,MG,Sudeste,0.724,0.62,0.841,0.727,75.45,739.56,0.5,101096,-21.12,-42.943
3170107,44627,26361,705341,Uberaba,MG,Sudeste,0.772,0.705,0.845,0.772,75.71,978.01,0.5,292576,-19.748,-47.932
3170206,77457,44690,1646281,Uberlândia,MG,Sudeste,0.789,0.716,0.885,0.776,78.09,1001.45,0.5,599978,-18.919,-48.277
3170404,10390,5922,157014,Unaí,MG,Sudeste,0.736,0.651,0.847,0.723,75.83,720.51,0.54,75850,-16.358,-46.906
3170701,18926,12109,291228,Varginha,MG,Sudeste,0.778,0.707,0.875,0.76,77.49,904.57,0.51,122584,-21.551,-45.43
3170800,5481,3877,68645,Várzea da Palma,MG,Sudeste,0.666,0.573,0.814,0.634,73.83,413.59,0.46,35466,-17.598,-44.731
3171006,3097,1993,32434,Vazante,MG,Sudeste,0.742,0.666,0.866,0.707,76.96,650.88,0.44,19585,-17.987,-46.908
3171204,11238,8029,197761,Vespasiano,MG,Sudeste,0.688,0.592,0.811,0.677,73.65,539.05,0.42,104081,-19.692,-43.923
3171303,10093,4887,152815,Viçosa,MG,Sudeste,0.775,0.696,0.883,0.758,77.96,892.25,0.56,71883,-20.754,-42.882
3171808,1324,994,42301,Virginópolis,MG,Sudeste,0.675,0.58,0.831,0.638,74.86,423.01,0.49,10385,-18.823,-42.704
3172004,5811,3637,100955,Visconde do Rio Branco,MG,Sudeste,0.709,0.591,0.85,0.709,75.97,658.96,0.49,37837,-21.01,-42.841
3200102,2441,1246,52308,AFONSO CLÁUDIO,ES,Sudeste,0.667,0.544,0.825,0.661,74.51,489.59,0.5,30658,-20.074,-41.124
3200136,889,951,43516,ÁGUIA BRANCA,ES,Sudeste,0.678,0.595,0.792,0.66,72.53,487.28,0.53,9230,-18.983,-40.74
3200169,958,643,40338,ÁGUA DOCE DO NORTE,ES,Sudeste,0.652,0.546,0.819,0.619,74.13,377.39,0.49,11456,-18.547,-40.979
3200201,2604,1781,85248,ALEGRE,ES,Sudeste,0.721,0.63,0.839,0.708,75.35,655.72,0.52,30421,-20.764,-41.533
3200300,1156,711,32006,ALFREDO CHAVES,ES,Sudeste,0.71,0.611,0.832,0.703,74.93,634.97,0.48,13946,-20.635,-40.75
3200359,658,379,17472,ALTO RIO NOVO,ES,Sudeste,0.664,0.567,0.815,0.634,73.89,413.59,0.52,7205,-19.056,-41.017
3200409,2150,1873,97779,ANCHIETA,ES,Sudeste,0.73,0.654,0.856,0.696,76.35,608.42,0.46,23778,-20.805,-40.645
3200508,506,338,18564,APIACÁ,ES,Sudeste,0.673,0.549,0.841,0.659,75.45,482.94,0.53,7443,-21.154,-41.568
3200607,7031,6358,257841,ARACRUZ,ES,Sudeste,0.752,0.707,0.838,0.717,75.26,695.25,0.5,81005,-19.82,-40.273
3200706,955,438,22787,ATILIO VIVACQUA,ES,Sudeste,0.708,0.637,0.841,0.663,75.45,493.81,0.44,9695,-20.914,-41.198
3200805,2725,1353,87371,BAIXO GUANDU,ES,Sudeste,0.702,0.637,0.811,0.67,73.66,516.34,0.48,28578,-19.519,-41.016
3200904,9104,2108,138781,BARRA DE SÃO FRANCISCO,ES,Sudeste,0.683,0.58,0.815,0.673,73.9,527.84,0.5,39716,-18.755,-40.891
3201001,835,833,36372,BOA ESPERANÇA,ES,Sudeste,0.679,0.59,0.816,0.651,73.95,460.69,0.45,13995,-18.54,-40.296
3201100,666,642,27696,BOM JESUS DO NORTE,ES,Sudeste,0.734,0.673,0.854,0.689,76.22,584.06,0.48,9386,-21.114,-41.672
3201209,34317,10903,470048,CACHOEIRO DE ITAPEMIRIM,ES,Sudeste,0.746,0.677,0.837,0.733,75.2,763.71,0.52,188623,-20.849,-41.113
3201308,20236,17233,785391,CARIACICA,ES,Sudeste,0.718,0.628,0.844,0.699,75.64,620.89,0.45,346926,-20.264,-40.42
3201407,2174,1776,87377,CASTELO,ES,Sudeste,0.726,0.639,0.852,0.703,76.09,636.49,0.45,34588,-20.604,-41.185
3201506,16562,9257,248295,COLATINA,ES,Sudeste,0.746,0.668,0.841,0.738,75.45,788.29,0.51,110565,-19.539,-40.631
3201605,995,914,69343,CONCEIÇÃO DA BARRA,ES,Sudeste,0.681,0.603,0.81,0.648,73.59,450.71,0.5,28249,-18.593,-39.732
3201704,1523,920,22638,CONCEIÇÃO DO CASTELO,ES,Sudeste,0.67,0.541,0.81,0.685,73.59,567.83,0.51,11367,-20.368,-41.244
3201902,5243,1303,64137,DOMINGOS MARTINS,ES,Sudeste,0.669,0.528,0.833,0.68,74.98,551.74,0.48,31662,-20.363,-40.659
3202009,405,380,15134,DORES DO RIO PRETO,ES,Sudeste,0.654,0.542,0.813,0.635,73.78,414.87,0.49,6122,-20.689,-41.845
3202108,781,990,65722,ECOPORANGA,ES,Sudeste,0.662,0.562,0.819,0.631,74.13,406.49,0.49,22385,-18.373,-40.831
3202207,792,714,58134,FUNDÃO,ES,Sudeste,0.718,0.623,0.839,0.708,75.34,657.18,0.49,16825,-19.933,-40.407
3202306,2550,1625,75263,GUAÇUÍ,ES,Sudeste,0.703,0.595,0.846,0.691,75.73,587.91,0.52,27450,-20.776,-41.679
3202405,10717,7815,288155,GUARAPARI,ES,Sudeste,0.731,0.626,0.837,0.746,75.21,830.51,0.58,103882,-20.658,-40.511
3202454,1987,1482,50152,IBATIBA,ES,Sudeste,0.647,0.501,0.83,0.651,74.8,458.35,0.45,22164,-20.234,-41.511
3202504,953,502,20042,IBIRAÇU,ES,Sudeste,0.726,0.625,0.835,0.733,75.08,764.33,0.56,11163,-19.832,-40.37
3202553,760,443,19336,IBITIRAMA,ES,Sudeste,0.622,0.481,0.821,0.609,74.24,353.86,0.47,8801,-20.541,-41.667
3202603,858,725,33372,ICONHA,ES,Sudeste,0.729,0.658,0.83,0.709,74.77,660.78,0.45,12452,-20.793,-40.811
3202702,658,726,26701,ITAGUAÇU,ES,Sudeste,0.702,0.641,0.802,0.672,73.1,522.25,0.43,14102,-19.802,-40.856
3202801,3657,2415,87800,ITAPEMIRIM,ES,Sudeste,0.654,0.54,0.808,0.64,73.5,428.61,0.44,30843,-21.011,-40.834
3202900,402,370,19984,ITARANA,ES,Sudeste,0.684,0.568,0.809,0.696,73.51,607.49,0.47,10844,-19.874,-40.875
3203007,2056,1506,75116,IÚNA,ES,Sudeste,0.666,0.537,0.829,0.665,74.74,501.21,0.5,26609,-20.346,-41.536
3203056,1506,771,70219,JAGUARÉ,ES,Sudeste,0.678,0.568,0.81,0.678,73.59,543.6,0.56,24601,-18.906,-40.076
3203106,1068,697,30435,JERÔNIMO MONTEIRO,ES,Sudeste,0.698,0.589,0.844,0.685,75.61,566.32,0.54,10720,-20.789,-41.395
3203130,960,709,38013,JOÃO NEIVA,ES,Sudeste,0.753,0.663,0.857,0.751,76.42,859.01,0.53,15559,-19.758,-40.386
3203163,575,341,15248,LARANJA DA TERRA,ES,Sudeste,0.656,0.55,0.81,0.633,73.59,411.93,0.47,10710,-19.899,-41.057
3203205,17918,11031,379602,LINHARES,ES,Sudeste,0.724,0.63,0.834,0.721,75.05,711.38,0.52,139483,-19.391,-40.072
3203304,1023,659,36553,MANTENÓPOLIS,ES,Sudeste,0.657,0.551,0.81,0.636,73.61,417.83,0.52,13225,-18.863,-41.123
3203320,4404,2575,105266,MARATAÍZES,ES,Sudeste,0.696,0.588,0.847,0.676,75.8,538.07,0.52,33727,-21.043,-40.824
3203346,924,536,34170,MARECHAL FLORIANO,ES,Sudeste,0.71,0.589,0.849,0.715,75.95,683.63,0.48,14177,-20.413,-40.683
3203353,382,409,26911,MARILÂNDIA,ES,Sudeste,0.696,0.612,0.823,0.668,74.35,510.91,0.39,11057,-19.413,-40.542
3203403,1698,1264,60782,MIMOSO DO SUL,ES,Sudeste,0.67,0.541,0.827,0.672,74.64,523.04,0.49,25518,-21.064,-41.366
3203502,901,896,46867,MONTANHA,ES,Sudeste,0.667,0.535,0.816,0.679,73.96,547.46,0.52,17615,-18.127,-40.363
3203601,676,664,27448,MUCURICI,ES,Sudeste,0.666,0.577,0.828,0.617,74.7,372.63,0.48,5588,-18.093,-40.516
3203700,1188,780,44542,MUNIZ FREIRE,ES,Sudeste,0.645,0.512,0.821,0.637,74.24,421.86,0.51,18039,-20.464,-41.413
3203809,884,552,25293,MUQUI,ES,Sudeste,0.694,0.619,0.802,0.673,73.1,528.68,0.52,14193,-20.952,-41.346
3203908,5775,3158,161240,NOVA VENÉCIA,ES,Sudeste,0.712,0.621,0.841,0.692,75.48,592.06,0.48,45434,-18.711,-40.401
3204005,590,1009,47556,PANCAS,ES,Sudeste,0.667,0.562,0.815,0.648,73.89,451.21,0.5,21268,-19.225,-40.851
3204054,562,712,63728,PEDRO CANÁRIO,ES,Sudeste,0.654,0.536,0.812,0.643,73.71,437.08,0.46,23730,-18.03,-40.151
3204104,1329,1048,67360,PINHEIROS,ES,Sudeste,0.673,0.558,0.816,0.668,73.96,509.45,0.49,23599,-18.412,-40.215
3204203,2377,1667,85820,PIÚMA,ES,Sudeste,0.727,0.643,0.852,0.702,76.11,629.9,0.49,17946,-20.835,-40.729
3204302,860,602,51953,PRESIDENTE KENNEDY,ES,Sudeste,0.657,0.553,0.808,0.636,73.5,419.97,0.48,10112,-21.099,-41.047
3204351,742,812,55139,RIO BANANAL,ES,Sudeste,0.681,0.579,0.802,0.68,73.1,550.55,0.5,17336,-19.265,-40.333
3204401,1256,520,18672,RIO NOVO DO SUL,ES,Sudeste,0.711,0.62,0.837,0.692,75.21,594.24,0.48,11186,-20.863,-40.936
3204500,871,346,28489,SANTA LEOPOLDINA,ES,Sudeste,0.626,0.477,0.797,0.646,72.79,445.57,0.55,11568,-20.101,-40.53
3204559,2102,1750,63445,SANTA MARIA DE JETIBÁ,ES,Sudeste,0.671,0.521,0.834,0.695,75.04,603.33,0.49,33347,-20.041,-40.746
3204609,2242,1467,74764,SANTA TERESA,ES,Sudeste,0.714,0.604,0.834,0.722,75.04,716.25,0.48,21681,-19.936,-40.6
3204658,94,256,18326,SÃO DOMINGOS DO NORTE,ES,Sudeste,0.682,0.575,0.811,0.679,73.66,547.57,0.49,7942,-19.144,-40.624
3204708,2431,2436,135002,SÃO GABRIEL DA PALHA,ES,Sudeste,0.709,0.578,0.835,0.739,75.08,792.54,0.6,31059,-19.017,-40.536
3204807,638,377,32787,SÃO JOSÉ DO CALÇADO,ES,Sudeste,0.688,0.599,0.814,0.669,73.81,514.57,0.51,10167,-21.025,-41.654
3204906,8839,6667,230181,SÃO MATEUS,ES,Sudeste,0.735,0.655,0.843,0.719,75.55,699.99,0.57,107298,-18.716,-39.859
3205002,34413,26820,975631,SERRA,ES,Sudeste,0.739,0.664,0.844,0.72,75.66,705.89,0.47,407516,-20.129,-40.308
3205036,1623,1089,42354,VARGEM ALTA,ES,Sudeste,0.663,0.544,0.814,0.658,73.81,480.01,0.45,18989,-20.671,-41.007
3205069,2338,1358,50734,VENDA NOVA DO IMIGRANTE,ES,Sudeste,0.728,0.624,0.845,0.731,75.69,754.66,0.52,20425,-20.34,-41.135
3205101,4240,3389,195660,VIANA,ES,Sudeste,0.686,0.589,0.816,0.672,73.94,523.61,0.42,62191,-20.39,-40.496
3205200,39142,27269,1134553,VILA VELHA,ES,Sudeste,0.8,0.734,0.864,0.807,76.84,1211.79,0.56,411418,-20.33,-40.292
3205309,58956,42005,1822583,VITÓRIA,ES,Sudeste,0.845,0.805,0.855,0.876,76.28,1866.58,0.6,325368,-20.319,-40.338
3300100,26948,8089,1147354,ANGRA DOS REIS,RJ,Sudeste,0.724,0.605,0.846,0.74,75.75,798.68,0.5,168559,-23.007,-44.318
3300159,29,NA,886,APERIBÉ,RJ,Sudeste,0.692,0.631,0.785,0.67,72.1,516.14,0.43,10177,-21.621,-42.103
3300209,8078,6532,681252,ARARUAMA,RJ,Sudeste,0.718,0.617,0.839,0.714,75.32,680.88,0.54,111065,-22.873,-42.343
3300233,6080,23009,715114,ARMAÇÃO DOS BÚZIOS,RJ,Sudeste,0.728,0.624,0.824,0.75,74.44,851.39,0.51,27276,-22.747,-41.882
3300258,3459,9155,439667,ARRAIAL DO CABO,RJ,Sudeste,0.733,0.677,0.805,0.722,73.31,714.47,0.47,27577,-22.966,-42.028
3300308,7999,13129,643907,BARRA DO PIRAÍ,RJ,Sudeste,0.733,0.665,0.819,0.723,74.14,719.16,0.51,94463,-22.47,-43.826
3300407,20825,16060,1103064,BARRA MANSA,RJ,Sudeste,0.729,0.657,0.819,0.72,74.14,705.1,0.48,177299,-22.544,-44.171
3300456,17007,56973,1165889,BELFORD ROXO,RJ,Sudeste,0.684,0.598,0.808,0.662,73.5,491.51,0.42,467432,-22.764,-43.399
3300506,1240,1259,129798,BOM JARDIM,RJ,Sudeste,0.66,0.503,0.809,0.707,73.56,649.62,0.48,24963,-22.152,-42.419
3300605,4293,2511,334408,BOM JESUS DO ITABAPOANA,RJ,Sudeste,0.732,0.662,0.819,0.723,74.16,717.69,0.56,35024,-21.134,-41.68
3300704,68439,14744,1650667,CABO FRIO,RJ,Sudeste,0.735,0.64,0.836,0.743,75.16,815.75,0.54,184918,-22.879,-42.019
3300803,8006,5352,468801,CACHOEIRAS DE MACACU,RJ,Sudeste,0.7,0.603,0.817,0.695,74.01,604.45,0.49,54175,-22.463,-42.653
3300902,3017,929,114751,CAMBUCI,RJ,Sudeste,0.691,0.608,0.809,0.672,73.51,524.88,0.47,14743,-21.575,-41.911
3301009,51537,28072,1225947,CAMPOS DOS GOYTACAZES,RJ,Sudeste,0.716,0.619,0.83,0.715,74.82,682.59,0.55,458440,-21.754,-41.324
3301108,1723,1430,99322,CANTAGALO,RJ,Sudeste,0.709,0.614,0.822,0.705,74.29,641.61,0.48,19765,-21.981,-42.368
3301207,3882,4613,336000,CARMO,RJ,Sudeste,0.696,0.608,0.813,0.683,73.77,559.66,0.47,17167,-21.934,-42.609
3301306,4555,1732,451846,CASIMIRO DE ABREU,RJ,Sudeste,0.726,0.642,0.811,0.734,73.64,768.45,0.48,35157,-22.481,-42.204
3301405,2104,734,141486,CONCEIÇÃO DE MACABU,RJ,Sudeste,0.712,0.642,0.806,0.698,73.38,614.57,0.48,20927,-22.085,-41.868
3301504,7088,4673,441859,CORDEIRO,RJ,Sudeste,0.729,0.649,0.826,0.724,74.54,724.29,0.48,20359,-22.029,-42.361
3301603,993,1304,47592,DUAS BARRAS,RJ,Sudeste,0.659,0.534,0.79,0.677,72.39,540.35,0.44,10895,-22.051,-42.522
3301702,167880,54002,2834609,DUQUE DE CAXIAS,RJ,Sudeste,0.711,0.624,0.833,0.692,75,592.81,0.46,852154,-22.786,-43.312
3301801,761,450,46286,ENGENHEIRO PAULO DE FRONTIN,RJ,Sudeste,0.722,0.694,0.805,0.674,73.32,529.05,0.45,13087,-22.55,-43.678
3301850,4422,3176,208266,GUAPIMIRIM,RJ,Sudeste,0.698,0.604,0.812,0.692,73.69,594.06,0.5,50930,-22.537,-42.982
3301876,10357,1997,544178,IGUABA GRANDE,RJ,Sudeste,0.761,0.704,0.841,0.744,75.44,818.01,0.56,22831,-22.839,-42.229
3301900,42675,24681,1487707,ITABORAÍ,RJ,Sudeste,0.693,0.593,0.813,0.69,73.75,584.35,0.48,216925,-22.744,-42.859
3302007,8562,7247,462207,ITAGUAÍ,RJ,Sudeste,0.715,0.638,0.814,0.703,73.84,635.5,0.47,108585,-22.852,-43.775
3302056,1815,1055,112647,ITALVA,RJ,Sudeste,0.688,0.595,0.792,0.692,72.52,593.88,0.47,13976,-21.421,-41.691
3302106,1627,2588,119610,ITAOCARA,RJ,Sudeste,0.713,0.635,0.82,0.696,74.18,607.18,0.49,22704,-21.679,-42.082
3302205,26882,7037,595733,ITAPERUNA,RJ,Sudeste,0.73,0.649,0.837,0.716,75.24,688.83,0.47,94916,-21.205,-41.888
3302254,5566,3122,518960,ITATIAIA,RJ,Sudeste,0.737,0.652,0.836,0.735,75.16,773.48,0.51,28598,-22.496,-44.563
3302270,23558,9950,1055827,JAPERI,RJ,Sudeste,0.659,0.555,0.809,0.637,73.51,420.15,0.42,92906,-22.643,-43.653
3302304,1452,696,24030,LAJE DO MURIAÉ,RJ,Sudeste,0.668,0.575,0.8,0.649,72.97,453.97,0.46,7463,-21.206,-42.123
3302403,19840,11945,1314256,MACAÉ,RJ,Sudeste,0.764,0.681,0.828,0.792,74.66,1103.42,0.56,205662,-22.371,-41.787
3302502,55081,17294,1676187,MAGÉ,RJ,Sudeste,0.709,0.626,0.832,0.685,74.91,567.59,0.49,225378,-22.653,-43.041
3302601,5468,4110,429368,MANGARATIBA,RJ,Sudeste,0.753,0.676,0.845,0.746,75.71,832.15,0.51,36228,-22.96,-44.041
3302700,56146,66652,1745242,MARICÁ,RJ,Sudeste,0.765,0.692,0.85,0.761,75.99,910.41,0.49,127129,-22.919,-42.819
3302809,1507,767,120507,MENDES,RJ,Sudeste,0.736,0.7,0.806,0.707,73.36,649.4,0.48,17880,-22.527,-43.733
3302908,4695,2720,201302,MIGUEL PEREIRA,RJ,Sudeste,0.745,0.675,0.828,0.74,74.68,801.63,0.55,24518,-22.454,-43.469
3303005,2614,7237,310326,MIRACEMA,RJ,Sudeste,0.713,0.646,0.805,0.696,73.32,608.62,0.5,26674,-21.412,-42.197
3303104,1718,2187,91771,NATIVIDADE,RJ,Sudeste,0.73,0.683,0.806,0.707,73.36,653.23,0.52,15001,-21.042,-41.973
3303203,17795,13518,1336147,NILÓPOLIS,RJ,Sudeste,0.753,0.716,0.817,0.731,73.99,755.26,0.45,157151,-22.808,-43.414
3303302,124370,65827,4852781,NITERÓI,RJ,Sudeste,0.837,0.773,0.854,0.887,76.23,2000.29,0.59,482761,-22.883,-43.104
3303401,22854,8719,1612678,NOVA FRIBURGO,RJ,Sudeste,0.745,0.645,0.846,0.758,75.77,894.75,0.51,181040,-22.282,-42.531
3303500,96154,116752,5389131,NOVA IGUAÇU,RJ,Sudeste,0.713,0.641,0.818,0.691,74.08,591,0.48,793785,-22.759,-43.451
3303609,4947,6980,281305,PARACAMBI,RJ,Sudeste,0.72,0.666,0.812,0.689,73.73,580.49,0.44,45563,-22.611,-43.709
3303708,8150,3997,561075,PARAÍBA DO SUL,RJ,Sudeste,0.702,0.61,0.812,0.697,73.7,613.56,0.5,40888,-22.162,-43.293
3303807,3005,5151,758740,PARATY,RJ,Sudeste,0.693,0.544,0.842,0.726,75.52,734.36,0.52,36477,-23.218,-44.713
3303856,1786,3224,314981,PATY DO ALFERES,RJ,Sudeste,0.671,0.549,0.806,0.683,73.34,562.52,0.56,26020,-22.429,-43.419
3303906,58049,30797,2561857,PETRÓPOLIS,RJ,Sudeste,0.745,0.639,0.847,0.763,75.79,922.49,0.55,293946,-22.505,-43.179
3303955,2060,1147,113034,PINHEIRAL,RJ,Sudeste,0.715,0.643,0.801,0.709,73.03,657.99,0.51,22636,-22.513,-44.001
3304003,1939,1563,145617,PIRAÍ,RJ,Sudeste,0.708,0.62,0.803,0.714,73.16,678.3,0.5,25849,-22.629,-43.898
3304102,2841,1788,87714,PORCIÚNCULA,RJ,Sudeste,0.697,0.606,0.802,0.698,73.11,615.63,0.56,17181,-20.963,-42.041
3304110,2026,1347,213131,PORTO REAL,RJ,Sudeste,0.713,0.645,0.817,0.688,74.01,577.07,0.42,16548,-22.42,-44.29
3304144,18150,6618,1175088,QUEIMADOS,RJ,Sudeste,0.68,0.589,0.81,0.659,73.58,484.4,0.43,137281,-22.716,-43.555
3304151,1873,1952,212262,QUISSAMÃ,RJ,Sudeste,0.704,0.61,0.821,0.698,74.23,616.31,0.53,20150,-22.107,-41.472
3304201,9446,13541,690949,RESENDE,RJ,Sudeste,0.768,0.709,0.839,0.762,75.31,915.21,0.52,119363,-22.469,-44.447
3304300,46918,3827,902552,RIO BONITO,RJ,Sudeste,0.71,0.62,0.819,0.705,74.16,643.54,0.48,54524,-22.708,-42.626
3304409,1058,622,56668,RIO CLARO,RJ,Sudeste,0.683,0.567,0.801,0.7,73.07,623.62,0.5,17262,-22.723,-44.136
3304508,979,431,38279,RIO DAS FLORES,RJ,Sudeste,0.68,0.575,0.822,0.664,74.32,499.13,0.46,8520,-22.168,-43.586
3304524,48787,34886,2266040,RIO DAS OSTRAS,RJ,Sudeste,0.773,0.689,0.854,0.784,76.26,1051.19,0.53,104853,-22.527,-41.945
3304557,812517,488761,25893934,RIO DE JANEIRO,RJ,Sudeste,0.799,0.719,0.845,0.84,75.69,1492.63,0.62,6262802,-22.903,-43.208
3304607,788,336,34459,SANTA MARIA MADALENA,RJ,Sudeste,0.668,0.556,0.797,0.672,72.79,522.66,0.48,10153,-21.955,-42.008
3304706,5401,9334,265712,SANTO ANTÔNIO DE PÁDUA,RJ,Sudeste,0.718,0.648,0.806,0.709,73.33,657.53,0.51,40311,-21.539,-42.18
3304755,7522,2658,666872,SÃO FRANCISCO DE ITABAPOANA,RJ,Sudeste,0.639,0.533,0.791,0.618,72.44,375.49,0.49,40246,-21.47,-41.119
3304805,2733,2961,180893,SÃO FIDÉLIS,RJ,Sudeste,0.691,0.611,0.787,0.685,72.21,567.23,0.47,37369,-21.646,-41.747
3304904,147847,60642,8117438,SÃO GONÇALO,RJ,Sudeste,0.739,0.681,0.833,0.711,74.96,669.3,0.43,995011,-22.827,-43.054
3305000,5044,6457,371923,SÃO JOÃO DA BARRA,RJ,Sudeste,0.671,0.551,0.8,0.686,73.02,570.38,0.48,32368,-21.64,-41.051
3305109,33482,25474,2636879,SÃO JOÃO DE MERITI,RJ,Sudeste,0.719,0.646,0.831,0.693,74.87,597.57,0.43,458123,-22.804,-43.372
3305133,66,43,1923,SÃO JOSÉ DE UBÁ,RJ,Sudeste,0.652,0.548,0.798,0.633,72.88,410.44,0.47,6964,-21.358,-41.943
3305158,2819,932,175688,SÃO JOSÉ DO VALE DO RIO PRETO,RJ,Sudeste,0.66,0.533,0.806,0.67,73.33,517.99,0.47,20105,-22.151,-42.924
3305208,7751,6274,1011323,SÃO PEDRO DA ALDEIA,RJ,Sudeste,0.712,0.626,0.801,0.721,73.03,710.04,0.5,87448,-22.839,-42.103
3305307,692,479,18717,SÃO SEBASTIÃO DO ALTO,RJ,Sudeste,0.646,0.536,0.789,0.638,72.35,423.88,0.42,8610,-21.957,-42.135
3305406,2522,2867,169457,SAPUCAIA,RJ,Sudeste,0.675,0.561,0.804,0.682,73.26,558.94,0.5,16974,-21.995,-42.914
3305505,9897,10036,871901,SAQUAREMA,RJ,Sudeste,0.709,0.621,0.804,0.714,73.26,681.62,0.52,73569,-22.92,-42.51
3305554,92395,2715,1227381,SEROPÉDICA,RJ,Sudeste,0.713,0.648,0.805,0.695,73.3,604.82,0.47,77380,-22.744,-43.708
3305604,1070,1412,178756,SILVA JARDIM,RJ,Sudeste,0.654,0.536,0.793,0.657,72.6,476.99,0.49,21043,-22.651,-42.392
3305703,1303,532,29586,SUMIDOURO,RJ,Sudeste,0.611,0.436,0.796,0.658,72.78,479.46,0.47,14729,-22.05,-42.675
3305802,12566,13775,683775,TERESÓPOLIS,RJ,Sudeste,0.73,0.605,0.855,0.752,76.27,859.79,0.56,162261,-22.412,-42.966
3305901,708,422,46290,TRAJANO DE MORAES,RJ,Sudeste,0.667,0.547,0.813,0.668,73.77,510.96,0.51,10059,-22.063,-42.066
3306008,13305,19409,1361860,TRÊS RIOS,RJ,Sudeste,0.725,0.656,0.801,0.725,73.03,726.83,0.52,77133,-22.117,-43.209
3306107,5749,3558,410764,VALENÇA,RJ,Sudeste,0.738,0.666,0.848,0.713,75.85,675.62,0.52,71112,-22.246,-43.7
3306206,3710,1461,133599,VASSOURAS,RJ,Sudeste,0.714,0.624,0.813,0.719,73.79,701.06,0.52,33993,-22.404,-43.663
3306305,33126,16830,1218580,VOLTA REDONDA,RJ,Sudeste,0.771,0.72,0.833,0.763,74.98,920.51,0.5,257032,-22.523,-44.104
3500105,6297,5003,124671,ADAMANTINA,SP,Sudeste,0.79,0.75,0.852,0.772,76.13,975.43,0.51,33490,-21.685,-51.073
3500303,4415,2307,70487,AGUAÍ,SP,Sudeste,0.715,0.606,0.858,0.703,76.49,636.07,0.47,32089,-22.059,-46.979
3500501,2710,3076,153313,ÁGUAS DE LINDÓIA,SP,Sudeste,0.745,0.675,0.846,0.725,75.76,730.13,0.43,17120,-22.476,-46.633
3500709,5147,3615,155574,AGUDOS,SP,Sudeste,0.745,0.694,0.845,0.705,75.67,642.59,0.41,34113,-22.469,-48.988
3501004,3581,3313,119174,ALTINÓPOLIS,SP,Sudeste,0.73,0.635,0.843,0.726,75.57,731.49,0.45,15527,-21.026,-47.374
3501608,19110,28172,1291851,AMERICANA,SP,Sudeste,0.811,0.76,0.876,0.8,77.55,1161.68,0.47,209811,-22.739,-47.331
3501707,3482,5222,166003,AMÉRICO BRASILIENSE,SP,Sudeste,0.751,0.701,0.852,0.709,76.12,659.67,0.39,34370,-21.724,-48.102
3501905,7158,9658,515579,AMPARO,SP,Sudeste,0.785,0.711,0.871,0.78,77.27,1027.6,0.5,65469,-22.701,-46.764
3502101,14934,11008,256912,ANDRADINA,SP,Sudeste,0.779,0.702,0.885,0.762,78.07,919.36,0.51,54037,-20.896,-51.379
3502200,3259,2971,86414,ANGATUBA,SP,Sudeste,0.719,0.648,0.827,0.693,74.6,597.99,0.45,22096,-23.49,-48.413
3502507,3628,5582,226789,APARECIDA,SP,Sudeste,0.755,0.706,0.828,0.735,74.67,775.17,0.46,34630,-22.847,-45.23
3502705,2426,2969,146880,APIAÍ,SP,Sudeste,0.71,0.647,0.835,0.662,75.07,492.43,0.55,24625,-24.509,-48.843
3502804,27206,43907,1880736,ARAÇATUBA,SP,Sudeste,0.788,0.744,0.841,0.782,75.46,1036.09,0.52,180211,-21.209,-50.433
3503208,24167,47151,1612064,ARARAQUARA,SP,Sudeste,0.815,0.782,0.877,0.788,77.64,1080.66,0.5,206616,-21.794,-48.176
3503307,13327,21093,1005674,ARARAS,SP,Sudeste,0.781,0.728,0.859,0.763,76.55,921.76,0.47,117824,-22.357,-47.384
3503802,6688,6157,83028,ARTUR NOGUEIRA,SP,Sudeste,0.749,0.681,0.827,0.745,74.63,823.24,0.46,44052,-22.573,-47.173
3503901,7281,13865,918334,ARUJÁ,SP,Sudeste,0.784,0.73,0.866,0.761,76.95,910.67,0.56,74506,-23.396,-46.321
3504008,21393,17861,513286,ASSIS,SP,Sudeste,0.805,0.781,0.865,0.771,76.91,967.39,0.5,93014,-22.662,-50.412
3504107,18108,15399,632278,ATIBAIA,SP,Sudeste,0.765,0.67,0.851,0.786,76.03,1063.52,0.53,125437,-23.117,-46.55
3504206,1511,2453,89911,AURIFLAMA,SP,Sudeste,0.773,0.738,0.84,0.746,75.41,829.68,0.47,14153,-20.686,-50.555
3504503,15929,12794,466639,AVARÉ,SP,Sudeste,0.767,0.695,0.866,0.751,76.97,854.42,0.47,80821,-23.099,-48.926
3504909,1870,1668,41999,BANANAL,SP,Sudeste,0.733,0.653,0.872,0.693,77.29,595.74,0.51,10101,-22.684,-44.323
3505203,3156,2635,137607,BARIRI,SP,Sudeste,0.75,0.662,0.867,0.736,77.04,781.34,0.42,31422,-22.074,-48.74
3505302,5470,3960,174892,BARRA BONITA,SP,Sudeste,0.788,0.739,0.869,0.762,77.12,915.28,0.45,35157,-22.495,-48.558
3505500,20802,24044,626312,BARRETOS,SP,Sudeste,0.789,0.738,0.875,0.762,77.5,917,0.48,111603,-20.557,-48.568
3505708,35295,28003,1421623,BARUERI,SP,Sudeste,0.786,0.708,0.866,0.791,76.96,1095.84,0.61,240045,-23.511,-46.876
3505807,1754,1022,10770,BASTOS,SP,Sudeste,0.751,0.718,0.848,0.696,75.86,609.76,0.41,20384,-21.922,-50.734
3505906,7760,5084,435292,BATATAIS,SP,Sudeste,0.761,0.685,0.84,0.766,75.41,941.79,0.5,56264,-20.891,-47.585
3506003,47863,50034,2376144,BAURU,SP,Sudeste,0.801,0.752,0.854,0.8,76.26,1163.86,0.55,339356,-22.315,-49.061
3506102,12011,8951,640651,BEBEDOURO,SP,Sudeste,0.78,0.735,0.853,0.756,76.16,881.64,0.51,74728,-20.949,-48.479
3506359,10185,8647,877904,BERTIOGA,SP,Sudeste,0.73,0.654,0.817,0.727,74.03,736.03,0.48,47231,-23.854,-46.139
3506409,2274,1705,57921,BILAC,SP,Sudeste,0.768,0.722,0.845,0.743,75.7,816.06,0.43,7019,-21.403,-50.471
3506508,17389,16844,649564,BIRIGUI,SP,Sudeste,0.78,0.734,0.869,0.743,77.14,812.51,0.42,108239,-21.289,-50.34
3507001,8010,9736,407178,BOITUVA,SP,Sudeste,0.78,0.728,0.861,0.757,76.67,889.51,0.49,48122,-23.283,-47.672
3507407,1833,1489,54118,BORBOREMA,SP,Sudeste,0.73,0.658,0.831,0.71,74.83,664.64,0.42,14408,-21.62,-49.074
3507506,24636,16093,418107,BOTUCATU,SP,Sudeste,0.8,0.746,0.869,0.79,77.13,1089.1,0.54,126804,-22.886,-48.445
3507605,15820,19860,528893,BRAGANÇA PAULISTA,SP,Sudeste,0.776,0.704,0.861,0.772,76.67,974.08,0.52,145377,-22.952,-46.542
3507803,2935,3084,80639,BRODOWSKI,SP,Sudeste,0.755,0.675,0.864,0.738,76.81,787.91,0.44,21023,-20.991,-47.659
3507902,3494,2601,254969,BROTAS,SP,Sudeste,0.74,0.688,0.815,0.724,73.9,722.76,0.41,21507,-22.284,-48.127
3508009,1731,1271,31226,BURI,SP,Sudeste,0.667,0.578,0.799,0.642,72.94,435.15,0.5,18456,-23.798,-48.593
3508108,3973,6494,212830,BURITAMA,SP,Sudeste,0.763,0.72,0.839,0.736,75.31,779.78,0.44,15350,-21.066,-50.147
3508405,3902,4060,159146,CABREÚVA,SP,Sudeste,0.738,0.678,0.828,0.717,74.67,694.03,0.42,41417,-23.308,-47.133
3508504,6292,7683,451797,CAÇAPAVA,SP,Sudeste,0.788,0.755,0.858,0.754,76.5,871.87,0.5,84338,-23.101,-45.707
3508603,4056,2568,137675,CACHOEIRA PAULISTA,SP,Sudeste,0.764,0.728,0.837,0.733,75.19,764.6,0.52,29894,-22.665,-45.009
3508702,3544,3820,132315,CACONDE,SP,Sudeste,0.72,0.62,0.858,0.701,76.45,627,0.5,18414,-21.529,-46.644
3508801,2021,2815,134664,CAFELÂNDIA,SP,Sudeste,0.742,0.661,0.867,0.714,77.01,680.71,0.46,16509,-21.803,-49.61
3509007,813,6659,246905,CAIEIRAS,SP,Sudeste,0.781,0.749,0.861,0.74,76.68,800.15,0.47,86281,-23.364,-46.741
3509205,7799,6818,283103,CAJAMAR,SP,Sudeste,0.728,0.668,0.81,0.713,73.59,676.5,0.43,63974,-23.356,-46.877
3509403,11208,1865,99853,CAJURU,SP,Sudeste,0.713,0.633,0.825,0.693,74.52,597.11,0.4,23252,-21.275,-47.304
3509502,101114,104658,7539810,CAMPINAS,SP,Sudeste,0.805,0.731,0.86,0.829,76.59,1390.83,0.56,1071443,-22.906,-47.061
3509601,5627,4622,216632,CAMPO LIMPO PAULISTA,SP,Sudeste,0.769,0.739,0.84,0.733,75.4,767.85,0.43,73597,-23.206,-46.784
3509700,4985,2624,202651,CAMPOS DO JORDÃO,SP,Sudeste,0.749,0.648,0.852,0.761,76.1,911.4,0.59,47287,-22.739,-45.591
3509908,2003,949,256855,CANANÉIA,SP,Sudeste,0.72,0.649,0.851,0.677,76.07,540.54,0.49,11900,-25.015,-47.927
3510005,3772,2537,137605,CÂNDIDO MOTA,SP,Sudeste,0.747,0.704,0.845,0.701,75.71,627.55,0.41,29731,-22.746,-50.387
3510203,5599,7838,140116,CAPÃO BONITO,SP,Sudeste,0.721,0.671,0.826,0.675,74.55,534.75,0.5,45905,-24.006,-48.349
3510401,5213,8838,265146,CAPIVARI,SP,Sudeste,0.75,0.669,0.848,0.744,75.89,820.46,0.46,47786,-22.995,-47.508
3510500,12139,9177,732190,CARAGUATATUBA,SP,Sudeste,0.759,0.705,0.845,0.735,75.68,773.99,0.5,99827,-23.62,-45.413
3510609,28275,25269,1833821,CARAPICUÍBA,SP,Sudeste,0.749,0.693,0.842,0.721,75.52,712.78,0.46,368746,-23.523,-46.836
3510708,4109,3775,70234,CARDOSO,SP,Sudeste,0.722,0.636,0.853,0.695,76.18,605.99,0.42,11762,-20.082,-49.914
3510807,4888,3272,131919,CASA BRANCA,SP,Sudeste,0.73,0.64,0.835,0.727,75.08,737.96,0.49,25960,-21.774,-47.086
3511102,14312,16690,799029,CATANDUVA,SP,Sudeste,0.785,0.74,0.853,0.767,76.2,945.05,0.46,112201,-21.138,-48.973
3511409,4910,2455,401812,CERQUEIRA CÉSAR,SP,Sudeste,0.729,0.666,0.821,0.71,74.23,665.36,0.43,17272,-23.036,-49.166
3511508,4027,3511,164062,CERQUILHO,SP,Sudeste,0.782,0.739,0.854,0.758,76.21,894.52,0.42,39409,-23.165,-47.744
3511607,739,803,13619,CESÁRIO LANGE,SP,Sudeste,0.706,0.611,0.804,0.715,73.23,684.95,0.43,14470,-23.227,-47.953
3512001,2403,2679,48087,COLINA,SP,Sudeste,0.757,0.712,0.845,0.72,75.71,706.69,0.46,17279,-20.713,-48.541
3512209,1334,2326,138666,CONCHAL,SP,Sudeste,0.708,0.614,0.827,0.699,74.64,617.76,0.43,25103,-22.33,-47.173
3512308,3870,3067,94698,CONCHAS,SP,Sudeste,0.736,0.658,0.837,0.725,75.19,730.42,0.49,16171,-23.015,-48.011
3512407,901,2202,172292,CORDEIRÓPOLIS,SP,Sudeste,0.758,0.674,0.858,0.754,76.45,873.87,0.44,20946,-22.482,-47.457
3512803,7626,8846,360586,COSMÓPOLIS,SP,Sudeste,0.769,0.697,0.876,0.746,77.57,829.25,0.42,58446,-22.646,-47.196
3513009,17990,20163,2233505,COTIA,SP,Sudeste,0.78,0.707,0.851,0.789,76.05,1085.66,0.57,199329,-23.604,-46.919
3513108,3109,4401,175870,CRAVINHOS,SP,Sudeste,0.756,0.683,0.857,0.737,76.44,784.4,0.42,31565,-21.34,-47.729
3513405,8039,5650,346017,CRUZEIRO,SP,Sudeste,0.788,0.758,0.871,0.742,77.28,809.24,0.53,76857,-22.576,-44.963
3513504,7986,5922,642762,CUBATÃO,SP,Sudeste,0.737,0.681,0.821,0.716,74.23,689.21,0.45,117535,-23.895,-46.425
3513603,1078,953,86692,CUNHA,SP,Sudeste,0.684,0.576,0.826,0.672,74.54,525.19,0.54,21516,-23.074,-44.96
3513702,3048,2940,93286,DESCALVADO,SP,Sudeste,0.76,0.687,0.865,0.74,76.92,798.74,0.45,30559,-21.904,-47.619
3513801,22030,26426,1904611,DIADEMA,SP,Sudeste,0.757,0.716,0.844,0.717,75.65,694.55,0.43,385461,-23.686,-46.623
3514106,1511,1662,79489,DOIS CÓRREGOS,SP,Sudeste,0.725,0.616,0.853,0.725,76.17,727.28,0.46,24650,-22.366,-48.38
3514403,9091,6901,168749,DRACENA,SP,Sudeste,0.776,0.737,0.842,0.752,75.51,862.86,0.44,41992,-21.483,-51.533
3514502,3442,3097,66252,DUARTINA,SP,Sudeste,0.748,0.698,0.837,0.716,75.24,688.4,0.43,12199,-22.414,-49.404
3514809,490,1246,89360,ELDORADO,SP,Sudeste,0.691,0.615,0.847,0.633,75.82,411,0.49,14553,-24.52,-48.108
3515004,12265,12872,1761015,EMBU,SP,Sudeste,0.735,0.676,0.839,0.7,75.33,622.77,0.45,239739,-23.649,-46.852
3515103,860,22759,940902,EMBU-GUAÇU,SP,Sudeste,0.749,0.708,0.834,0.713,75.01,676.52,0.5,62223,-23.832,-46.811
3515186,4965,6094,183317,ESPÍRITO SANTO DO PINHAL,SP,Sudeste,0.787,0.712,0.872,0.784,77.31,1048.6,0.57,41568,-22.191,-46.741
3515202,4148,2291,54121,ESTRELA D'OESTE,SP,Sudeste,0.76,0.705,0.873,0.712,77.4,670.65,0.39,8152,-20.288,-50.401
3515400,1751,2176,138839,FARTURA,SP,Sudeste,0.732,0.648,0.867,0.699,77.02,618.77,0.43,15165,-23.388,-49.51
3515509,18287,12428,196756,FERNANDÓPOLIS,SP,Sudeste,0.797,0.758,0.872,0.767,77.31,944,0.49,64444,-20.284,-50.246
3515707,8754,14456,729746,FERRAZ DE VASCONCELOS,SP,Sudeste,0.738,0.703,0.828,0.691,74.65,587.83,0.43,167918,-23.541,-46.369
3516002,1937,1834,37617,FLÓRIDA PAULISTA,SP,Sudeste,0.715,0.646,0.807,0.702,73.44,632.97,0.41,11551,-21.615,-51.174
3516200,34090,53143,2167217,FRANCA,SP,Sudeste,0.78,0.753,0.842,0.749,75.5,846.57,0.46,317553,-20.539,-47.401
3516309,4829,9410,808780,FRANCISCO MORATO,SP,Sudeste,0.703,0.647,0.815,0.659,73.91,483.98,0.4,153736,-23.282,-46.745
3516408,13679,14778,620741,FRANCO DA ROCHA,SP,Sudeste,0.731,0.654,0.852,0.702,76.09,632.42,0.44,123372,-23.322,-46.727
3516606,624,667,17243,GÁLIA,SP,Sudeste,0.709,0.634,0.823,0.684,74.36,565.41,0.42,6935,-22.291,-49.553
3516705,6651,5530,175779,GARÇA,SP,Sudeste,0.769,0.728,0.849,0.737,75.93,786.83,0.5,42762,-22.211,-49.656
3516903,1917,2378,39774,GENERAL SALGADO,SP,Sudeste,0.747,0.702,0.808,0.734,73.5,771.92,0.45,10616,-20.648,-50.361
3517000,1720,2088,46416,GETULINA,SP,Sudeste,0.717,0.652,0.813,0.696,73.76,608.58,0.45,9580,-21.799,-49.929
3517406,4143,3937,142006,GUAÍRA,SP,Sudeste,0.753,0.683,0.824,0.759,74.46,901.23,0.53,37339,-20.318,-48.311
3517703,2295,2475,105659,GUARÁ,SP,Sudeste,0.718,0.63,0.826,0.71,74.55,664.56,0.49,19801,-20.428,-47.824
3518206,6696,4663,147338,GUARARAPES,SP,Sudeste,0.763,0.726,0.84,0.727,75.39,739.89,0.43,30482,-21.261,-50.643
3518305,3031,3369,91405,GUARAREMA,SP,Sudeste,0.731,0.656,0.817,0.729,74.03,748.79,0.47,25662,-23.415,-46.035
3518404,8304,8086,326858,GUARATINGUETÁ,SP,Sudeste,0.798,0.751,0.886,0.764,78.17,926.78,0.54,111477,-22.816,-45.193
3518602,5315,7186,201075,GUARIBA,SP,Sudeste,0.719,0.645,0.811,0.712,73.63,671.34,0.43,35336,-21.36,-48.228
3518701,22743,32592,4455914,GUARUJÁ,SP,Sudeste,0.751,0.679,0.854,0.729,76.23,745,0.5,289668,-23.993,-46.256
3518800,138791,97174,8766391,GUARULHOS,SP,Sudeste,0.763,0.717,0.831,0.746,74.83,829.91,0.51,1212934,-23.463,-46.533
3519071,14872,16273,709513,HORTOLÂNDIA,SP,Sudeste,0.756,0.703,0.859,0.716,76.51,686.96,0.41,188088,-22.858,-47.22
3519105,1474,1670,32623,IACANGA,SP,Sudeste,0.745,0.675,0.851,0.721,76.03,712.15,0.4,9808,-21.89,-49.025
3519303,2260,1598,45105,IBATÉ,SP,Sudeste,0.703,0.627,0.814,0.681,73.81,552.79,0.37,30672,-21.955,-47.997
3519600,9837,11899,312582,IBITINGA,SP,Sudeste,0.747,0.667,0.846,0.738,75.76,791.99,0.43,52942,-21.758,-48.829
3519709,4665,4064,527207,IBIÚNA,SP,Sudeste,0.71,0.614,0.832,0.7,74.91,624.55,0.48,70480,-23.656,-47.223
3519907,1313,993,48310,IEPÊ,SP,Sudeste,0.736,0.7,0.814,0.7,73.85,623.96,0.44,7560,-22.661,-51.076
3520103,4164,2957,143967,IGARAPAVA,SP,Sudeste,0.768,0.671,0.835,0.809,75.08,1228.09,0.67,27713,-20.038,-47.747
3520301,2240,3364,1460360,IGUAPE,SP,Sudeste,0.726,0.653,0.847,0.691,75.84,588.36,0.55,28565,-24.708,-47.555
3520400,2729,2645,186489,ILHABELA,SP,Sudeste,0.756,0.693,0.843,0.739,75.56,794.57,0.49,27892,-23.778,-45.358
3520442,3506,3226,112801,ILHA SOLTEIRA,SP,Sudeste,0.812,0.782,0.871,0.786,77.24,1063.04,0.48,24986,-20.433,-51.343
3520509,16802,24908,1573545,INDAIATUBA,SP,Sudeste,0.788,0.738,0.837,0.791,75.22,1098.31,0.47,201009,-23.09,-47.218
3520905,4123,3230,127466,IPAUSSU,SP,Sudeste,0.727,0.65,0.828,0.713,74.66,677.42,0.48,13634,-23.057,-49.626
3521309,1635,1824,60425,IPUÃ,SP,Sudeste,0.749,0.654,0.848,0.759,75.9,900.48,0.59,14093,-20.438,-48.012
3521705,1491,1175,32380,ITABERÁ,SP,Sudeste,0.693,0.636,0.803,0.652,73.18,462.03,0.5,17596,-23.862,-49.137
3521804,2514,20975,475060,ITAÍ,SP,Sudeste,0.713,0.63,0.83,0.692,74.77,594.77,0.45,22489,-23.418,-49.091
3521903,1501,1283,74787,ITAJOBI,SP,Sudeste,0.73,0.644,0.832,0.727,74.94,739.45,0.38,14486,-21.318,-49.054
3522109,12935,31261,913276,ITANHAÉM,SP,Sudeste,0.745,0.701,0.823,0.716,74.36,690.67,0.5,86698,-24.183,-46.789
3522208,10860,20202,1087679,ITAPECERICA DA SERRA,SP,Sudeste,0.742,0.687,0.852,0.699,76.09,619.82,0.45,148726,-23.717,-46.849
3522307,16206,17077,502919,ITAPETININGA,SP,Sudeste,0.763,0.705,0.864,0.728,76.86,741.64,0.49,140549,-23.592,-48.053
3522406,6379,9953,272622,ITAPEVA,SP,Sudeste,0.732,0.697,0.803,0.702,73.18,630.48,0.53,87282,-23.982,-48.876
3522505,8005,20054,1856381,ITAPEVI,SP,Sudeste,0.735,0.677,0.855,0.687,76.28,575.72,0.45,200303,-23.549,-46.934
3522604,6785,4657,292495,ITAPIRA,SP,Sudeste,0.762,0.692,0.852,0.75,76.1,849.81,0.45,67506,-22.436,-46.822
3522703,6504,3532,212961,ITÁPOLIS,SP,Sudeste,0.744,0.667,0.836,0.738,75.14,787.75,0.45,39812,-21.596,-48.813
3522802,1603,1437,80459,ITAPORANGA,SP,Sudeste,0.719,0.653,0.835,0.681,75.11,552.76,0.53,14346,-23.708,-49.49
3523107,17480,47253,3657625,ITAQUAQUECETUBA,SP,Sudeste,0.714,0.648,0.844,0.665,75.66,502.85,0.42,320722,-23.486,-46.348
3523206,3906,6346,158297,ITARARÉ,SP,Sudeste,0.703,0.649,0.803,0.668,73.18,510.2,0.48,47640,-24.115,-49.341
3523305,2141,5760,224913,ITARIRI,SP,Sudeste,0.677,0.577,0.837,0.642,75.21,434.58,0.5,15247,-24.289,-47.174
3523404,11583,14431,549363,ITATIBA,SP,Sudeste,0.778,0.708,0.844,0.788,75.64,1080.74,0.48,101022,-23.006,-46.839
3523503,2248,2505,70357,ITATINGA,SP,Sudeste,0.706,0.61,0.841,0.685,75.44,568.58,0.43,17981,-23.102,-48.616
3523602,524,312,6073,ITIRAPINA,SP,Sudeste,0.724,0.636,0.813,0.734,73.77,772.14,0.48,12711,-22.253,-47.823
3523909,20570,34322,763365,ITU,SP,Sudeste,0.773,0.692,0.854,0.782,76.23,1038.14,0.52,153278,-23.264,-47.299
3524006,3513,6209,203915,ITUPEVA,SP,Sudeste,0.762,0.699,0.844,0.75,75.63,848.65,0.43,44744,-23.153,-47.058
3524105,9406,4772,279917,ITUVERAVA,SP,Sudeste,0.765,0.694,0.841,0.768,75.47,950.39,0.52,38583,-20.339,-47.781
3524303,11584,11448,503579,JABOTICABAL,SP,Sudeste,0.778,0.71,0.851,0.778,76.08,1015.51,0.52,70825,-21.255,-48.322
3524402,17843,30018,1446717,JACAREÍ,SP,Sudeste,0.777,0.749,0.837,0.749,75.2,846.53,0.49,210649,-23.305,-45.966
3524600,3980,4194,173610,JACUPIRANGA,SP,Sudeste,0.717,0.644,0.832,0.687,74.89,574.52,0.53,17070,-24.693,-48.002
3524709,4735,9644,354274,JAGUARIÚNA,SP,Sudeste,0.784,0.715,0.862,0.782,76.74,1038.61,0.49,44108,-22.706,-46.986
3524808,22480,13510,207960,JALES,SP,Sudeste,0.776,0.73,0.855,0.75,76.32,850.11,0.46,46845,-20.269,-50.546
3525003,7830,20821,1005100,JANDIRA,SP,Sudeste,0.76,0.706,0.841,0.738,75.46,792.33,0.48,108176,-23.528,-46.903
3525102,3962,10220,350636,JARDINÓPOLIS,SP,Sudeste,0.735,0.64,0.853,0.728,76.15,742.74,0.48,37497,-21.018,-47.764
3525201,1726,2460,208047,JARINU,SP,Sudeste,0.733,0.659,0.826,0.723,74.53,718.61,0.45,23797,-23.101,-46.728
3525300,16679,22911,845026,JAÚ,SP,Sudeste,0.778,0.693,0.886,0.768,78.13,951.17,0.45,130243,-22.296,-48.558
3525706,5968,4969,215504,JOSÉ BONIFÁCIO,SP,Sudeste,0.777,0.717,0.869,0.752,77.14,863.34,0.45,32651,-21.053,-49.688
3525904,29787,29053,1286839,JUNDIAÍ,SP,Sudeste,0.822,0.768,0.866,0.834,76.94,1431.55,0.53,368732,-23.186,-46.884
3526001,3239,3150,87794,JUNQUEIRÓPOLIS,SP,Sudeste,0.745,0.662,0.86,0.727,76.61,737.14,0.43,17409,-21.515,-51.434
3526100,950,990,156052,JUQUIÁ,SP,Sudeste,0.7,0.637,0.823,0.654,74.36,467.35,0.49,18876,-24.321,-47.635
3526407,2782,2049,89652,LARANJAL PAULISTA,SP,Sudeste,0.729,0.639,0.829,0.732,74.73,760.58,0.41,25243,-23.05,-47.837
3526704,11472,9613,569212,LEME,SP,Sudeste,0.744,0.665,0.851,0.729,76.05,746.15,0.48,91247,-22.186,-47.39
3526803,5835,10063,281454,LENÇÓIS PAULISTA,SP,Sudeste,0.764,0.717,0.837,0.743,75.19,816.48,0.43,61212,-22.599,-48.8
3526902,27350,22091,1462147,LIMEIRA,SP,Sudeste,0.775,0.719,0.852,0.761,76.11,910.85,0.48,274960,-22.565,-47.402
3527108,12774,10502,500413,LINS,SP,Sudeste,0.786,0.733,0.869,0.762,77.13,919.53,0.45,70583,-21.679,-49.743
3527207,6350,4673,796559,LORENA,SP,Sudeste,0.766,0.713,0.856,0.736,76.35,781.28,0.52,82078,-22.731,-45.125
3527306,2919,2670,113427,LOUVEIRA,SP,Sudeste,0.777,0.697,0.861,0.783,76.65,1047.17,0.5,37004,-23.086,-46.951
3527405,4520,2903,77673,LUCÉLIA,SP,Sudeste,0.752,0.695,0.841,0.728,75.48,743.2,0.46,18445,-21.72,-51.019
3528007,1795,1407,31982,MACATUBA,SP,Sudeste,0.77,0.697,0.859,0.763,76.52,920.95,0.55,16217,-22.502,-48.711
3528106,1673,1255,26919,MACAUBAL,SP,Sudeste,0.743,0.676,0.844,0.72,75.64,704.61,0.43,7625,-20.806,-49.964
3528403,3185,5532,283264,MAIRINQUE,SP,Sudeste,0.743,0.684,0.831,0.721,74.85,710.18,0.44,42933,-23.546,-47.183
3528502,4619,10316,1105216,MAIRIPORÃ,SP,Sudeste,0.788,0.723,0.881,0.767,77.86,944.03,0.56,80040,-23.319,-46.587
3528809,1413,1519,72151,MARACAÍ,SP,Sudeste,0.771,0.758,0.85,0.711,75.97,666.65,0.42,13303,-22.611,-50.667
3529005,27469,35986,1300117,MARÍLIA,SP,Sudeste,0.798,0.776,0.854,0.768,76.26,953.2,0.5,213961,-22.214,-49.946
3529203,3691,3510,125352,MARTINÓPOLIS,SP,Sudeste,0.721,0.641,0.832,0.703,74.93,636,0.45,22940,-22.146,-51.171
3529302,10918,8883,622481,MATÃO,SP,Sudeste,0.773,0.713,0.847,0.766,75.84,940.44,0.52,76679,-21.603,-48.366
3529401,20168,37439,1499435,MAUÁ,SP,Sudeste,0.766,0.733,0.852,0.721,76.13,709.25,0.44,414910,-23.668,-46.461
3529708,4740,4947,167439,MIGUELÓPOLIS,SP,Sudeste,0.741,0.661,0.863,0.712,76.78,670.82,0.46,20370,-20.179,-48.032
3529906,1331,1163,72233,MIRACATU,SP,Sudeste,0.697,0.655,0.803,0.645,73.18,442.77,0.5,20336,-24.281,-47.46
3530102,6733,4808,157584,MIRANDÓPOLIS,SP,Sudeste,0.751,0.665,0.869,0.732,77.12,758.64,0.45,24287,-21.134,-51.102
3530201,2284,3247,111960,MIRANTE DO PARANAPANEMA,SP,Sudeste,0.724,0.674,0.841,0.67,75.45,516.3,0.5,16718,-22.292,-51.906
3530300,12663,12447,400033,MIRASSOL,SP,Sudeste,0.762,0.698,0.846,0.748,75.76,841.27,0.43,53576,-20.819,-49.521
3530508,15447,4704,384538,MOCOCA,SP,Sudeste,0.762,0.709,0.827,0.756,74.63,881.99,0.53,65734,-21.468,-47.005
3530607,30052,54895,2046367,MOGI DAS CRUZES,SP,Sudeste,0.783,0.74,0.851,0.762,76.07,916.81,0.54,385957,-23.523,-46.188
3530706,12082,13603,715751,MOGI GUAÇU,SP,Sudeste,0.774,0.736,0.852,0.74,76.1,802.19,0.44,136821,-22.372,-46.942
3530805,7963,6665,608416,MOJI MIRIM,SP,Sudeste,0.784,0.715,0.879,0.767,77.74,945.62,0.49,85784,-22.432,-46.958
3531100,33178,23501,592849,MONGAGUÁ,SP,Sudeste,0.754,0.699,0.854,0.719,76.24,699.73,0.5,44662,-24.087,-46.629
3531308,6656,5489,109327,MONTE ALTO,SP,Sudeste,0.768,0.707,0.859,0.746,76.56,832.6,0.42,46499,-21.261,-48.496
3531407,3422,3737,81382,MONTE APRAZÍVEL,SP,Sudeste,0.785,0.72,0.861,0.781,76.64,1032.05,0.5,21662,-20.773,-49.714
3531506,3123,2756,119562,MONTE AZUL PAULISTA,SP,Sudeste,0.753,0.69,0.843,0.733,75.56,765.11,0.46,18862,-20.907,-48.641
3531803,6259,5578,273587,MONTE MOR,SP,Sudeste,0.733,0.639,0.863,0.713,76.78,674.23,0.44,48724,-22.947,-47.316
3531902,2035,1847,229924,MORRO AGUDO,SP,Sudeste,0.712,0.604,0.836,0.716,75.15,687.37,0.45,29050,-20.731,-48.058
3532405,1826,3748,57651,NAZARÉ PAULISTA,SP,Sudeste,0.678,0.559,0.818,0.681,74.08,554.18,0.45,16163,-23.181,-46.395
3532504,875,471,21725,NEVES PAULISTA,SP,Sudeste,0.754,0.707,0.823,0.737,74.38,784.55,0.4,8745,-20.846,-49.63
3532603,3732,3024,91920,NHANDEARA,SP,Sudeste,0.751,0.672,0.835,0.755,75.08,878.42,0.49,10492,-20.694,-50.038
3533007,3758,6857,90451,NOVA GRANADA,SP,Sudeste,0.739,0.68,0.818,0.727,74.05,737.29,0.44,19097,-20.534,-49.314
3533403,5768,3957,263087,NOVA ODESSA,SP,Sudeste,0.791,0.762,0.861,0.755,76.68,878.14,0.41,50978,-22.778,-47.296
3533502,4957,3876,140077,NOVO HORIZONTE,SP,Sudeste,0.753,0.665,0.865,0.741,76.92,806.75,0.45,36479,-21.468,-49.221
3533601,2670,2508,71394,NUPORANGA,SP,Sudeste,0.746,0.656,0.866,0.73,76.94,751.92,0.45,6783,-20.73,-47.749
3533908,10138,8494,350466,OLÍMPIA,SP,Sudeste,0.773,0.724,0.867,0.737,77.02,783.14,0.43,49865,-20.737,-48.915
3534302,6994,7266,137228,ORLÂNDIA,SP,Sudeste,0.78,0.703,0.882,0.765,77.89,934.54,0.5,39610,-20.72,-47.887
3534401,43114,55407,3384955,OSASCO,SP,Sudeste,0.776,0.718,0.84,0.776,75.42,1003.4,0.53,664836,-23.533,-46.792
3534609,3382,5175,241260,OSVALDO CRUZ,SP,Sudeste,0.762,0.713,0.837,0.74,75.22,797.55,0.46,29646,-21.797,-50.89
3534708,15328,17513,719092,OURINHOS,SP,Sudeste,0.778,0.727,0.859,0.753,76.53,868.91,0.5,102690,-22.979,-49.871
3534757,1976,1566,53545,OUROESTE,SP,Sudeste,0.77,0.736,0.866,0.717,76.93,694.33,0.43,8332,-20.001,-50.372
3534906,4215,3612,112325,PACAEMBU,SP,Sudeste,0.725,0.631,0.843,0.717,75.6,694.16,0.45,10857,-21.562,-51.261
3535002,1778,912,43902,PALESTINA,SP,Sudeste,0.732,0.645,0.848,0.717,75.88,692.43,0.4,11023,-20.39,-49.433
3535200,5698,3117,51683,PALMEIRA D'OESTE,SP,Sudeste,0.753,0.714,0.829,0.72,74.76,707.38,0.42,9536,-20.416,-50.762
3535309,3660,2990,202527,PALMITAL,SP,Sudeste,0.746,0.702,0.814,0.727,73.83,739.37,0.44,21011,-22.789,-50.218
3535408,3129,5336,127263,PANORAMA,SP,Sudeste,0.722,0.639,0.814,0.724,73.81,722.51,0.51,14525,-21.356,-51.86
3535507,5473,4615,370495,PARAGUAÇU PAULISTA,SP,Sudeste,0.762,0.739,0.836,0.717,75.18,694.42,0.45,40879,-22.413,-50.576
3535606,1749,1726,47279,PARAIBUNA,SP,Sudeste,0.719,0.642,0.815,0.709,73.91,657.59,0.51,17136,-23.386,-45.662
3535804,2087,1134,421797,PARANAPANEMA,SP,Sudeste,0.717,0.631,0.839,0.697,75.31,613.31,0.47,17673,-23.389,-48.723
3536208,1456,1866,39088,PARIQUERA-AÇU,SP,Sudeste,0.736,0.678,0.862,0.682,76.7,557.69,0.47,18311,-24.715,-47.881
3536307,2488,2565,43056,PATROCÍNIO PAULISTA,SP,Sudeste,0.73,0.678,0.826,0.696,74.55,607.51,0.42,12949,-20.639,-47.282
3536505,10582,10048,310086,PAULÍNIA,SP,Sudeste,0.795,0.727,0.864,0.8,76.83,1160.79,0.48,82005,-22.761,-47.154
3536604,2112,1825,76431,PAULO DE FARIA,SP,Sudeste,0.725,0.662,0.8,0.721,73,708.63,0.51,8527,-20.031,-49.383
3536703,4472,3436,195931,PEDERNEIRAS,SP,Sudeste,0.739,0.673,0.812,0.738,73.74,788.42,0.49,41138,-22.352,-48.775
3537008,3539,1935,202197,PEDREGULHO,SP,Sudeste,0.715,0.623,0.82,0.716,74.2,690.08,0.49,15627,-20.257,-47.477
3537107,2331,5381,298304,PEDREIRA,SP,Sudeste,0.769,0.701,0.864,0.75,76.82,853.76,0.42,41401,-22.742,-46.901
3537305,14049,20516,838854,PENÁPOLIS,SP,Sudeste,0.759,0.68,0.859,0.748,76.55,840.16,0.47,58241,-21.42,-50.078
3537404,4132,3609,95638,PEREIRA BARRETO,SP,Sudeste,0.766,0.732,0.845,0.728,75.71,743.94,0.48,24611,-20.638,-51.109
3537602,27072,13261,695612,PERUÍBE,SP,Sudeste,0.749,0.675,0.854,0.73,76.24,753.85,0.53,59352,-24.32,-46.998
3537800,4165,3372,203104,PIEDADE,SP,Sudeste,0.716,0.624,0.848,0.694,75.87,601.32,0.47,51223,-23.712,-47.428
3537909,2953,3046,52195,PILAR DO SUL,SP,Sudeste,0.69,0.594,0.82,0.674,74.18,531.06,0.43,26218,-23.813,-47.716
3538006,10600,9609,349228,PINDAMONHANGABA,SP,Sudeste,0.773,0.736,0.843,0.745,75.58,826.02,0.52,146323,-22.924,-45.462
3538204,1314,868,20471,PINHALZINHO,SP,Sudeste,0.725,0.666,0.808,0.707,73.49,652.43,0.42,13010,-22.779,-46.591
3538501,1139,774,33797,PIQUETE,SP,Sudeste,0.757,0.74,0.823,0.711,74.38,665.74,0.49,14002,-22.614,-45.176
3538600,4494,3996,213497,PIRACAIA,SP,Sudeste,0.739,0.625,0.851,0.758,76.03,893.05,0.57,24989,-23.054,-46.358
3538709,32755,44589,4521747,PIRACICABA,SP,Sudeste,0.785,0.717,0.848,0.797,75.88,1143.2,0.52,362938,-22.725,-47.649
3538808,5243,4276,146548,PIRAJU,SP,Sudeste,0.758,0.699,0.843,0.74,75.59,801.23,0.48,28347,-23.194,-49.384
3538907,4979,6181,159360,PIRAJUÍ,SP,Sudeste,0.749,0.672,0.853,0.734,76.18,770.38,0.47,19560,-21.999,-49.457
3539004,1799,1316,40007,PIRANGI,SP,Sudeste,0.756,0.701,0.837,0.735,75.19,774.99,0.38,10558,-21.091,-48.658
3539202,3841,2916,177446,PIRAPOZINHO,SP,Sudeste,0.776,0.733,0.863,0.74,76.79,798,0.52,24559,-22.275,-51.5
3539301,7302,5964,467158,PIRASSUNUNGA,SP,Sudeste,0.801,0.736,0.884,0.789,78.03,1086.22,0.51,69798,-21.996,-47.426
3539400,1840,1219,49155,PIRATININGA,SP,Sudeste,0.779,0.723,0.859,0.762,76.53,917.62,0.48,11672,-22.413,-49.135
3539509,3002,2574,179177,PITANGUEIRAS,SP,Sudeste,0.723,0.651,0.83,0.699,74.77,620.66,0.41,35185,-21.009,-48.222
3539806,6992,8245,1015158,POÁ,SP,Sudeste,0.771,0.754,0.856,0.71,76.33,664.31,0.43,105660,-23.528,-46.345
3540002,2479,2284,77523,POMPÉIA,SP,Sudeste,0.786,0.748,0.864,0.75,76.81,850.38,0.47,19896,-22.109,-50.172
3540200,3686,4176,149456,PONTAL,SP,Sudeste,0.725,0.633,0.838,0.718,75.27,699.28,0.44,40083,-21.023,-48.037
3540507,1986,4052,190211,PORANGABA,SP,Sudeste,0.703,0.578,0.864,0.696,76.81,606.65,0.48,8209,-23.176,-48.125
3540606,3995,4780,234876,PORTO FELIZ,SP,Sudeste,0.758,0.706,0.836,0.737,75.14,785.76,0.45,48375,-23.215,-47.524
3540705,6429,4437,127871,PORTO FERREIRA,SP,Sudeste,0.751,0.696,0.827,0.736,74.63,779,0.45,51283,-21.854,-47.479
3540804,2955,1691,40197,POTIRENDABA,SP,Sudeste,0.747,0.661,0.857,0.737,76.41,785.96,0.4,15418,-21.043,-49.377
3541000,33993,89352,3468957,PRAIA GRANDE,SP,Sudeste,0.754,0.692,0.834,0.744,75.04,820.97,0.49,261387,-24.006,-46.403
3541208,3210,2466,33187,PRESIDENTE BERNARDES,SP,Sudeste,0.757,0.719,0.839,0.718,75.34,695.29,0.46,13387,-22.006,-51.553
3541307,8933,6769,190384,PRESIDENTE EPITÁCIO,SP,Sudeste,0.75,0.7,0.845,0.714,75.72,680.56,0.47,40740,-21.763,-52.116
3541406,37034,51231,2295521,PRESIDENTE PRUDENTE,SP,Sudeste,0.806,0.774,0.858,0.788,76.49,1080.22,0.54,205525,-22.126,-51.389
3541505,6614,5230,96570,PRESIDENTE VENCESLAU,SP,Sudeste,0.763,0.708,0.837,0.749,75.19,846.18,0.49,36292,-21.876,-51.844
3541604,2932,4868,198023,PROMISSÃO,SP,Sudeste,0.743,0.666,0.85,0.724,75.99,726,0.43,35314,-21.537,-49.858
3541703,2318,1742,40459,QUATÁ,SP,Sudeste,0.738,0.7,0.814,0.706,73.84,648.64,0.41,12684,-22.248,-50.698
3541901,899,1078,52663,QUELUZ,SP,Sudeste,0.722,0.687,0.823,0.665,74.38,500.25,0.46,10552,-22.537,-44.774
3542206,5342,3251,114592,RANCHARIA,SP,Sudeste,0.751,0.683,0.861,0.72,76.64,707.37,0.47,28705,-22.229,-50.893
3542404,2957,3120,141039,REGENTE FEIJÓ,SP,Sudeste,0.768,0.752,0.818,0.735,74.1,774.14,0.46,18456,-22.221,-51.303
3542602,6485,8645,275401,REGISTRO,SP,Sudeste,0.754,0.702,0.851,0.718,76.08,699.41,0.52,54058,-24.488,-47.844
3542909,2630,3594,146720,RIBEIRÃO BONITO,SP,Sudeste,0.712,0.625,0.811,0.712,73.66,673.96,0.46,12087,-22.067,-48.176
3543303,6356,8796,573405,RIBEIRÃO PIRES,SP,Sudeste,0.784,0.76,0.847,0.749,75.81,847.11,0.44,112775,-23.711,-46.413
3543402,66292,70404,3037596,RIBEIRÃO PRETO,SP,Sudeste,0.8,0.739,0.844,0.82,75.65,1314.04,0.54,598544,-21.178,-47.81
3543907,19533,25478,1859610,RIO CLARO,SP,Sudeste,0.803,0.766,0.862,0.784,76.72,1049.16,0.5,185130,-22.411,-47.561
3544004,1446,2386,149674,RIO DAS PEDRAS,SP,Sudeste,0.759,0.7,0.842,0.741,75.49,804,0.45,29409,-22.843,-47.606
3544103,2001,1612,359394,RIO GRANDE DA SERRA,SP,Sudeste,0.749,0.745,0.823,0.684,74.36,563.57,0.39,43673,-23.744,-46.398
3544251,2723,2841,85622,ROSANA,SP,Sudeste,0.764,0.728,0.818,0.749,74.1,843.59,0.6,19371,-22.58,-53.059
3544301,827,879,21873,ROSEIRA,SP,Sudeste,0.737,0.704,0.823,0.691,74.38,588.39,0.43,9519,-22.898,-45.305
3545001,1185,1118,27140,SALESÓPOLIS,SP,Sudeste,0.732,0.69,0.829,0.687,74.75,576.55,0.42,15559,-23.532,-45.846
3545209,9540,13927,639727,SALTO,SP,Sudeste,0.78,0.751,0.837,0.755,75.19,876.67,0.45,105180,-23.201,-47.287
3545308,2324,2819,109651,SALTO DE PIRAPORA,SP,Sudeste,0.729,0.665,0.834,0.699,75.04,618.93,0.44,39223,-23.649,-47.573
3545605,2842,5434,151100,SANTA ADÉLIA,SP,Sudeste,0.76,0.702,0.835,0.75,75.08,853.14,0.43,14184,-21.243,-48.804
3545803,11902,13447,699643,SANTA BÁRBARA D'OESTE,SP,Sudeste,0.781,0.731,0.867,0.752,77.04,863.02,0.41,179604,-22.754,-47.414
3546009,1226,1107,67224,SANTA BRANCA,SP,Sudeste,0.735,0.678,0.828,0.706,74.68,645.59,0.47,13699,-23.397,-45.884
3546306,3719,4115,187671,SANTA CRUZ DAS PALMEIRAS,SP,Sudeste,0.728,0.635,0.815,0.746,73.87,829.66,0.51,29824,-21.827,-47.249
3546405,5205,4937,171662,SANTA CRUZ DO RIO PARDO,SP,Sudeste,0.762,0.686,0.867,0.744,77,818.3,0.46,43593,-22.899,-49.633
3546603,8396,7704,214926,SANTA FÉ DO SUL,SP,Sudeste,0.784,0.751,0.84,0.763,75.41,924.06,0.49,29081,-20.211,-50.926
3546801,5148,5801,438002,SANTA ISABEL,SP,Sudeste,0.738,0.689,0.834,0.7,75.02,623.11,0.45,49899,-23.316,-46.221
3547304,10970,17662,789057,SANTANA DE PARNAÍBA,SP,Sudeste,0.814,0.725,0.849,0.876,75.92,1858.69,0.67,108233,-23.444,-46.918
3547502,5143,4201,169177,SANTA RITA DO PASSA QUATRO,SP,Sudeste,0.775,0.686,0.887,0.764,78.22,930.59,0.48,26047,-21.71,-47.478
3547601,2077,2512,72257,SANTA ROSA DE VITERBO,SP,Sudeste,0.77,0.704,0.868,0.746,77.1,829.2,0.5,23703,-21.473,-47.363
3547700,7551,5328,75087,SANTO ANASTÁCIO,SP,Sudeste,0.753,0.689,0.854,0.725,76.22,726.34,0.52,20413,-21.977,-51.652
3547809,44410,46092,1969184,SANTO ANDRÉ,SP,Sudeste,0.815,0.769,0.861,0.819,76.66,1304.31,0.53,674891,-23.664,-46.538
3548500,54803,70868,3552405,SANTOS,SP,Sudeste,0.84,0.807,0.852,0.861,76.13,1693.65,0.55,416524,-23.961,-46.334
3548609,1390,1135,28826,SÃO BENTO DO SAPUCAÍ,SP,Sudeste,0.72,0.638,0.812,0.719,73.69,701.89,0.55,10370,-22.689,-45.731
3548708,47854,51788,2550891,SÃO BERNARDO DO CAMPO,SP,Sudeste,0.805,0.752,0.861,0.807,76.65,1212.65,0.54,761075,-23.694,-46.565
3548807,15815,17927,717742,SÃO CAETANO DO SUL,SP,Sudeste,0.862,0.811,0.887,0.891,78.2,2043.74,0.54,148195,-23.623,-46.551
3548906,19480,29103,710982,SÃO CARLOS,SP,Sudeste,0.805,0.766,0.863,0.788,76.78,1079.45,0.49,220666,-22.018,-47.891
3549102,9184,8642,441721,SÃO JOÃO DA BOA VISTA,SP,Sudeste,0.797,0.749,0.871,0.776,77.23,998.31,0.51,83234,-21.969,-46.798
3549409,9617,6620,188888,SÃO JOAQUIM DA BARRA,SP,Sudeste,0.762,0.706,0.847,0.74,75.8,799.93,0.42,46359,-20.581,-47.855
3549706,6095,5446,172266,SÃO JOSÉ DO RIO PARDO,SP,Sudeste,0.774,0.717,0.868,0.744,77.05,818.61,0.49,51520,-21.596,-46.889
3549805,75264,84742,4535832,SÃO JOSÉ DO RIO PRETO,SP,Sudeste,0.797,0.748,0.846,0.801,75.74,1169.16,0.5,405249,-20.82,-49.379
3549904,58938,55458,2168162,SÃO JOSÉ DOS CAMPOS,SP,Sudeste,0.807,0.764,0.855,0.804,76.27,1190.96,0.55,627677,-23.179,-45.887
3550001,1133,1080,29868,SÃO LUÍS DO PARAITINGA,SP,Sudeste,0.697,0.593,0.826,0.691,74.54,590.68,0.48,10317,-23.222,-45.31
3550100,4396,4302,209207,SÃO MANUEL,SP,Sudeste,0.744,0.695,0.805,0.735,73.29,773.82,0.45,38157,-22.731,-48.571
3550209,2649,2740,115472,SÃO MIGUEL ARCANJO,SP,Sudeste,0.71,0.633,0.799,0.708,72.95,657.07,0.57,31124,-23.878,-47.997
3550308,1104389,945116,43468483,SÃO PAULO,SP,Sudeste,0.805,0.725,0.855,0.843,76.3,1516.21,0.62,11166543,-23.548,-46.636
3550407,5933,8851,566252,SÃO PEDRO,SP,Sudeste,0.755,0.674,0.863,0.741,76.78,803.02,0.46,31550,-22.549,-47.914
3550605,6594,15872,415727,SÃO ROQUE,SP,Sudeste,0.768,0.687,0.863,0.765,76.79,932.62,0.5,78332,-23.529,-47.135
3550704,5379,5360,434903,SÃO SEBASTIÃO,SP,Sudeste,0.772,0.703,0.875,0.747,77.51,837.48,0.49,73523,-23.76,-45.41
3550803,2265,1593,63432,SÃO SEBASTIÃO DA GRAMA,SP,Sudeste,0.701,0.609,0.82,0.689,74.19,581.04,0.41,12010,-21.711,-46.821
3550902,3067,3134,113703,SÃO SIMÃO,SP,Sudeste,0.766,0.722,0.852,0.732,76.11,761.14,0.45,14300,-21.479,-47.551
3551009,19636,80957,4032501,SÃO VICENTE,SP,Sudeste,0.768,0.716,0.857,0.738,76.39,789.32,0.47,330158,-23.963,-46.392
3551504,2982,2547,218184,SERRANA,SP,Sudeste,0.729,0.65,0.835,0.713,75.08,677.75,0.37,38734,-21.211,-47.596
3551603,3091,4522,138596,SERRA NEGRA,SP,Sudeste,0.767,0.676,0.873,0.764,77.36,927.39,0.48,26297,-22.612,-46.701
3551702,15670,15715,710653,SERTÃOZINHO,SP,Sudeste,0.761,0.672,0.855,0.768,76.31,953.23,0.46,109540,-21.138,-47.99
3552106,3167,2782,114452,SOCORRO,SP,Sudeste,0.729,0.634,0.828,0.737,74.66,785.71,0.44,36501,-22.591,-46.529
3552205,54933,68698,4842556,SOROCABA,SP,Sudeste,0.798,0.762,0.843,0.792,75.59,1107.19,0.52,581541,-23.502,-47.458
3552403,12377,25729,1187864,SUMARÉ,SP,Sudeste,0.762,0.705,0.845,0.744,75.71,820.03,0.45,240998,-22.822,-47.267
3552502,14113,16495,1310884,SUZANO,SP,Sudeste,0.765,0.723,0.873,0.708,77.36,654.61,0.47,261011,-23.543,-46.311
3552601,2144,1971,75146,TABAPUÃ,SP,Sudeste,0.735,0.666,0.82,0.726,74.2,731.31,0.4,11280,-20.964,-49.032
3552809,23150,15277,1940449,TABOÃO DA SERRA,SP,Sudeste,0.769,0.71,0.863,0.742,76.79,812.19,0.47,243971,-23.602,-46.753
3553302,1264,1759,78890,TAMBAÚ,SP,Sudeste,0.731,0.624,0.858,0.729,76.45,747.11,0.45,22289,-21.705,-47.274
3553401,5020,5093,157969,TANABI,SP,Sudeste,0.748,0.687,0.829,0.735,74.73,775.79,0.42,23991,-20.626,-49.649
3553708,9429,7745,302581,TAQUARITINGA,SP,Sudeste,0.748,0.696,0.827,0.727,74.61,739.25,0.46,53786,-21.406,-48.505
3553807,3364,2419,100598,TAQUARITUBA,SP,Sudeste,0.701,0.606,0.811,0.7,73.65,624.86,0.48,22153,-23.533,-49.244
3554003,17142,17702,554436,TATUÍ,SP,Sudeste,0.752,0.688,0.842,0.734,75.52,771.05,0.47,106912,-23.356,-47.857
3554102,35003,59895,2324745,TAUBATÉ,SP,Sudeste,0.8,0.746,0.883,0.778,77.98,1011.95,0.51,276183,-23.026,-45.555
3554300,8653,3926,123099,TEODORO SAMPAIO,SP,Sudeste,0.741,0.679,0.856,0.699,76.38,619.79,0.47,21135,-22.533,-52.168
3554508,3295,3240,134548,TIETÊ,SP,Sudeste,0.778,0.698,0.884,0.764,78.04,927.25,0.48,36630,-23.102,-47.715
3554805,2610,3034,234861,TREMEMBÉ,SP,Sudeste,0.785,0.72,0.873,0.769,77.38,959.88,0.53,37302,-22.958,-45.549
3555000,17632,18445,495829,TUPÃ,SP,Sudeste,0.771,0.704,0.852,0.764,76.1,926.96,0.54,62555,-21.935,-50.514
3555109,4087,2998,98657,TUPI PAULISTA,SP,Sudeste,0.769,0.715,0.835,0.762,75.08,914.36,0.49,13029,-21.381,-51.571
3555406,8708,27213,1626846,UBATUBA,SP,Sudeste,0.751,0.679,0.841,0.741,75.47,803.5,0.58,78243,-23.434,-45.071
3555802,2171,1443,36620,URÂNIA,SP,Sudeste,0.746,0.709,0.804,0.727,73.25,739.08,0.46,8803,-20.246,-50.643
3556008,3344,4589,55861,URUPÊS,SP,Sudeste,0.745,0.683,0.817,0.741,74.03,805.66,0.43,12668,-21.202,-49.29
3556206,12322,8862,600674,VALINHOS,SP,Sudeste,0.819,0.763,0.85,0.848,76.01,1570.91,0.54,106411,-22.971,-46.996
3556305,3735,3399,109453,VALPARAÍSO,SP,Sudeste,0.725,0.643,0.825,0.719,74.47,701.02,0.45,20259,-21.228,-50.868
3556404,3270,3027,186075,VARGEM GRANDE DO SUL,SP,Sudeste,0.737,0.643,0.863,0.721,76.78,711.6,0.42,39144,-21.832,-46.894
3556453,4324,2803,297377,VARGEM GRANDE PAULISTA,SP,Sudeste,0.77,0.683,0.884,0.755,78.02,876.61,0.5,42765,-23.603,-47.026
3556503,7115,5941,676046,VÁRZEA PAULISTA,SP,Sudeste,0.759,0.705,0.863,0.72,76.8,706.02,0.39,106832,-23.211,-46.828
3556701,4602,7406,375585,VINHEDO,SP,Sudeste,0.817,0.739,0.878,0.84,77.68,1493.32,0.53,63120,-23.03,-46.975
3556800,3619,2242,194091,VIRADOURO,SP,Sudeste,0.739,0.683,0.823,0.717,74.4,692.01,0.4,17257,-20.873,-48.297
3557006,6636,10352,341636,VOTORANTIM,SP,Sudeste,0.767,0.747,0.838,0.72,75.3,703.99,0.4,108578,-23.547,-47.438
3557105,20108,15716,429533,VOTUPORANGA,SP,Sudeste,0.79,0.744,0.857,0.772,76.44,977.39,0.49,84502,-20.423,-49.973
3557204,1518,2135,84202,CHAVANTES,SP,Sudeste,0.729,0.655,0.828,0.713,74.66,677.3,0.47,12055,-23.039,-49.709
4100400,5516,9437,338124,ALMIRANTE TAMANDARÉ,PR,Sul,0.699,0.575,0.84,0.706,75.39,646.02,0.43,102996,-25.325,-49.31
4100509,3634,1680,96853,ALTÔNIA,PR,Sul,0.721,0.641,0.848,0.69,75.88,585.49,0.38,20366,-23.874,-53.902
4100608,1945,1959,70036,ALTO PARANÁ,PR,Sul,0.696,0.587,0.846,0.679,75.76,548.25,0.43,13502,-23.129,-52.319
4100707,1042,1083,29856,ALTO PIQUIRI,PR,Sul,0.676,0.578,0.798,0.669,72.86,515.07,0.44,9994,-24.028,-53.441
4101002,1697,2062,59643,AMPÉRE,PR,Sul,0.709,0.62,0.824,0.699,74.45,618.76,0.48,17119,-25.915,-53.473
4101101,3187,2021,104784,ANDIRÁ,PR,Sul,0.725,0.66,0.838,0.69,75.25,587.51,0.42,20517,-23.051,-50.229
4101200,2469,2358,111750,ANTONINA,PR,Sul,0.687,0.564,0.838,0.686,75.3,572.38,0.55,18687,-25.429,-48.712
4101408,15313,14349,502690,APUCARANA,PR,Sul,0.748,0.668,0.845,0.741,75.71,804.81,0.45,120427,-23.551,-51.461
4101507,14078,12808,471418,ARAPONGAS,PR,Sul,0.748,0.669,0.834,0.751,75.02,855.02,0.46,103925,-23.419,-51.424
4101606,1512,1791,80381,ARAPOTI,PR,Sul,0.723,0.643,0.823,0.715,74.39,684.8,0.57,25368,-24.158,-49.827
4101804,9474,10701,396671,ARAUCÁRIA,PR,Sul,0.74,0.639,0.852,0.743,76.11,814.39,0.46,118997,-25.593,-49.41
4101903,3723,2137,96402,ASSAÍ,PR,Sul,0.728,0.641,0.833,0.724,74.99,723.56,0.55,16328,-23.373,-50.841
4102000,2703,3128,126504,ASSIS CHATEAUBRIAND,PR,Sul,0.729,0.633,0.857,0.713,76.4,676.1,0.47,32901,-24.42,-53.521
4102109,2518,2657,91547,ASTORGA,PR,Sul,0.747,0.675,0.818,0.754,74.08,875.14,0.5,24589,-23.233,-51.666
4102406,4133,4859,142423,BANDEIRANTES,PR,Sul,0.727,0.658,0.819,0.714,74.16,679.72,0.49,31979,-23.11,-50.368
4102505,1724,1105,35370,BARBOSA FERRAZ,PR,Sul,0.696,0.625,0.808,0.667,73.47,507.7,0.48,12337,-24.03,-52.012
4102604,1860,1214,104158,BARRACÃO,PR,Sul,0.706,0.59,0.833,0.716,74.99,688.92,0.54,9539,-26.254,-53.633
4102802,3047,2020,112104,BELA VISTA DO PARAÍSO,PR,Sul,0.716,0.604,0.844,0.721,75.65,710.14,0.47,14994,-22.997,-51.191
4103107,1248,1364,65189,BOCAIÚVA DO SUL,PR,Sul,0.64,0.473,0.816,0.679,73.96,547.26,0.46,10852,-25.206,-49.115
4103602,2010,2035,66900,CAMBARÁ,PR,Sul,0.721,0.645,0.818,0.711,74.07,666.89,0.47,23818,-23.046,-50.074
4103701,9590,9517,320111,CAMBÉ,PR,Sul,0.734,0.651,0.84,0.724,75.42,723.34,0.42,96481,-23.276,-51.278
4103909,784,1209,60705,CAMPINA DA LAGOA,PR,Sul,0.704,0.623,0.829,0.677,74.76,540.04,0.46,15230,-24.592,-52.799
4104006,4575,3949,216214,CAMPINA GRANDE DO SUL,PR,Sul,0.718,0.605,0.86,0.712,76.58,671.29,0.44,38529,-25.306,-49.055
4104204,9675,9801,299935,CAMPO LARGO,PR,Sul,0.745,0.664,0.854,0.73,76.21,749.21,0.45,111600,-25.459,-49.528
4104303,10432,10841,299977,CAMPO MOURÃO,PR,Sul,0.757,0.689,0.841,0.749,75.44,843.42,0.5,86868,-24.046,-52.383
4104402,611,647,20479,CÂNDIDO DE ABREU,PR,Sul,0.629,0.494,0.783,0.643,71.96,438.62,0.57,16356,-24.567,-51.333
4104451,1794,1268,33127,CANTAGALO,PR,Sul,0.635,0.522,0.768,0.638,71.05,424.57,0.51,12776,-25.374,-52.126
4104501,2571,2571,74154,CAPANEMA,PR,Sul,0.706,0.611,0.801,0.719,73.04,701.11,0.45,18365,-25.672,-53.809
4104600,1078,1585,97951,CAPITÃO LEÔNIDAS MARQUES,PR,Sul,0.716,0.623,0.829,0.712,74.71,670.16,0.46,14916,-25.479,-53.614
4104709,1427,2273,58292,CARLÓPOLIS,PR,Sul,0.713,0.625,0.832,0.696,74.91,608.82,0.47,13643,-23.425,-49.721
4104808,31369,33182,1097487,CASCAVEL,PR,Sul,0.782,0.728,0.846,0.776,75.74,1003.38,0.51,281585,-24.956,-53.455
4104907,5233,5852,179956,CASTRO,PR,Sul,0.703,0.6,0.823,0.704,74.36,639.54,0.53,65816,-24.791,-50.012
4105003,1399,1493,60598,CATANDUVAS,PR,Sul,0.678,0.573,0.805,0.677,73.28,539.43,0.53,9937,-25.203,-53.157
4105102,1486,1366,49033,CENTENÁRIO DO SUL,PR,Sul,0.668,0.549,0.791,0.686,72.48,571.32,0.41,10842,-22.821,-51.595
4105201,824,896,32531,CERRO AZUL,PR,Sul,0.573,0.391,0.797,0.604,72.82,342.88,0.48,16522,-24.824,-49.261
4105409,2301,2341,55144,CHOPINZINHO,PR,Sul,0.74,0.671,0.817,0.74,73.99,802.23,0.55,19533,-25.856,-52.523
4105508,11127,13228,365205,CIANORTE,PR,Sul,0.755,0.685,0.841,0.747,75.45,837.13,0.41,69598,-23.663,-52.605
4105607,1436,1954,84492,CIDADE GAÚCHA,PR,Sul,0.718,0.645,0.805,0.712,73.28,671.1,0.42,10980,-23.38,-52.945
4105706,2234,1823,46667,CLEVELÂNDIA,PR,Sul,0.694,0.573,0.813,0.718,73.76,696.71,0.58,16994,-26.396,-52.471
4105805,13636,14268,514726,COLOMBO,PR,Sul,0.733,0.632,0.87,0.715,77.17,682.85,0.41,212395,-25.292,-49.224
4105904,3662,3509,113527,COLORADO,PR,Sul,0.73,0.649,0.804,0.747,73.25,833.7,0.43,22152,-22.838,-51.973
4106001,1200,1070,30418,CONGONHINHAS,PR,Sul,0.668,0.562,0.809,0.655,73.53,471.57,0.5,7967,-23.551,-50.554
4106308,2621,2660,121830,CORBÉLIA,PR,Sul,0.738,0.683,0.807,0.728,73.44,743.65,0.48,16235,-24.799,-53.307
4106407,6122,6240,208319,CORNÉLIO PROCÓPIO,PR,Sul,0.759,0.692,0.848,0.746,75.86,828.19,0.48,46608,-23.181,-50.647
4106506,1813,1828,70216,CORONEL VIVIDA,PR,Sul,0.723,0.653,0.81,0.714,73.58,679.98,0.47,21572,-25.98,-52.568
4106605,5243,6294,187384,CRUZEIRO DO OESTE,PR,Sul,0.717,0.64,0.825,0.698,74.5,617.44,0.43,20264,-23.785,-53.073
4106902,161084,189727,8346848,CURITIBA,PR,Sul,0.823,0.768,0.855,0.85,76.3,1581.04,0.55,1740627,-25.428,-49.273
4107009,1570,1557,69072,CURIÚVA,PR,Sul,0.656,0.546,0.795,0.649,72.7,455.24,0.45,13762,-24.033,-50.458
4107207,3367,4400,139551,DOIS VIZINHOS,PR,Sul,0.767,0.711,0.85,0.747,76,836.1,0.47,35883,-25.734,-53.057
4107504,2396,2478,82145,ENGENHEIRO BELTRÃO,PR,Sul,0.73,0.677,0.82,0.701,74.21,629.05,0.43,13795,-23.797,-52.269
4107603,1845,1670,73132,FAXINAL,PR,Sul,0.687,0.584,0.796,0.697,72.75,612.79,0.48,16152,-24.001,-51.32
4107652,8480,11132,363174,FAZENDA RIO GRANDE,PR,Sul,0.72,0.617,0.847,0.713,75.84,677.31,0.46,81480,-25.658,-49.308
4108205,1196,1345,44899,FORMOSA DO OESTE,PR,Sul,0.723,0.652,0.836,0.692,75.17,593.44,0.41,7501,-24.293,-53.313
4108304,19752,25371,881494,FOZ DO IGUAÇU,PR,Sul,0.751,0.661,0.858,0.748,76.46,842.26,0.53,254233,-25.548,-54.588
4108403,8244,10771,337877,FRANCISCO BELTRÃO,PR,Sul,0.774,0.726,0.844,0.758,75.65,895.36,0.47,77870,-26.081,-53.055
4108601,4745,4175,119933,GOIOERÊ,PR,Sul,0.731,0.639,0.85,0.72,75.97,707.58,0.48,28717,-24.185,-53.028
4108700,791,607,28698,GRANDES RIOS,PR,Sul,0.658,0.55,0.799,0.649,72.92,455.19,0.45,6540,-24.146,-51.506
4108809,3201,2952,147650,GUAÍRA,PR,Sul,0.724,0.615,0.836,0.739,75.17,795.84,0.57,30357,-24.08,-54.256
4109302,2432,2182,39386,GUARANIAÇU,PR,Sul,0.677,0.528,0.841,0.698,75.44,614.94,0.54,14356,-25.101,-52.878
4109401,15092,21473,550073,GUARAPUAVA,PR,Sul,0.731,0.628,0.853,0.73,76.2,750.09,0.55,165631,-25.395,-51.458
4109609,6776,4556,900838,GUARATUBA,PR,Sul,0.717,0.604,0.828,0.737,74.66,782.92,0.56,31742,-25.883,-48.575
4109708,3402,4270,145009,IBAITI,PR,Sul,0.71,0.596,0.813,0.738,73.77,787.74,0.62,27826,-23.849,-50.188
4109807,4874,5474,216241,IBIPORÃ,PR,Sul,0.726,0.647,0.821,0.72,74.26,706.25,0.45,47806,-23.269,-51.048
4109906,1048,859,45928,ICARAÍMA,PR,Sul,0.666,0.554,0.792,0.673,72.51,525.92,0.42,8645,-23.396,-53.614
4110102,2088,2164,129486,IMBITUVA,PR,Sul,0.66,0.509,0.828,0.681,74.66,553.65,0.51,28148,-25.23,-50.604
4110508,584,963,27592,IPIRANGA,PR,Sul,0.652,0.489,0.828,0.684,74.66,564.83,0.53,13615,-25.024,-50.584
4110607,2122,1815,74033,IPORÃ,PR,Sul,0.706,0.611,0.829,0.696,74.75,608.93,0.45,14844,-24.003,-53.704
4110706,5082,4736,243321,IRATI,PR,Sul,0.726,0.64,0.835,0.715,75.11,685.81,0.49,55620,-25.467,-50.651
4110805,1192,1413,48125,IRETAMA,PR,Sul,0.665,0.521,0.811,0.696,73.67,608.11,0.58,10479,-24.424,-52.106
4111506,4487,4134,196920,IVAIPORÃ,PR,Sul,0.73,0.661,0.827,0.711,74.63,666.73,0.48,31450,-24.248,-51.685
4111803,5091,5801,135235,JACAREZINHO,PR,Sul,0.743,0.663,0.844,0.734,75.61,770.55,0.53,38749,-23.161,-49.969
4111902,1891,1437,56151,JAGUAPITÃ,PR,Sul,0.715,0.615,0.834,0.714,75.03,681.75,0.4,12079,-23.113,-51.532
4112009,3477,2563,134062,JAGUARIAÍVA,PR,Sul,0.743,0.684,0.859,0.698,76.54,616.79,0.51,32454,-24.251,-49.706
4112108,3559,4571,155223,JANDAIA DO SUL,PR,Sul,0.747,0.703,0.801,0.741,73.04,803.28,0.46,20126,-23.603,-51.643
4112801,1543,1624,58324,JOAQUIM TÁVORA,PR,Sul,0.7,0.613,0.801,0.699,73.04,618.36,0.43,10665,-23.499,-49.905
4113205,5178,4946,124684,LAPA,PR,Sul,0.706,0.595,0.848,0.696,75.9,608.6,0.49,44599,-25.77,-49.716
4113304,3832,4643,162819,LARANJEIRAS DO SUL,PR,Sul,0.706,0.594,0.835,0.709,75.11,659.33,0.54,30407,-25.408,-52.416
4113502,4109,4543,167515,LOANDA,PR,Sul,0.725,0.645,0.815,0.724,73.88,725.67,0.47,21023,-22.923,-53.137
4113700,71203,75601,2886188,LONDRINA,PR,Sul,0.778,0.712,0.837,0.789,75.19,1083.35,0.51,503258,-23.31,-51.163
4113908,1101,1035,35895,MALLET,PR,Sul,0.708,0.645,0.809,0.681,73.54,552.86,0.46,12680,-25.878,-50.821
4114005,1227,1142,33341,MAMBORÊ,PR,Sul,0.719,0.649,0.821,0.698,74.24,616.46,0.49,13793,-24.319,-52.53
4114104,1653,2664,63356,MANDAGUAÇU,PR,Sul,0.718,0.625,0.825,0.717,74.47,693.16,0.41,19718,-23.347,-52.095
4114203,4360,4497,127361,MANDAGUARI,PR,Sul,0.751,0.689,0.84,0.732,75.39,762.54,0.45,32422,-23.548,-51.671
4114401,1538,1495,32265,MANGUEIRINHA,PR,Sul,0.688,0.579,0.811,0.695,73.67,605.97,0.57,16810,-25.941,-52.176
4114500,1741,1281,36703,MANOEL RIBAS,PR,Sul,0.716,0.628,0.806,0.725,73.36,729.51,0.6,12993,-24.516,-51.668
4114609,5833,6504,193764,MARECHAL CÂNDIDO RONDON,PR,Sul,0.774,0.704,0.842,0.782,75.51,1036.38,0.53,46553,-24.556,-54.057
4114807,3312,3394,115011,MARIALVA,PR,Sul,0.735,0.666,0.814,0.733,73.84,765.58,0.44,31664,-23.485,-51.792
4114906,1031,1532,103335,MARILÂNDIA DO SUL,PR,Sul,0.691,0.599,0.831,0.664,74.88,497.15,0.44,8747,-23.745,-51.308
4115200,49310,58692,2050753,MARINGÁ,PR,Sul,0.808,0.768,0.852,0.806,76.1,1202.63,0.49,354512,-23.425,-51.939
4115408,1443,2222,82898,MARMELEIRO,PR,Sul,0.722,0.613,0.842,0.73,75.5,751.42,0.51,13763,-26.149,-53.026
4115606,3113,3149,104125,MATELÂNDIA,PR,Sul,0.725,0.642,0.831,0.715,74.85,683.91,0.46,15327,-25.241,-53.996
4115705,5104,8727,789874,MATINHOS,PR,Sul,0.743,0.662,0.834,0.743,75.04,814.03,0.48,29112,-25.818,-48.543
4115804,3705,4513,162758,MEDIANEIRA,PR,Sul,0.763,0.686,0.849,0.762,75.96,914.67,0.49,41552,-25.295,-54.094
4116208,953,1572,68742,MORRETES,PR,Sul,0.686,0.544,0.837,0.71,75.22,665.51,0.53,15578,-25.477,-48.834
4116703,1644,2310,65285,NOVA AURORA,PR,Sul,0.733,0.642,0.844,0.726,75.66,734.83,0.55,11753,-24.529,-53.256
4116901,3993,4165,123787,NOVA ESPERANÇA,PR,Sul,0.722,0.628,0.829,0.723,74.72,719.26,0.46,26480,-23.184,-52.205
4117008,700,633,22748,NOVA FÁTIMA,PR,Sul,0.688,0.584,0.819,0.681,74.15,555.2,0.45,8131,-23.432,-50.564
4117107,2147,1635,78092,NOVA LONDRINA,PR,Sul,0.758,0.691,0.856,0.735,76.36,777.47,0.5,12970,-22.766,-52.985
4117305,1492,1371,40303,ORTIGUEIRA,PR,Sul,0.609,0.441,0.811,0.632,73.63,408.86,0.49,22904,-24.208,-50.949
4117602,5184,4209,190295,PALMAS,PR,Sul,0.66,0.505,0.827,0.687,74.59,575.55,0.54,42368,-26.484,-51.991
4117701,1610,1903,122317,PALMEIRA,PR,Sul,0.718,0.618,0.826,0.725,74.56,729.05,0.59,31354,-25.429,-50.006
4117800,1583,1396,60563,PALMITAL,PR,Sul,0.639,0.511,0.791,0.647,72.48,447.15,0.52,14676,-24.893,-52.203
4117909,2711,2762,118349,PALOTINA,PR,Sul,0.768,0.689,0.864,0.76,76.85,904.85,0.47,28550,-24.284,-53.84
4118006,1525,1544,36689,PARAÍSO DO NORTE,PR,Sul,0.746,0.668,0.825,0.752,74.5,864.18,0.48,11703,-23.281,-52.602
4118105,2864,1858,87313,PARANACITY,PR,Sul,0.717,0.638,0.839,0.689,75.36,582.06,0.4,10220,-22.93,-52.151
4118204,16109,8031,1002331,PARANAGUÁ,PR,Sul,0.75,0.676,0.852,0.733,76.12,765.85,0.52,139774,-25.52,-48.509
4118402,11325,11690,353406,PARANAVAÍ,PR,Sul,0.763,0.703,0.844,0.75,75.62,852.66,0.48,81023,-23.073,-52.465
4118501,8704,9910,276611,PATO BRANCO,PR,Sul,0.782,0.728,0.845,0.778,75.72,1013.22,0.51,71612,-26.229,-52.671
4118808,1759,1682,54862,PEABIRU,PR,Sul,0.723,0.629,0.826,0.727,74.56,737.63,0.54,13522,-23.913,-52.343
4118907,1428,1294,36316,PÉROLA,PR,Sul,0.7,0.607,0.804,0.704,73.25,637.59,0.37,10125,-23.805,-53.684
4119152,8569,9962,369453,PINHAIS,PR,Sul,0.751,0.666,0.836,0.761,75.15,911.51,0.48,116153,-25.445,-49.193
4119301,2252,2862,73900,PINHÃO,PR,Sul,0.654,0.534,0.806,0.649,73.36,454.31,0.53,29641,-25.696,-51.66
4119400,1659,1219,44037,PIRAÍ DO SUL,PR,Sul,0.708,0.619,0.816,0.702,73.94,631.84,0.56,23173,-24.526,-49.949
4119509,7424,6250,259354,PIRAQUARA,PR,Sul,0.7,0.574,0.869,0.689,77.15,581.74,0.41,88157,-25.442,-49.063
4119608,2776,2579,110407,PITANGA,PR,Sul,0.702,0.621,0.802,0.696,73.09,609.77,0.52,32337,-24.757,-51.761
4119905,29102,33046,1274120,PONTA GROSSA,PR,Sul,0.763,0.703,0.837,0.755,75.22,877.1,0.54,309586,-25.095,-50.162
4119954,3722,1956,186560,PONTAL DO PARANÁ,PR,Sul,0.738,0.655,0.831,0.737,74.87,782.87,0.51,20835,-25.674,-48.511
4120002,3119,2736,91249,PORECATU,PR,Sul,0.738,0.661,0.834,0.728,75.05,742.25,0.44,13955,-22.756,-51.379
4120507,1762,1539,34877,PRIMEIRO DE MAIO,PR,Sul,0.701,0.599,0.826,0.695,74.54,604.96,0.45,10801,-22.851,-51.028
4120606,3022,2442,90460,PRUDENTÓPOLIS,PR,Sul,0.676,0.577,0.807,0.664,73.4,497.84,0.47,47516,-25.213,-50.978
4120903,2132,2117,86035,QUEDAS DO IGUAÇU,PR,Sul,0.681,0.576,0.794,0.69,72.65,586.88,0.58,29256,-25.45,-52.908
4121406,2719,2074,84270,REALEZA,PR,Sul,0.722,0.63,0.83,0.72,74.82,704.94,0.43,16197,-25.767,-53.527
4121505,1060,1437,63237,REBOUÇAS,PR,Sul,0.672,0.576,0.814,0.647,73.82,449.27,0.51,13965,-25.621,-50.693
4121703,1558,1267,47549,RESERVA,PR,Sul,0.618,0.461,0.786,0.65,72.13,457.88,0.5,24830,-24.65,-50.851
4121802,1117,1131,30931,RIBEIRÃO CLARO,PR,Sul,0.716,0.627,0.832,0.704,74.92,639.91,0.52,10307,-23.194,-49.758
4121901,1820,1789,70591,RIBEIRÃO DO PINHAL,PR,Sul,0.701,0.611,0.824,0.684,74.43,563.87,0.5,13355,-23.408,-50.357
4122206,2463,3526,121251,RIO BRANCO DO SUL,PR,Sul,0.679,0.545,0.847,0.679,75.84,548.8,0.47,30230,-25.19,-49.314
4122305,3514,3678,88982,RIO NEGRO,PR,Sul,0.76,0.705,0.863,0.721,76.75,709.13,0.48,31081,-26.106,-49.798
4122404,8444,6518,234445,ROLÂNDIA,PR,Sul,0.739,0.661,0.821,0.744,74.27,819.52,0.45,57694,-23.31,-51.369
4123006,2106,2108,50884,SALTO DO LONTRA,PR,Sul,0.718,0.625,0.839,0.707,75.36,650.57,0.46,13640,-25.784,-53.309
4123402,2018,2113,74757,SANTA FÉ,PR,Sul,0.705,0.601,0.808,0.721,73.5,709.44,0.41,10398,-23.038,-51.805
4123501,1705,1726,67241,SANTA HELENA,PR,Sul,0.744,0.678,0.823,0.738,74.38,791.53,0.52,23338,-24.86,-54.333
4123709,922,1326,48888,SANTA ISABEL DO IVAÍ,PR,Sul,0.72,0.656,0.817,0.697,74.04,610.69,0.41,8695,-23.003,-53.197
4123907,1465,875,58069,SANTA MARIANA,PR,Sul,0.7,0.624,0.804,0.684,73.25,564.1,0.43,12391,-23.151,-50.519
4124103,4315,4684,149429,SANTO ANTÔNIO DA PLATINA,PR,Sul,0.718,0.617,0.817,0.733,74.03,765.04,0.54,42309,-23.295,-50.077
4124400,2421,1755,65905,SANTO ANTÔNIO DO SUDOESTE,PR,Sul,0.671,0.543,0.807,0.69,73.42,585.95,0.52,18811,-26.07,-53.723
4124707,1196,1041,74574,SÃO JERÔNIMO DA SERRA,PR,Sul,0.637,0.503,0.822,0.626,74.31,393.81,0.53,10811,-23.728,-50.741
4124806,2150,2185,66174,SÃO JOÃO,PR,Sul,0.727,0.66,0.838,0.695,75.27,605.55,0.43,10529,-25.828,-52.725
4125001,1013,978,34903,SÃO JOÃO DO IVAÍ,PR,Sul,0.693,0.611,0.803,0.677,73.2,540.31,0.43,11354,-23.98,-51.818
4125506,19298,19086,776369,SÃO JOSÉ DOS PINHAIS,PR,Sul,0.758,0.678,0.859,0.749,76.53,846.93,0.45,263146,-25.535,-49.206
4125605,2260,2474,109054,SÃO MATEUS DO SUL,PR,Sul,0.719,0.623,0.838,0.711,75.29,669.78,0.49,40765,-25.874,-50.383
4125704,2709,3251,96505,SÃO MIGUEL DO IGUAÇU,PR,Sul,0.704,0.588,0.818,0.726,74.08,734.88,0.54,25367,-25.348,-54.238
4126256,7932,9756,230052,SARANDI,PR,Sul,0.695,0.579,0.85,0.681,75.98,554.48,0.35,82696,-23.444,-51.874
4126306,1641,1489,47413,SENGÉS,PR,Sul,0.663,0.546,0.811,0.658,73.63,479.7,0.51,18173,-24.113,-49.464
4126504,1694,1584,71831,SERTANÓPOLIS,PR,Sul,0.723,0.655,0.804,0.719,73.24,701.27,0.43,15481,-23.059,-51.036
4126603,1512,2397,81421,SIQUEIRA CAMPOS,PR,Sul,0.704,0.588,0.839,0.708,75.32,655.16,0.49,18386,-23.689,-49.834
4127007,706,710,20493,TEIXEIRA SOARES,PR,Sul,0.671,0.544,0.822,0.676,74.32,536.39,0.51,10022,-25.368,-50.461
4127106,4505,6401,199041,TELÊMACO BORBA,PR,Sul,0.734,0.657,0.828,0.726,74.68,732.78,0.49,69567,-24.324,-50.616
4127205,1471,1546,43002,TERRA BOA,PR,Sul,0.728,0.68,0.803,0.708,73.17,653.34,0.4,15658,-23.768,-52.444
4127304,2903,2380,70674,TERRA RICA,PR,Sul,0.71,0.613,0.837,0.698,75.19,614.23,0.39,15051,-22.709,-52.617
4127403,1661,1412,61625,TERRA ROXA,PR,Sul,0.714,0.639,0.818,0.697,74.09,611.85,0.42,16521,-24.157,-54.097
4127502,1548,1621,55185,TIBAGI,PR,Sul,0.664,0.519,0.832,0.678,74.93,543.05,0.55,19130,-24.509,-50.414
4127700,9737,12257,331882,TOLEDO,PR,Sul,0.768,0.702,0.855,0.755,76.3,876.72,0.46,118869,-24.714,-53.743
4127809,1101,1315,51446,TOMAZINA,PR,Sul,0.699,0.622,0.829,0.661,74.76,489.45,0.45,8687,-23.778,-49.95
4128005,2464,1995,70273,UBIRATÃ,PR,Sul,0.739,0.669,0.854,0.706,76.26,648.36,0.46,21317,-24.545,-52.988
4128104,9789,13605,480131,UMUARAMA,PR,Sul,0.761,0.698,0.836,0.755,75.16,880.6,0.48,99832,-23.766,-53.325
4128203,7886,8520,275507,UNIÃO DA VITÓRIA,PR,Sul,0.74,0.68,0.837,0.713,75.2,674.29,0.48,52456,-26.23,-51.086
4128401,2273,1352,78889,URAÍ,PR,Sul,0.721,0.655,0.821,0.698,74.23,617.75,0.48,11414,-23.198,-50.796
4128500,1539,1381,43654,WENCESLAU BRAZ,PR,Sul,0.687,0.594,0.79,0.692,72.42,594.42,0.52,19049,-23.874,-49.803
4128807,782,666,31714,XAMBRÊ,PR,Sul,0.706,0.606,0.825,0.703,74.52,633.91,0.48,5952,-23.736,-53.49
4200101,2994,2530,85660,ABELARDO LUZ,SC,Sul,0.696,0.578,0.852,0.684,76.1,562.88,0.53,16555,-26.565,-52.328
4200804,2823,1864,103573,ANCHIETA,SC,Sul,0.699,0.608,0.8,0.703,73.01,636.15,0.44,6361,-26.534,-53.331
4201000,1378,1152,15545,ANITA GARIBALDI,SC,Sul,0.688,0.592,0.826,0.667,74.53,506.94,0.5,8525,-27.689,-51.13
4201307,8246,2871,156834,ARAQUARI,SC,Sul,0.703,0.602,0.83,0.696,74.82,609.76,0.4,24686,-26.37,-48.722
4201406,13767,6438,207292,ARARANGUÁ,SC,Sul,0.76,0.691,0.853,0.745,76.17,827.2,0.45,60722,-28.935,-49.486
4201505,1417,1247,40563,ARMAZÉM,SC,Sul,0.77,0.698,0.882,0.743,77.92,814.95,0.44,7735,-28.262,-49.018
4201703,2365,1549,77577,ASCURRA,SC,Sul,0.742,0.636,0.868,0.739,77.08,793.09,0.35,7384,-26.955,-49.376
4202008,17997,13024,494934,BALNEÁRIO CAMBORIÚ,SC,Sul,0.845,0.789,0.894,0.854,78.62,1625.59,0.52,107149,-26.991,-48.635
4202107,3583,6599,140464,BARRA VELHA,SC,Sul,0.738,0.639,0.857,0.735,76.42,773.05,0.44,22307,-26.632,-48.685
4202305,6333,7084,140328,BIGUAÇU,SC,Sul,0.739,0.659,0.836,0.733,75.17,764.37,0.39,58014,-27.494,-48.656
4202404,36132,25809,1164834,BLUMENAU,SC,Sul,0.806,0.722,0.894,0.812,78.64,1253.17,0.46,306361,-26.919,-49.066
4202602,1681,1298,38868,BOM RETIRO,SC,Sul,0.699,0.559,0.869,0.704,77.13,638.85,0.46,8874,-27.797,-49.489
4202800,5085,3800,171879,BRAÇO DO NORTE,SC,Sul,0.778,0.716,0.881,0.746,77.83,831.77,0.41,28879,-28.275,-49.166
4202909,12043,10167,365128,BRUSQUE,SC,Sul,0.795,0.707,0.894,0.794,78.64,1116.93,0.4,104887,-27.098,-48.918
4203006,7626,5245,218675,CAÇADOR,SC,Sul,0.735,0.62,0.878,0.728,77.65,744.28,0.48,70094,-26.775,-51.015
4203204,8416,5074,160597,CAMBORIÚ,SC,Sul,0.726,0.6,0.866,0.736,76.98,781.76,0.4,62149,-27.025,-48.654
4203402,773,786,15882,CAMPO BELO DO SUL,SC,Sul,0.641,0.528,0.768,0.648,71.05,450.29,0.46,7392,-27.899,-50.761
4203501,979,889,19438,CAMPO ERÊ,SC,Sul,0.69,0.595,0.787,0.702,72.21,631.08,0.51,9276,-26.394,-53.078
4203600,3500,2960,90563,CAMPOS NOVOS,SC,Sul,0.742,0.658,0.861,0.721,76.64,708.77,0.46,32504,-27.402,-51.225
4203808,8369,6270,188821,CANOINHAS,SC,Sul,0.757,0.692,0.874,0.717,77.42,692.87,0.49,52266,-26.177,-50.39
4203907,4053,2549,58337,CAPINZAL,SC,Sul,0.752,0.659,0.869,0.742,77.11,811.66,0.45,20628,-27.344,-51.612
4203956,4990,1416,82699,CAPIVARI DE BAIXO,SC,Sul,0.767,0.716,0.87,0.724,77.19,723.04,0.36,21618,-28.445,-48.958
4204004,1623,1483,27765,CATANDUVAS,SC,Sul,0.714,0.625,0.806,0.723,73.38,717.59,0.47,9512,-27.071,-51.662
4204202,23543,20560,551636,CHAPECÓ,SC,Sul,0.79,0.727,0.871,0.779,77.25,1017.34,0.48,181670,-27.096,-52.618
4204301,8544,8589,208690,CONCÓRDIA,SC,Sul,0.8,0.756,0.872,0.777,77.33,1009.49,0.46,68171,-27.234,-52.028
4204400,1538,1398,24914,CORONEL FREITAS,SC,Sul,0.744,0.653,0.86,0.732,76.59,759.01,0.4,10187,-26.909,-52.703
4204558,1412,1122,66145,CORREIA PINTO,SC,Sul,0.702,0.614,0.804,0.701,73.21,628.18,0.49,14517,-27.585,-50.361
4204608,19415,14308,388428,CRICIÚMA,SC,Sul,0.788,0.737,0.846,0.786,75.76,1062.53,0.48,190503,-28.678,-49.37
4204707,745,548,17470,CUNHA PORÃ,SC,Sul,0.742,0.682,0.804,0.744,73.24,821.86,0.38,10566,-26.894,-53.168
4204806,8284,5395,201342,CURITIBANOS,SC,Sul,0.721,0.62,0.846,0.716,75.78,687.47,0.51,37343,-27.283,-50.584
4204905,1023,660,18188,DESCANSO,SC,Sul,0.743,0.647,0.854,0.741,76.22,804.31,0.43,8589,-26.826,-53.502
4205001,2286,1554,42641,DIONÍSIO CERQUEIRA,SC,Sul,0.706,0.61,0.82,0.703,74.17,636.41,0.53,14634,-26.255,-53.64
4205407,80863,61381,1865262,FLORIANÓPOLIS,SC,Sul,0.847,0.8,0.873,0.87,77.35,1798.12,0.54,417546,-27.597,-48.549
4205456,1558,1257,37389,FORQUILHINHA,SC,Sul,0.753,0.657,0.861,0.754,76.64,870.85,0.46,22503,-28.747,-49.472
4205506,4559,3983,126856,FRAIBURGO,SC,Sul,0.731,0.637,0.86,0.712,76.58,673.84,0.48,33830,-27.026,-50.921
4205704,3435,8497,171734,GAROPABA,SC,Sul,0.753,0.668,0.868,0.737,77.07,784.88,0.45,17990,-28.023,-48.613
4205803,841,863,25345,GARUVA,SC,Sul,0.725,0.64,0.83,0.717,74.82,691.98,0.44,14645,-26.027,-48.855
4205902,6653,4193,238897,GASPAR,SC,Sul,0.765,0.655,0.889,0.77,78.34,964.36,0.37,57615,-26.931,-48.959
4206504,5587,3996,153408,GUARAMIRIM,SC,Sul,0.751,0.641,0.885,0.748,78.08,842.24,0.38,35047,-26.473,-49.003
4206702,3165,1758,82713,HERVAL D'OESTE,SC,Sul,0.758,0.684,0.859,0.74,76.51,799.29,0.42,21150,-27.194,-51.495
4206900,2389,2029,50799,IBIRAMA,SC,Sul,0.737,0.63,0.848,0.749,75.87,844.25,0.37,17276,-27.057,-49.518
4207007,5329,4721,245301,IÇARA,SC,Sul,0.741,0.645,0.861,0.732,76.67,759.54,0.4,58666,-28.713,-49.3
4207205,1359,842,27134,IMARUÍ,SC,Sul,0.667,0.53,0.834,0.67,75.01,516.73,0.45,11522,-28.341,-48.82
4207304,5889,3174,184767,IMBITUBA,SC,Sul,0.765,0.703,0.868,0.734,77.09,768.81,0.45,39703,-28.24,-48.67
4207502,4162,3566,232190,INDAIAL,SC,Sul,0.777,0.701,0.873,0.767,77.39,945.33,0.39,54716,-26.898,-49.232
4207700,1326,893,26851,IPUMIRIM,SC,Sul,0.738,0.631,0.853,0.747,76.18,837.81,0.42,7120,-27.077,-52.136
4208005,1380,947,36576,ITÁ,SC,Sul,0.771,0.698,0.879,0.747,77.73,836.69,0.45,6382,-27.291,-52.323
4208104,2293,1375,32156,ITAIÓPOLIS,SC,Sul,0.708,0.606,0.836,0.7,75.17,625.36,0.49,19965,-26.336,-49.906
4208203,20807,24202,593243,ITAJAÍ,SC,Sul,0.795,0.73,0.884,0.778,78.02,1014,0.45,182580,-26.908,-48.662
4208302,5770,4499,158497,ITAPEMA,SC,Sul,0.796,0.727,0.881,0.788,77.86,1078.48,0.49,45573,-27.09,-48.611
4208401,1748,1376,19054,ITAPIRANGA,SC,Sul,0.775,0.723,0.842,0.766,75.5,942.44,0.45,15346,-27.169,-53.712
4208450,3985,3294,63494,ITAPOÁ,SC,Sul,0.761,0.682,0.874,0.739,77.41,793.24,0.47,14685,-26.117,-48.616
4208500,5525,4007,115244,ITUPORANGA,SC,Sul,0.748,0.638,0.876,0.749,77.58,844.05,0.43,22157,-27.414,-49.601
4208807,4675,2627,189254,JAGUARUNA,SC,Sul,0.721,0.628,0.83,0.719,74.8,701.05,0.39,17271,-28.615,-49.026
4208906,13044,11956,371922,JARAGUÁ DO SUL,SC,Sul,0.803,0.755,0.865,0.793,76.92,1111.85,0.42,142117,-26.486,-49.067
4209003,4135,3775,121682,JOAÇABA,SC,Sul,0.827,0.771,0.891,0.823,78.44,1338.5,0.54,26807,-27.178,-51.505
4209102,52390,36967,1259341,JOINVILLE,SC,Sul,0.809,0.749,0.889,0.795,78.34,1126.74,0.49,512304,-26.304,-48.846
4209300,19738,13133,441953,LAGES,SC,Sul,0.77,0.697,0.867,0.755,77.04,878.34,0.54,155974,-27.816,-50.326
4209409,7781,4112,247785,LAGUNA,SC,Sul,0.752,0.682,0.871,0.715,77.27,684.42,0.44,51334,-28.483,-48.781
4209607,1859,1350,43938,LAURO MULLER,SC,Sul,0.735,0.677,0.822,0.714,74.32,678.67,0.37,14319,-28.393,-49.397
4209706,1245,821,23310,LEBON RÉGIS,SC,Sul,0.649,0.537,0.806,0.632,73.38,409.05,0.45,11758,-26.929,-50.695
4210100,4512,3583,120612,MAFRA,SC,Sul,0.777,0.723,0.88,0.738,77.82,789.53,0.49,52275,-26.111,-49.805
4210506,3800,1953,65573,MARAVILHA,SC,Sul,0.781,0.708,0.886,0.758,78.17,896.02,0.45,21897,-26.761,-53.173
4210803,3401,2781,140673,MELEIRO,SC,Sul,0.738,0.679,0.808,0.734,73.5,768.23,0.41,6970,-28.829,-49.636
4210902,936,679,9990,MODELO,SC,Sul,0.76,0.659,0.886,0.751,78.17,858.23,0.43,4019,-26.778,-53.055
4211009,1825,1260,38906,MONDAÍ,SC,Sul,0.748,0.657,0.875,0.728,77.52,741.84,0.4,10150,-27.103,-53.402
4211306,7266,4900,251175,NAVEGANTES,SC,Sul,0.736,0.624,0.873,0.731,77.37,756.39,0.41,60384,-26.899,-48.654
4211702,2360,1860,72118,ORLEANS,SC,Sul,0.755,0.657,0.873,0.749,77.35,844.35,0.45,21355,-28.359,-49.291
4211751,2384,1996,27881,OTACÍLIO COSTA,SC,Sul,0.74,0.681,0.835,0.713,75.12,677.67,0.4,16201,-27.483,-50.122
4211900,14822,10248,380297,PALHOÇA,SC,Sul,0.757,0.672,0.859,0.752,76.55,862.74,0.4,136675,-27.645,-48.668
4212106,2232,1166,37103,PALMITOS,SC,Sul,0.737,0.632,0.836,0.757,75.13,887.5,0.46,15942,-27.068,-53.161
4212205,2447,1650,68826,PAPANDUVA,SC,Sul,0.704,0.603,0.836,0.691,75.17,589.35,0.47,17721,-26.37,-50.144
4212809,4159,3755,133176,BALNEÁRIO PIÇARRAS,SC,Sul,0.756,0.668,0.869,0.745,77.15,826.13,0.44,17020,-26.764,-48.672
4212908,2193,1737,79770,PINHALZINHO,SC,Sul,0.783,0.716,0.886,0.758,78.17,893.85,0.43,16190,-26.848,-52.992
4213203,2213,2189,109202,POMERODE,SC,Sul,0.78,0.687,0.886,0.78,78.14,1022.91,0.38,27529,-26.741,-49.177
4213401,2008,1761,40292,PONTE SERRADA,SC,Sul,0.693,0.61,0.79,0.69,72.4,586.05,0.44,10914,-26.872,-52.016
4213500,3784,3088,102545,PORTO BELO,SC,Sul,0.76,0.66,0.886,0.75,78.14,850.99,0.42,16031,-27.158,-48.553
4213609,3381,2959,111056,PORTO UNIÃO,SC,Sul,0.786,0.724,0.891,0.752,78.43,864.41,0.53,33301,-26.238,-51.078
4214003,2560,1830,67031,PRESIDENTE GETÚLIO,SC,Sul,0.759,0.654,0.874,0.764,77.44,928.86,0.41,14780,-27.051,-49.623
4214201,1270,1100,27314,QUILOMBO,SC,Sul,0.73,0.656,0.832,0.712,74.93,672.58,0.39,10105,-26.726,-52.721
4214508,920,1069,22130,RIO DO CAMPO,SC,Sul,0.729,0.65,0.803,0.741,73.18,803.46,0.5,6128,-26.949,-50.141
4214607,1141,1096,17624,RIO DO OESTE,SC,Sul,0.754,0.625,0.892,0.769,78.52,957.34,0.47,6919,-27.193,-49.797
4214805,12029,9600,345797,RIO DO SUL,SC,Sul,0.802,0.727,0.894,0.793,78.61,1114.31,0.45,60743,-27.214,-49.643
4215000,2815,2270,92079,RIO NEGRINHO,SC,Sul,0.738,0.668,0.848,0.71,75.89,664.58,0.44,39708,-26.254,-49.518
4215505,1534,1482,94393,SANTA CECÍLIA,SC,Sul,0.698,0.597,0.819,0.697,74.12,610.94,0.52,15562,-26.961,-50.427
4215653,3081,2312,69469,SANTA ROSA DO SUL,SC,Sul,0.705,0.618,0.806,0.702,73.38,630.29,0.39,7941,-29.136,-49.7
4215703,3748,3065,121945,SANTO AMARO DA IMPERATRIZ,SC,Sul,0.781,0.71,0.89,0.753,78.4,867.13,0.38,19714,-27.688,-48.779
4215802,4808,5158,216661,SÃO BENTO DO SUL,SC,Sul,0.782,0.719,0.871,0.763,77.25,923.29,0.49,74459,-26.25,-49.379
4216008,1142,776,56529,SÃO CARLOS,SC,Sul,0.769,0.688,0.867,0.763,77.01,924.02,0.46,10236,-27.078,-53.004
4216107,2677,2601,72211,SÃO DOMINGOS,SC,Sul,0.765,0.675,0.861,0.769,76.66,956.19,0.58,9412,-26.558,-52.532
4216206,7398,18289,104297,SÃO FRANCISCO DO SUL,SC,Sul,0.762,0.699,0.856,0.74,76.35,801.49,0.45,42207,-26.243,-48.638
4216305,4204,2764,74579,SÃO JOÃO BATISTA,SC,Sul,0.74,0.634,0.865,0.739,76.9,794.12,0.33,26060,-27.276,-48.849
4216503,1995,1544,99126,SÃO JOAQUIM,SC,Sul,0.687,0.562,0.817,0.705,74.01,641.75,0.48,24719,-28.294,-49.932
4216602,25064,17772,664673,SÃO JOSÉ,SC,Sul,0.809,0.752,0.88,0.799,77.81,1157.43,0.44,208673,-27.615,-48.628
4216701,2788,1150,36485,SÃO JOSÉ DO CEDRO,SC,Sul,0.731,0.625,0.83,0.753,74.79,866.73,0.48,13552,-26.455,-53.494
4216909,1980,2150,41332,SÃO LOURENÇO DO OESTE,SC,Sul,0.749,0.695,0.807,0.748,73.43,841.27,0.46,21593,-26.359,-52.851
4217204,6254,3830,110671,SÃO MIGUEL DO OESTE,SC,Sul,0.801,0.739,0.884,0.787,78.06,1072.6,0.5,36094,-26.725,-53.518
4217501,2439,1351,38271,SEARA,SC,Sul,0.779,0.674,0.872,0.804,77.32,1188.18,0.51,16880,-27.149,-52.311
4217709,8492,3633,251693,SOMBRIO,SC,Sul,0.728,0.617,0.858,0.729,76.49,746.69,0.4,26590,-29.104,-49.629
4217808,2924,1856,48317,TAIÓ,SC,Sul,0.761,0.67,0.879,0.749,77.71,848.34,0.43,17024,-27.116,-49.998
4217907,1405,936,24531,TANGARÁ,SC,Sul,0.737,0.617,0.867,0.748,76.99,840.87,0.46,8620,-27.105,-51.247
4218004,4836,2887,124657,TIJUCAS,SC,Sul,0.76,0.672,0.873,0.747,77.39,835.48,0.41,30700,-27.241,-48.634
4218202,3871,3675,178746,TIMBÓ,SC,Sul,0.784,0.697,0.856,0.807,76.36,1214.03,0.47,36602,-26.823,-49.272
4218608,3222,2034,59844,TROMBUDO CENTRAL,SC,Sul,0.775,0.696,0.88,0.76,77.77,905.3,0.44,6503,-27.299,-49.79
4218707,15639,9174,285666,TUBARÃO,SC,Sul,0.796,0.74,0.866,0.788,76.96,1077.62,0.47,96626,-28.467,-49.007
4218806,3315,2301,83821,TURVO,SC,Sul,0.74,0.631,0.867,0.742,77.01,810.85,0.4,11773,-28.926,-49.679
4218905,1272,957,38721,URUBICI,SC,Sul,0.694,0.562,0.823,0.722,74.4,713.25,0.52,10689,-28.015,-49.592
4219002,5194,2619,127015,URUSSANGA,SC,Sul,0.772,0.695,0.876,0.756,77.54,883.42,0.4,20196,-28.518,-49.321
4219309,7630,4813,168297,VIDEIRA,SC,Sul,0.764,0.675,0.857,0.772,76.42,978.07,0.47,46792,-27.008,-51.152
4219507,6041,4709,191788,XANXERÊ,SC,Sul,0.775,0.711,0.861,0.76,76.67,906.11,0.48,43584,-26.877,-52.404
4219705,3573,3078,97570,XAXIM,SC,Sul,0.752,0.662,0.871,0.737,77.23,783.29,0.43,25674,-26.962,-52.535
4300109,1053,1178,70707,AGUDO,RS,Sul,0.694,0.524,0.847,0.752,75.84,861.06,0.52,16395,-29.645,-53.24
4300406,7213,4395,259051,ALEGRETE,RS,Sul,0.74,0.664,0.849,0.72,75.93,705.29,0.52,76710,-29.783,-55.792
4300604,14178,19785,568674,ALVORADA,RS,Sul,0.699,0.564,0.874,0.694,77.41,600.48,0.43,194772,-29.99,-51.084
4300802,1244,1341,31528,ANTÔNIO PRADO,RS,Sul,0.758,0.671,0.835,0.777,75.07,1004.85,0.41,12806,-28.858,-51.283
4301008,2541,2421,92779,ARROIO DO MEIO,RS,Sul,0.769,0.706,0.86,0.75,76.62,850.06,0.36,18639,-29.401,-51.945
4301206,1825,1914,69924,ARROIO DO TIGRE,RS,Sul,0.707,0.589,0.848,0.708,75.9,654.51,0.47,12600,-29.333,-53.093
4301305,967,1086,40338,ARROIO GRANDE,RS,Sul,0.657,0.522,0.807,0.673,73.43,528.13,0.5,18246,-32.238,-53.087
4301404,2624,1907,65469,ARVOREZINHA,RS,Sul,0.694,0.575,0.817,0.713,74.04,675.18,0.41,10113,-28.872,-52.175
4301503,1190,1029,39645,AUGUSTO PESTANA,RS,Sul,0.743,0.621,0.847,0.779,75.84,1016.34,0.49,7067,-28.517,-53.992
4301602,10403,11268,377942,BAGÉ,RS,Sul,0.74,0.647,0.848,0.739,75.86,795.56,0.56,116008,-31.331,-54.107
4301909,1186,1634,66098,BARRA DO RIBEIRO,RS,Sul,0.67,0.529,0.822,0.691,74.32,589.16,0.48,12411,-30.291,-51.301
4302105,9222,9335,394096,BENTO GONÇALVES,RS,Sul,0.778,0.695,0.842,0.805,75.52,1196.56,0.44,106666,-29.171,-51.519
4302303,1000,1615,52786,BOM JESUS,RS,Sul,0.666,0.51,0.832,0.697,74.89,611.26,0.52,11393,-28.668,-50.417
4302709,1658,4039,87675,BUTIÁ,RS,Sul,0.689,0.558,0.848,0.691,75.85,590.45,0.47,20298,-30.12,-51.962
4302808,2603,3178,120713,CAÇAPAVA DO SUL,RS,Sul,0.704,0.585,0.855,0.699,76.27,618.98,0.48,33171,-30.512,-53.491
4302907,1123,897,58276,CACEQUI,RS,Sul,0.7,0.626,0.807,0.68,73.39,550.88,0.52,13538,-29.884,-54.825
4303004,5329,6408,250696,CACHOEIRA DO SUL,RS,Sul,0.742,0.648,0.854,0.739,76.22,793.67,0.54,82759,-30.039,-52.894
4303103,9316,10855,348858,CACHOEIRINHA,RS,Sul,0.757,0.675,0.857,0.749,76.42,844.04,0.44,117553,-29.951,-51.094
4303509,5928,8955,287100,CAMAQUÃ,RS,Sul,0.697,0.578,0.819,0.715,74.14,686.36,0.48,61939,-30.851,-51.812
4303707,1095,1028,32213,CAMPINA DAS MISSÕES,RS,Sul,0.738,0.677,0.849,0.698,75.91,615.85,0.41,6091,-27.989,-54.839
4303905,5169,4649,228211,CAMPO BOM,RS,Sul,0.745,0.643,0.852,0.755,76.11,879.65,0.43,59564,-29.679,-51.053
4304002,650,1009,50551,CAMPO NOVO,RS,Sul,0.703,0.593,0.866,0.677,76.94,539.04,0.48,5429,-27.675,-53.803
4304200,1548,2316,83986,CANDELÁRIA,RS,Sul,0.674,0.521,0.842,0.699,75.49,620.92,0.46,29720,-29.669,-52.789
4304408,5213,5967,88095,CANELA,RS,Sul,0.748,0.667,0.849,0.738,75.92,787.78,0.48,38874,-29.366,-50.816
4304507,2040,2882,111445,CANGUÇU,RS,Sul,0.65,0.491,0.819,0.683,74.15,562.54,0.49,51468,-31.395,-52.676
4304606,26489,32319,1018348,CANOAS,RS,Sul,0.75,0.636,0.864,0.768,76.83,952.13,0.51,322895,-29.918,-51.184
4304630,10836,14625,486861,CAPÃO DA CANOA,RS,Sul,0.743,0.637,0.852,0.756,76.11,884.47,0.51,41830,-29.761,-50.03
4304705,8297,7671,199760,CARAZINHO,RS,Sul,0.766,0.707,0.84,0.756,75.42,881.73,0.51,58783,-28.284,-52.786
4304804,2114,2600,105348,CARLOS BARBOSA,RS,Sul,0.796,0.724,0.835,0.835,75.07,1446.56,0.51,25016,-29.298,-51.504
4304903,2360,2737,75564,CASCA,RS,Sul,0.785,0.733,0.847,0.778,75.81,1011.38,0.41,8625,-28.561,-51.978
4305009,814,766,26808,CATUÍPE,RS,Sul,0.739,0.627,0.842,0.763,75.52,920.96,0.56,9302,-28.25,-54.012
4305108,50795,34952,1339339,CAXIAS DO SUL,RS,Sul,0.782,0.686,0.86,0.812,76.58,1253.93,0.48,433247,-29.168,-51.179
4305207,2140,1843,81962,CERRO LARGO,RS,Sul,0.764,0.698,0.849,0.752,75.91,862.05,0.47,13046,-28.149,-54.738
4305355,1977,3004,142735,CHARQUEADAS,RS,Sul,0.747,0.659,0.87,0.726,77.22,734.59,0.43,30581,-29.955,-51.625
4305801,1251,980,36295,CONSTANTINA,RS,Sul,0.754,0.668,0.885,0.726,78.12,732.39,0.45,9741,-27.735,-52.992
4305900,1391,1369,66386,CORONEL BICACO,RS,Sul,0.665,0.55,0.803,0.667,73.19,509.04,0.51,7675,-27.716,-53.701
4306007,1213,1526,44178,CRISSIUMAL,RS,Sul,0.712,0.616,0.835,0.702,75.11,630.54,0.41,13919,-27.5,-54.101
4306106,6358,7068,270235,CRUZ ALTA,RS,Sul,0.75,0.653,0.858,0.754,76.49,871.81,0.53,62185,-28.639,-53.606
4306403,2733,2551,106174,DOIS IRMÃOS,RS,Sul,0.743,0.633,0.848,0.763,75.87,921.37,0.38,27406,-29.58,-51.085
4306601,1510,1940,108222,DOM PEDRITO,RS,Sul,0.708,0.585,0.848,0.715,75.88,686.15,0.54,38483,-30.983,-54.673
4306767,1513,2506,107004,ELDORADO DO SUL,RS,Sul,0.717,0.609,0.844,0.717,75.66,692,0.46,34077,-30.084,-51.616
4306809,7199,3945,144480,ENCANTADO,RS,Sul,0.767,0.687,0.858,0.764,76.5,931.47,0.42,20415,-29.236,-51.87
4306908,1767,2408,94818,ENCRUZILHADA DO SUL,RS,Sul,0.657,0.478,0.875,0.677,77.5,539,0.52,23877,-30.544,-52.522
4307005,11150,12501,375058,ERECHIM,RS,Sul,0.776,0.716,0.833,0.782,74.95,1038.39,0.48,95196,-27.634,-52.274
4307104,527,581,12214,HERVAL,RS,Sul,0.687,0.527,0.843,0.73,75.59,752.24,0.68,6594,-32.024,-53.396
4307500,1500,1936,68416,ESPUMOSO,RS,Sul,0.765,0.677,0.884,0.747,78.04,834.66,0.49,15049,-28.725,-52.85
4307609,4340,3723,120017,ESTÂNCIA VELHA,RS,Sul,0.757,0.652,0.887,0.749,78.23,848.45,0.42,42455,-29.648,-51.174
4307708,6488,7109,206763,ESTEIO,RS,Sul,0.754,0.662,0.843,0.769,75.57,955.86,0.48,80474,-29.861,-51.179
4307807,3175,4185,168957,ESTRELA,RS,Sul,0.767,0.684,0.85,0.776,75.97,1002.78,0.42,30512,-29.502,-51.966
4307906,5649,5169,164683,FARROUPILHA,RS,Sul,0.777,0.696,0.861,0.783,76.68,1045.05,0.43,63310,-29.225,-51.348
4308003,1482,1592,48102,FAXINAL DO SOTURNO,RS,Sul,0.72,0.597,0.854,0.732,76.21,760.86,0.47,6648,-29.575,-53.445
4308102,1957,1387,68399,FELIZ,RS,Sul,0.75,0.658,0.847,0.758,75.8,897.05,0.37,12329,-29.451,-51.306
4308201,2217,2226,109337,FLORES DA CUNHA,RS,Sul,0.754,0.642,0.849,0.786,75.95,1062.06,0.44,27005,-29.029,-51.182
4308508,5254,5266,148624,FREDERICO WESTPHALEN,RS,Sul,0.76,0.688,0.846,0.754,75.76,875.03,0.47,28494,-27.359,-53.394
4308607,2391,2773,91620,GARIBALDI,RS,Sul,0.786,0.688,0.856,0.825,76.35,1355.37,0.51,30501,-29.256,-51.534
4308706,1682,1644,70776,GAURAMA,RS,Sul,0.738,0.643,0.852,0.733,76.09,765.58,0.43,5836,-27.584,-52.094
4308805,1165,879,40149,GENERAL CÂMARA,RS,Sul,0.686,0.552,0.832,0.704,74.92,640.45,0.49,8398,-29.905,-51.76
4308904,2342,3049,91170,GETÚLIO VARGAS,RS,Sul,0.746,0.658,0.843,0.747,75.55,837.17,0.45,15983,-27.89,-52.228
4309001,1475,1319,68494,GIRUÁ,RS,Sul,0.721,0.629,0.842,0.707,75.52,653.18,0.53,16813,-28.028,-54.35
4309100,3003,4747,126746,GRAMADO,RS,Sul,0.764,0.662,0.861,0.783,76.64,1045.52,0.48,31974,-29.379,-50.874
4309209,16419,19929,647344,GRAVATAÍ,RS,Sul,0.736,0.636,0.862,0.727,76.74,737.29,0.44,254877,-29.944,-50.992
4309308,6442,11180,359297,GUAÍBA,RS,Sul,0.73,0.639,0.833,0.732,74.99,758.83,0.47,94992,-30.114,-51.325
4309407,2862,2915,139621,GUAPORÉ,RS,Sul,0.765,0.685,0.837,0.781,75.22,1035.41,0.42,22658,-28.846,-51.89
4309506,1139,1068,37888,GUARANI DAS MISSÕES,RS,Sul,0.737,0.665,0.863,0.698,76.75,615.87,0.42,8031,-28.141,-54.558
4309605,2130,1927,90649,HORIZONTINA,RS,Sul,0.783,0.716,0.858,0.782,76.47,1037.04,0.49,18274,-27.626,-54.308
4310009,2603,2411,80617,IBIRUBÁ,RS,Sul,0.765,0.671,0.848,0.786,75.88,1062.3,0.49,19170,-28.628,-53.09
4310108,3658,3058,138516,IGREJINHA,RS,Sul,0.721,0.571,0.876,0.749,77.53,848.23,0.44,31455,-29.574,-50.79
4310207,9094,9917,309590,IJUÍ,RS,Sul,0.781,0.707,0.858,0.786,76.48,1066.65,0.57,77858,-28.388,-53.915
4310504,513,652,23545,IRAÍ,RS,Sul,0.691,0.59,0.819,0.684,74.12,564.49,0.54,7732,-27.194,-53.251
4310603,1856,3161,111448,ITAQUI,RS,Sul,0.713,0.626,0.843,0.687,75.6,576.71,0.51,37856,-29.125,-56.553
4310801,1592,1908,85081,IVOTI,RS,Sul,0.784,0.729,0.848,0.78,75.88,1025.02,0.44,19764,-29.591,-51.161
4311007,1301,1731,73954,JAGUARÃO,RS,Sul,0.707,0.608,0.832,0.698,74.89,616.82,0.49,27698,-32.566,-53.376
4311106,1293,910,31459,JAGUARI,RS,Sul,0.712,0.567,0.866,0.734,76.93,772.25,0.51,11131,-29.497,-54.69
4311205,1397,1686,59098,JÚLIO DE CASTILHOS,RS,Sul,0.716,0.602,0.833,0.733,74.96,765.91,0.59,19313,-29.227,-53.682
4311304,3346,3725,166066,LAGOA VERMELHA,RS,Sul,0.738,0.62,0.885,0.734,78.1,771.47,0.5,27240,-28.209,-51.526
4311403,8718,9336,320054,LAJEADO,RS,Sul,0.778,0.704,0.84,0.796,75.41,1130.85,0.46,70809,-29.467,-51.961
4311502,523,516,22680,LAVRAS DO SUL,RS,Sul,0.699,0.577,0.868,0.683,77.05,559.67,0.5,7626,-30.813,-53.895
4311809,3610,4524,154078,MARAU,RS,Sul,0.774,0.699,0.857,0.773,76.44,980.92,0.44,36186,-28.449,-52.2
4311908,570,672,13293,MARCELINO RAMOS,RS,Sul,0.724,0.618,0.834,0.735,75.03,777.41,0.47,5059,-27.462,-51.906
4312401,4842,6452,272519,MONTENEGRO,RS,Sul,0.755,0.654,0.866,0.761,76.94,914.23,0.5,58524,-29.689,-51.461
4312500,814,1310,50162,MOSTARDAS,RS,Sul,0.664,0.493,0.849,0.701,75.94,627.16,0.55,12068,-31.107,-50.921
4312658,2332,2153,89223,NÃO-ME-TOQUE,RS,Sul,0.765,0.673,0.847,0.784,75.8,1051.05,0.5,15826,-28.459,-52.821
4312708,1322,1526,95593,NONOAI,RS,Sul,0.702,0.591,0.833,0.703,74.98,634.06,0.5,11920,-27.362,-52.771
4313201,1562,2041,76722,NOVA PETRÓPOLIS,RS,Sul,0.78,0.688,0.89,0.775,78.38,994.67,0.44,18852,-29.376,-51.114
4313300,3214,3617,153019,NOVA PRATA,RS,Sul,0.766,0.686,0.839,0.782,75.36,1039.74,0.43,22636,-28.784,-51.61
4313409,29197,25701,1062946,NOVO HAMBURGO,RS,Sul,0.747,0.629,0.852,0.778,76.11,1011.62,0.53,237880,-29.678,-51.131
4313508,6416,6847,252329,OSÓRIO,RS,Sul,0.751,0.646,0.853,0.769,76.18,957.94,0.53,40807,-29.887,-50.27
4313656,1319,1376,79900,PALMARES DO SUL,RS,Sul,0.715,0.592,0.852,0.725,76.12,730.31,0.53,10894,-30.258,-50.51
4313706,3608,4142,129984,PALMEIRA DAS MISSÕES,RS,Sul,0.737,0.667,0.831,0.722,74.83,715.29,0.52,33769,-27.899,-53.314
4313904,3845,3564,184907,PANAMBI,RS,Sul,0.761,0.691,0.848,0.752,75.9,864.44,0.44,37656,-28.293,-53.502
4314050,3040,5729,233325,PAROBÉ,RS,Sul,0.704,0.562,0.886,0.7,78.18,625.4,0.37,51260,-29.629,-50.835
4314100,26868,23297,887786,PASSO FUNDO,RS,Sul,0.776,0.699,0.849,0.787,75.95,1068.95,0.52,183287,-28.263,-52.407
4314209,568,861,32317,PEDRO OSÓRIO,RS,Sul,0.678,0.551,0.829,0.683,74.76,560.06,0.48,7720,-31.864,-52.823
4314407,27898,26332,879214,PELOTAS,RS,Sul,0.739,0.632,0.844,0.758,75.64,894.35,0.54,326233,-31.772,-52.343
4314506,373,744,23757,PINHEIRO MACHADO,RS,Sul,0.661,0.499,0.846,0.685,75.73,567.32,0.48,12494,-31.578,-53.381
4314605,1137,1075,42986,PIRATINI,RS,Sul,0.658,0.517,0.821,0.672,74.24,524.3,0.51,19493,-31.448,-53.104
4314704,1312,1419,44420,PLANALTO,RS,Sul,0.687,0.597,0.807,0.674,73.41,531.04,0.44,10435,-27.329,-53.059
4314803,4723,4109,124321,PORTÃO,RS,Sul,0.713,0.584,0.856,0.725,76.37,729.01,0.42,30651,-29.702,-51.242
4314902,182595,174234,7833914,PORTO ALEGRE,RS,Sul,0.805,0.702,0.857,0.867,76.42,1758.27,0.6,1393799,-30.033,-51.23
4315107,1002,1060,43526,PORTO XAVIER,RS,Sul,0.723,0.628,0.876,0.687,77.53,574.32,0.47,10491,-27.906,-55.138
4315305,1269,1159,31169,QUARAÍ,RS,Sul,0.704,0.609,0.852,0.673,76.14,528.64,0.5,22746,-30.388,-56.451
4315503,749,692,30021,RESTINGA SECA,RS,Sul,0.683,0.542,0.828,0.709,74.7,660.14,0.52,15683,-29.813,-53.375
4315602,12312,16844,640700,RIO GRANDE,RS,Sul,0.744,0.637,0.861,0.752,76.66,859.2,0.51,195329,-32.035,-52.099
4315701,3486,3469,220594,RIO PARDO,RS,Sul,0.693,0.56,0.846,0.702,75.75,633.1,0.48,36881,-29.99,-52.378
4315909,1243,1432,66919,RODEIO BONITO,RS,Sul,0.732,0.636,0.842,0.733,75.53,767.63,0.46,5718,-27.471,-53.169
4316105,1591,1524,47572,RONDA ALTA,RS,Sul,0.724,0.6,0.867,0.729,77.03,746.52,0.54,10090,-27.767,-52.802
4316402,1869,2727,130296,ROSÁRIO DO SUL,RS,Sul,0.699,0.576,0.841,0.705,75.47,643.97,0.51,39267,-30.258,-54.914
4316451,849,829,24732,SALTO DO JACUÍ,RS,Sul,0.687,0.558,0.837,0.693,75.23,596.84,0.48,11727,-29.088,-53.213
4316600,2655,1892,72414,SANANDUVA,RS,Sul,0.747,0.647,0.843,0.764,75.55,931.29,0.44,15326,-27.95,-51.807
4316709,730,986,42608,SANTA BÁRBARA DO SUL,RS,Sul,0.725,0.634,0.841,0.716,75.48,689.09,0.49,8810,-28.358,-53.247
4316808,11983,12979,373171,SANTA CRUZ DO SUL,RS,Sul,0.773,0.693,0.852,0.782,76.1,1036.87,0.49,117094,-29.718,-52.426
4316907,24495,26455,774696,SANTA MARIA,RS,Sul,0.784,0.715,0.848,0.795,75.89,1127.25,0.55,258323,-29.684,-53.807
4317103,5576,6012,314413,SANT'ANA DO LIVRAMENTO,RS,Sul,0.727,0.636,0.846,0.715,75.77,685.04,0.54,81625,-30.891,-55.533
4317202,7384,7632,309475,SANTA ROSA,RS,Sul,0.769,0.693,0.871,0.752,77.25,863.61,0.47,68013,-27.871,-54.481
4317301,2121,2952,131505,SANTA VITÓRIA DO PALMAR,RS,Sul,0.712,0.591,0.861,0.709,76.66,657.76,0.54,30798,-33.519,-53.368
4317400,4876,5300,123529,SANTIAGO,RS,Sul,0.766,0.682,0.882,0.746,77.93,828.78,0.51,48511,-29.192,-54.867
4317509,10469,10384,268491,SANTO ÂNGELO,RS,Sul,0.772,0.696,0.863,0.765,76.78,936.27,0.54,75626,-28.299,-54.263
4317608,2720,3549,146355,SANTO ANTÔNIO DA PATRULHA,RS,Sul,0.717,0.594,0.866,0.718,76.97,696.41,0.44,39379,-29.818,-50.52
4317707,1094,1076,39405,SANTO ANTÔNIO DAS MISSÕES,RS,Sul,0.686,0.576,0.835,0.672,75.1,522.77,0.45,11055,-28.511,-55.228
4317806,2588,2195,119890,SANTO AUGUSTO,RS,Sul,0.739,0.637,0.84,0.753,75.42,866.86,0.57,13946,-27.851,-53.777
4317905,2170,2011,74970,SANTO CRISTO,RS,Sul,0.738,0.656,0.82,0.746,74.2,832.4,0.44,14290,-27.824,-54.663
4318002,5563,5222,140819,SÃO BORJA,RS,Sul,0.736,0.643,0.86,0.72,76.61,705.72,0.55,61054,-28.661,-56.004
4318101,1314,2249,80258,SÃO FRANCISCO DE ASSIS,RS,Sul,0.675,0.552,0.818,0.681,74.1,553.81,0.54,18662,-29.55,-55.131
4318200,2495,2639,84173,SÃO FRANCISCO DE PAULA,RS,Sul,0.685,0.534,0.86,0.701,76.57,628.15,0.46,20121,-29.448,-50.584
4318309,3838,3756,255411,SÃO GABRIEL,RS,Sul,0.699,0.585,0.822,0.711,74.31,667.06,0.54,59088,-30.336,-54.32
4318408,2636,3408,183897,SÃO JERÔNIMO,RS,Sul,0.696,0.56,0.822,0.734,74.34,768.93,0.55,21415,-29.959,-51.722
4318507,1459,1803,55427,SÃO JOSÉ DO NORTE,RS,Sul,0.623,0.461,0.792,0.663,72.52,493.78,0.43,25059,-32.015,-52.042
4318606,1303,1846,64081,SÃO JOSÉ DO OURO,RS,Sul,0.755,0.669,0.846,0.759,75.73,901.51,0.55,6876,-27.769,-51.594
4318705,17679,20568,878062,SÃO LEOPOLDO,RS,Sul,0.739,0.612,0.861,0.766,76.65,939.93,0.53,213074,-29.76,-51.147
4318804,2791,2770,87540,SÃO LOURENÇO DO SUL,RS,Sul,0.687,0.528,0.849,0.722,75.95,713.88,0.46,42744,-31.365,-51.978
4318903,4191,4266,184480,SÃO LUIZ GONZAGA,RS,Sul,0.741,0.664,0.855,0.718,76.31,698.77,0.5,34246,-28.408,-54.961
4319000,1597,1671,70853,SÃO MARCOS,RS,Sul,0.768,0.683,0.855,0.775,76.31,991.51,0.41,20054,-28.971,-51.068
4319406,1365,1382,60764,SÃO PEDRO DO SUL,RS,Sul,0.709,0.619,0.824,0.698,74.45,614.89,0.48,16163,-29.621,-54.179
4319505,4855,4247,153551,SÃO SEBASTIÃO DO CAÍ,RS,Sul,0.739,0.646,0.852,0.734,76.11,772.04,0.44,21820,-29.587,-51.376
4319604,1730,2285,106505,SÃO SEPÉ,RS,Sul,0.708,0.576,0.871,0.708,77.23,656.77,0.51,23428,-30.161,-53.565
4319703,1065,985,23008,SÃO VALENTIM,RS,Sul,0.72,0.612,0.82,0.745,74.18,826.2,0.53,3601,-27.558,-52.524
4319802,805,729,26895,SÃO VICENTE DO SUL,RS,Sul,0.685,0.553,0.831,0.698,74.86,614.13,0.52,8373,-29.692,-54.679
4319901,7812,10393,405237,SAPIRANGA,RS,Sul,0.711,0.598,0.832,0.722,74.93,713.99,0.41,74773,-29.638,-51.007
4320008,8877,8923,297337,SAPUCAIA DO SUL,RS,Sul,0.726,0.624,0.844,0.726,75.65,733.28,0.44,130389,-29.839,-51.144
4320107,1998,2435,104485,SARANDI,RS,Sul,0.777,0.705,0.858,0.776,76.5,1000.86,0.52,21042,-27.944,-52.923
4320206,1178,1205,46661,SEBERI,RS,Sul,0.723,0.62,0.865,0.706,76.91,645.51,0.52,10816,-27.478,-53.403
4320701,2501,2164,114777,SOBRADINHO,RS,Sul,0.743,0.647,0.861,0.735,76.66,775.79,0.5,14111,-29.421,-53.029
4320800,5386,7675,235359,SOLEDADE,RS,Sul,0.731,0.625,0.861,0.727,76.66,737.92,0.52,29698,-28.818,-52.51
4320909,1342,1990,109219,TAPEJARA,RS,Sul,0.76,0.688,0.837,0.763,75.23,922.28,0.44,19096,-28.068,-52.014
4321006,1924,1515,40468,TAPERA,RS,Sul,0.747,0.672,0.835,0.743,75.07,812.48,0.45,10382,-28.626,-52.87
4321105,2046,2536,104033,TAPES,RS,Sul,0.695,0.556,0.862,0.699,76.69,620.13,0.51,16521,-30.673,-51.396
4321204,5552,6527,333596,TAQUARA,RS,Sul,0.727,0.579,0.88,0.754,77.82,871.42,0.5,53999,-29.651,-50.781
4321303,2889,2744,107115,TAQUARI,RS,Sul,0.733,0.629,0.849,0.737,75.95,786.91,0.5,25845,-29.8,-51.864
4321402,3881,3508,134760,TENENTE PORTELA,RS,Sul,0.708,0.603,0.83,0.709,74.81,659.27,0.55,13406,-27.371,-53.758
4321436,2014,1774,61895,TERRA DE AREIA,RS,Sul,0.689,0.565,0.829,0.699,74.75,620.36,0.43,9869,-29.585,-50.071
4321451,3741,3498,154654,TEUTÔNIA,RS,Sul,0.747,0.65,0.855,0.751,76.31,854.63,0.35,27165,-29.448,-51.806
4321501,8283,8237,382504,TORRES,RS,Sul,0.762,0.685,0.862,0.75,76.73,853.62,0.47,34436,-29.335,-49.727
4321600,17919,18971,942690,TRAMANDAÍ,RS,Sul,0.719,0.606,0.842,0.727,75.51,737.84,0.5,41338,-29.985,-50.134
4321709,1859,1987,50783,TRÊS COROAS,RS,Sul,0.71,0.584,0.829,0.74,74.75,799.41,0.4,23634,-29.517,-50.778
4321808,3111,3237,169319,TRÊS DE MAIO,RS,Sul,0.759,0.694,0.834,0.756,75.02,881.15,0.5,23424,-27.773,-54.24
4321907,1921,2842,169626,TRÊS PASSOS,RS,Sul,0.768,0.71,0.858,0.745,76.47,823.33,0.45,23429,-27.456,-53.932
4322004,1998,2082,64113,TRIUNFO,RS,Sul,0.733,0.629,0.873,0.717,77.35,695.08,0.44,25655,-29.943,-51.718
4322103,1262,934,23119,TUCUNDUVA,RS,Sul,0.747,0.682,0.816,0.748,73.95,839.53,0.48,5865,-27.657,-54.44
4322202,1536,1902,83532,TUPANCIRETÃ,RS,Sul,0.709,0.596,0.828,0.721,74.67,708.79,0.57,21861,-29.081,-53.836
4322400,12166,9769,462069,URUGUAIANA,RS,Sul,0.744,0.661,0.863,0.722,76.8,714.26,0.57,124003,-29.755,-57.088
4322509,5728,6851,280687,VACARIA,RS,Sul,0.721,0.605,0.838,0.74,75.25,797.86,0.51,60630,-28.512,-50.934
4322608,6278,5951,250526,VENÂNCIO AIRES,RS,Sul,0.712,0.6,0.818,0.736,74.09,779.48,0.45,65251,-29.606,-52.192
4322707,1620,2325,104136,VERA CRUZ,RS,Sul,0.737,0.643,0.842,0.738,75.52,790.95,0.47,23870,-29.715,-52.506
4322806,3202,2822,103651,VERANÓPOLIS,RS,Sul,0.773,0.692,0.838,0.797,75.29,1141.67,0.47,22683,-28.936,-51.549
4323002,16731,18104,508513,VIAMÃO,RS,Sul,0.717,0.591,0.866,0.72,76.95,707.05,0.47,237611,-30.081,-51.023
5000203,1268,1405,51265,ÁGUA CLARA,MS,Centro-Oeste,0.67,0.518,0.823,0.705,74.4,642.97,0.5,14199,-20.448,-52.878
5000609,4751,4296,166914,AMAMBAI,MS,Centro-Oeste,0.673,0.546,0.818,0.683,74.07,561.14,0.56,33002,-23.104,-55.226
5000708,1516,2287,42421,ANASTÁCIO,MS,Centro-Oeste,0.663,0.557,0.789,0.663,72.33,495.48,0.47,23633,-20.484,-55.807
5000807,1088,874,26317,ANAURILÂNDIA,MS,Centro-Oeste,0.67,0.538,0.826,0.676,74.58,538.13,0.51,8438,-22.188,-52.718
5000856,872,854,32992,ANGÉLICA,MS,Centro-Oeste,0.697,0.582,0.839,0.692,75.34,592.27,0.42,9027,-22.153,-53.771
5001003,2784,2956,83668,APARECIDA DO TABOADO,MS,Centro-Oeste,0.697,0.588,0.804,0.717,73.23,692.79,0.46,22165,-20.087,-51.094
5001102,5486,5240,143315,AQUIDAUANA,MS,Centro-Oeste,0.688,0.562,0.84,0.69,75.39,585.62,0.56,44746,-20.471,-55.787
5001508,1134,1245,31609,BANDEIRANTES,MS,Centro-Oeste,0.681,0.537,0.848,0.694,75.89,602.02,0.51,6431,-19.918,-54.364
5001904,2979,4342,103671,BATAGUASSU,MS,Centro-Oeste,0.71,0.606,0.847,0.698,75.8,614.34,0.47,19602,-21.714,-52.422
5002001,1341,1546,64299,BATAYPORÃ,MS,Centro-Oeste,0.684,0.559,0.814,0.702,73.83,631.47,0.56,10772,-22.295,-53.271
5002100,1329,1743,53829,BELA VISTA,MS,Centro-Oeste,0.698,0.585,0.83,0.699,74.81,621.23,0.61,22750,-22.109,-56.521
5002209,1949,1917,71317,BONITO,MS,Centro-Oeste,0.67,0.508,0.831,0.714,74.86,679.03,0.54,19299,-21.121,-56.482
5002308,859,920,32087,BRASILÂNDIA,MS,Centro-Oeste,0.701,0.57,0.837,0.721,75.24,709.29,0.52,11719,-21.256,-52.037
5002407,3860,5191,122414,CAARAPÓ,MS,Centro-Oeste,0.692,0.592,0.828,0.676,74.65,537.01,0.5,24928,-22.634,-54.822
5002605,2731,2120,75317,CAMAPUÃ,MS,Centro-Oeste,0.703,0.596,0.817,0.715,74.02,685.77,0.49,13567,-19.531,-54.044
5002704,136537,120892,5793937,CAMPO GRANDE,MS,Centro-Oeste,0.784,0.724,0.844,0.79,75.62,1089.37,0.56,777466,-20.443,-54.646
5002902,2766,2174,85753,CASSILÂNDIA,MS,Centro-Oeste,0.727,0.627,0.811,0.756,73.63,885.1,0.54,20708,-19.113,-51.734
5002951,2711,3143,64166,CHAPADÃO DO SUL,MS,Centro-Oeste,0.754,0.665,0.85,0.758,76.02,896.92,0.47,19384,-18.794,-52.623
5003157,869,1085,42054,CORONEL SAPUCAIA,MS,Centro-Oeste,0.589,0.417,0.806,0.607,73.34,350.37,0.55,12896,-23.272,-55.529
5003207,9351,7236,399221,CORUMBÁ,MS,Centro-Oeste,0.7,0.586,0.834,0.701,75.06,627.1,0.55,102053,-19.009,-57.653
5003256,1799,1646,68899,COSTA RICA,MS,Centro-Oeste,0.706,0.606,0.811,0.717,73.64,693.05,0.47,19488,-18.544,-53.129
5003306,3263,3928,98179,COXIM,MS,Centro-Oeste,0.703,0.579,0.836,0.719,75.17,703.01,0.51,32041,-18.507,-54.76
5003454,1745,1924,54282,DEODÁPOLIS,MS,Centro-Oeste,0.694,0.595,0.81,0.693,73.6,596.5,0.45,12077,-22.276,-54.165
5003488,714,896,19429,DOIS IRMÃOS DO BURITI,MS,Centro-Oeste,0.639,0.528,0.773,0.64,71.4,429.18,0.58,9744,-20.68,-55.296
5003702,25513,30628,729031,DOURADOS,MS,Centro-Oeste,0.747,0.657,0.843,0.753,75.59,866.4,0.52,193611,-22.221,-54.806
5003751,1394,1357,52082,ELDORADO,MS,Centro-Oeste,0.684,0.577,0.824,0.674,74.45,530.89,0.49,11518,-23.787,-54.284
5003801,3119,3374,88225,FÁTIMA DO SUL,MS,Centro-Oeste,0.714,0.621,0.815,0.719,73.92,701.87,0.52,18942,-22.374,-54.514
5004007,1150,891,39515,GLÓRIA DE DOURADOS,MS,Centro-Oeste,0.721,0.648,0.822,0.705,74.29,644.1,0.46,9865,-22.418,-54.233
5004304,2802,2837,73355,IGUATEMI,MS,Centro-Oeste,0.662,0.53,0.817,0.671,73.99,519.03,0.51,14725,-23.68,-54.561
5004403,831,730,17054,INOCÊNCIA,MS,Centro-Oeste,0.681,0.531,0.846,0.702,75.76,633.12,0.48,7558,-19.726,-51.93
5004502,2160,1979,57617,ITAPORÃ,MS,Centro-Oeste,0.654,0.523,0.809,0.66,73.54,487.51,0.54,20590,-22.079,-54.789
5004601,1542,1925,72906,ITAQUIRAÍ,MS,Centro-Oeste,0.62,0.479,0.772,0.645,71.3,442.57,0.5,14436,-23.474,-54.185
5004700,3632,3300,120781,IVINHEMA,MS,Centro-Oeste,0.72,0.615,0.85,0.715,75.98,685.17,0.48,22182,-22.305,-53.815
5005004,3363,3097,93783,JARDIM,MS,Centro-Oeste,0.712,0.595,0.845,0.718,75.68,697.92,0.55,23975,-21.48,-56.138
5005400,2435,2851,149792,MARACAJU,MS,Centro-Oeste,0.736,0.613,0.873,0.744,77.35,819.6,0.54,36719,-21.614,-55.168
5005608,3041,2780,71304,MIRANDA,MS,Centro-Oeste,0.632,0.507,0.782,0.638,71.91,424.44,0.54,24932,-20.241,-56.378
5005681,3283,3166,83496,MUNDO NOVO,MS,Centro-Oeste,0.686,0.565,0.808,0.707,73.48,652.56,0.5,16888,-23.938,-54.271
5005707,10721,10455,305892,NAVIRAÍ,MS,Centro-Oeste,0.7,0.597,0.803,0.715,73.15,683.86,0.47,45856,-23.065,-54.191
5005806,972,906,36713,NIOAQUE,MS,Centro-Oeste,0.639,0.483,0.822,0.658,74.34,480.75,0.58,13791,-21.135,-55.83
5006002,1282,2054,59612,NOVA ALVORADA DO SUL,MS,Centro-Oeste,0.694,0.554,0.809,0.746,73.52,830.08,0.58,15918,-21.466,-54.384
5006200,6688,7400,163029,NOVA ANDRADINA,MS,Centro-Oeste,0.721,0.616,0.85,0.716,75.97,688.15,0.48,44732,-22.233,-53.343
5006309,5894,10100,193105,PARANAÍBA,MS,Centro-Oeste,0.721,0.627,0.823,0.727,74.38,738.58,0.49,39833,-19.677,-51.191
5006408,846,1080,30774,PEDRO GOMES,MS,Centro-Oeste,0.671,0.562,0.801,0.672,73.04,524.83,0.48,7856,-18.101,-54.552
5006606,8671,7460,282617,PONTA PORÃ,MS,Centro-Oeste,0.701,0.598,0.812,0.708,73.73,653.36,0.6,76722,-22.536,-55.726
5006903,607,1080,36241,PORTO MURTINHO,MS,Centro-Oeste,0.666,0.526,0.83,0.677,74.8,539.19,0.61,14633,-21.699,-57.883
5007109,914,3133,70163,RIBAS DO RIO PARDO,MS,Centro-Oeste,0.664,0.519,0.83,0.681,74.82,552.58,0.47,20413,-20.443,-53.759
5007208,2621,2218,97819,RIO BRILHANTE,MS,Centro-Oeste,0.715,0.59,0.861,0.72,76.67,705.6,0.53,30041,-21.802,-54.546
5007307,1122,905,39828,RIO NEGRO,MS,Centro-Oeste,0.709,0.585,0.869,0.702,77.15,631.11,0.54,4971,-19.449,-54.987
5007406,1971,1549,62112,RIO VERDE DE MATO GROSSO,MS,Centro-Oeste,0.673,0.521,0.852,0.686,76.11,570.74,0.46,18655,-18.918,-54.844
5007695,2633,2643,87649,SÃO GABRIEL DO OESTE,MS,Centro-Oeste,0.729,0.608,0.85,0.751,76.01,855.21,0.54,21975,-19.395,-54.566
5007703,2322,2217,45680,SETE QUEDAS,MS,Centro-Oeste,0.614,0.45,0.778,0.66,71.7,487,0.54,10423,-23.97,-55.036
5007901,4896,5130,145208,SIDROLÂNDIA,MS,Centro-Oeste,0.686,0.561,0.829,0.694,74.75,599.76,0.57,41149,-20.932,-54.961
5007935,790,896,37863,SONORA,MS,Centro-Oeste,0.681,0.557,0.803,0.706,73.19,648.07,0.5,14685,-17.577,-54.758
5008008,1390,1027,61072,TERENOS,MS,Centro-Oeste,0.658,0.521,0.839,0.651,75.31,460.32,0.5,15884,-20.442,-54.86
5008305,13926,18238,425041,TRÊS LAGOAS,MS,Centro-Oeste,0.744,0.645,0.849,0.752,75.91,863.66,0.51,101096,-20.751,-51.678
5100201,2549,2195,96920,ÁGUA BOA,MT,Centro-Oeste,0.729,0.646,0.829,0.723,74.71,720.74,0.49,20317,-14.05,-52.159
5100250,6480,6497,143649,ALTA FLORESTA,MT,Centro-Oeste,0.714,0.629,0.817,0.709,73.99,660.84,0.48,48374,-9.876,-56.086
5100300,2012,1177,40747,ALTO ARAGUAIA,MT,Centro-Oeste,0.704,0.612,0.802,0.712,73.13,671.99,0.47,15416,-17.315,-53.215
5100409,1379,870,41170,ALTO GARÇAS,MT,Centro-Oeste,0.701,0.583,0.835,0.707,75.08,651.91,0.46,10184,-16.944,-53.528
5100607,983,691,25090,ALTO TAQUARI,MT,Centro-Oeste,0.705,0.571,0.833,0.736,74.95,781.26,0.46,7918,-17.826,-53.282
5100805,246,359,16844,APIACÁS,MT,Centro-Oeste,0.675,0.57,0.809,0.666,73.54,504.04,0.46,7893,-9.544,-57.449
5101258,1702,1304,60445,ARAPUTANGA,MT,Centro-Oeste,0.725,0.655,0.826,0.704,74.56,639.18,0.5,15165,-15.471,-58.353
5101308,1914,1189,45977,ARENÁPOLIS,MT,Centro-Oeste,0.704,0.649,0.793,0.677,72.56,540.59,0.46,10133,-14.45,-56.846
5101407,1497,1018,42708,ARIPUANÃ,MT,Centro-Oeste,0.675,0.553,0.816,0.682,73.97,558.26,0.56,16699,-10.167,-59.459
5101704,4668,3181,110226,BARRA DO BUGRES,MT,Centro-Oeste,0.693,0.595,0.818,0.684,74.05,563.98,0.51,30647,-15.073,-57.181
5101803,10336,8007,203584,BARRA DO GARÇAS,MT,Centro-Oeste,0.748,0.693,0.817,0.738,74.01,789.99,0.55,55991,-15.89,-52.257
5101902,1198,893,42809,BRASNORTE,MT,Centro-Oeste,0.696,0.571,0.85,0.695,76,602.75,0.53,14632,-12.155,-57.979
5102504,10230,7783,191873,CÁCERES,MT,Centro-Oeste,0.708,0.633,0.813,0.691,73.76,590.43,0.53,85963,-16.071,-57.679
5102603,1183,1031,31075,CAMPINÁPOLIS,MT,Centro-Oeste,0.538,0.324,0.803,0.597,73.17,328.15,0.69,12763,-14.516,-52.895
5102637,3531,2246,80683,CAMPO NOVO DO PARECIS,MT,Centro-Oeste,0.734,0.649,0.819,0.745,74.15,823.32,0.45,27237,-13.675,-57.892
5102678,3541,3802,93640,CAMPO VERDE,MT,Centro-Oeste,0.75,0.67,0.834,0.755,75.06,878.37,0.51,30472,-15.547,-55.169
5102702,2066,1303,36902,CANARANA,MT,Centro-Oeste,0.693,0.549,0.825,0.735,74.51,774.65,0.53,18361,-13.55,-52.166
5103007,2516,1756,63061,CHAPADA DOS GUIMARÃES,MT,Centro-Oeste,0.688,0.578,0.833,0.677,74.99,540.98,0.53,17168,-15.461,-55.75
5103056,1007,660,52960,CLÁUDIA,MT,Centro-Oeste,0.699,0.586,0.809,0.719,73.53,700.38,0.57,10790,-11.515,-54.891
5103205,2683,2237,98400,COLÍDER,MT,Centro-Oeste,0.713,0.604,0.819,0.732,74.16,758.67,0.56,30088,-10.813,-55.455
5103254,1343,985,63379,COLNIZA,MT,Centro-Oeste,0.611,0.443,0.815,0.633,73.87,411.69,0.58,23355,-9.456,-59.229
5103304,3736,2935,85468,COMODORO,MT,Centro-Oeste,0.689,0.567,0.84,0.687,75.37,573.89,0.54,17646,-13.663,-59.786
5103379,921,675,35862,COTRIGUAÇU,MT,Centro-Oeste,0.601,0.423,0.825,0.623,74.51,387.24,0.57,13299,-9.858,-58.414
5103403,121072,116885,2879696,CUIABÁ,MT,Centro-Oeste,0.785,0.726,0.834,0.8,75.01,1161.49,0.59,546748,-15.596,-56.097
5103502,2356,1932,86081,DIAMANTINO,MT,Centro-Oeste,0.718,0.625,0.831,0.714,74.87,681.66,0.47,20009,-14.409,-56.446
5103601,1061,763,14662,DOM AQUINO,MT,Centro-Oeste,0.69,0.593,0.806,0.687,73.33,575.47,0.51,7815,-15.811,-54.918
5103700,912,465,31499,FELIZ NATAL,MT,Centro-Oeste,0.692,0.548,0.819,0.737,74.13,786.26,0.46,10788,-12.386,-54.92
5104104,1661,1822,76333,GUARANTÃ DO NORTE,MT,Centro-Oeste,0.703,0.609,0.826,0.692,74.58,594.14,0.48,31805,-9.788,-54.91
5104203,1132,1022,27840,GUIRATINGA,MT,Centro-Oeste,0.705,0.637,0.813,0.677,73.8,542.02,0.48,13528,-16.349,-53.758
5104559,441,588,40124,ITAÚBA,MT,Centro-Oeste,0.69,0.569,0.809,0.714,73.53,680.94,0.58,4483,-11.062,-55.276
5104609,708,693,36206,ITIQUIRA,MT,Centro-Oeste,0.693,0.591,0.812,0.694,73.73,602.03,0.47,11205,-17.209,-54.15
5104807,5416,4578,76921,JACIARA,MT,Centro-Oeste,0.735,0.655,0.833,0.728,74.96,742.81,0.51,25441,-15.965,-54.968
5105002,1518,1058,26960,JAURU,MT,Centro-Oeste,0.673,0.563,0.812,0.668,73.7,511.39,0.52,10160,-15.342,-58.866
5105101,3529,2244,78229,JUARA,MT,Centro-Oeste,0.682,0.543,0.836,0.699,75.18,619.81,0.49,32498,-11.255,-57.52
5105150,4617,2987,121286,JUÍNA,MT,Centro-Oeste,0.716,0.593,0.845,0.733,75.72,763.35,0.58,38375,-11.378,-58.741
5105200,1026,791,20973,JUSCIMEIRA,MT,Centro-Oeste,0.714,0.637,0.842,0.678,75.54,542.77,0.43,11227,-16.051,-54.884
5105259,6145,6800,189016,LUCAS DO RIO VERDE,MT,Centro-Oeste,0.768,0.71,0.833,0.766,74.96,938.65,0.46,45155,-13.05,-55.911
5105507,1342,913,18218,VILA BELA DA SANTÍSSIMA TRINDADE,MT,Centro-Oeste,0.645,0.495,0.843,0.644,75.57,439.15,0.59,13640,-15.008,-59.951
5105580,799,664,40757,MARCELÂNDIA,MT,Centro-Oeste,0.701,0.604,0.813,0.7,73.79,621.76,0.55,11662,-11.133,-54.597
5105606,747,1013,53450,MATUPÁ,MT,Centro-Oeste,0.716,0.631,0.824,0.706,74.46,649.23,0.55,13812,-10.057,-54.933
5105622,5580,3026,71985,MIRASSOL D'OESTE,MT,Centro-Oeste,0.704,0.592,0.816,0.723,73.95,718.18,0.55,24854,-15.675,-58.096
5105903,1095,1110,34795,NOBRES,MT,Centro-Oeste,0.699,0.611,0.827,0.675,74.64,533.53,0.46,14774,-14.72,-56.328
5106000,359,483,13068,NORTELÂNDIA,MT,Centro-Oeste,0.702,0.668,0.793,0.653,72.56,466.17,0.43,6371,-14.455,-56.803
5106216,1111,766,35824,NOVA CANAÃ DO NORTE,MT,Centro-Oeste,0.686,0.572,0.815,0.692,73.9,591.9,0.55,11759,-10.558,-55.953
5106224,4047,3319,122179,NOVA MUTUM,MT,Centro-Oeste,0.758,0.673,0.837,0.773,75.2,982.9,0.51,31068,-13.838,-56.084
5106240,839,605,30345,NOVA UBIRATÃ,MT,Centro-Oeste,0.669,0.529,0.816,0.694,73.95,599.32,0.5,8480,-12.991,-55.255
5106257,1628,1277,69155,NOVA XAVANTINA,MT,Centro-Oeste,0.704,0.613,0.8,0.713,73,674.44,0.53,19358,-14.673,-52.353
5106281,752,372,11855,NOVO SÃO JOAQUIM,MT,Centro-Oeste,0.649,0.507,0.819,0.658,74.14,480.73,0.48,5958,-14.906,-53.018
5106299,1319,1261,31236,PARANAÍTA,MT,Centro-Oeste,0.672,0.555,0.809,0.677,73.54,540.22,0.53,10409,-9.665,-56.477
5106307,4147,2797,78345,PARANATINGA,MT,Centro-Oeste,0.667,0.532,0.82,0.679,74.18,547.43,0.5,17953,-14.432,-54.051
5106372,1577,1225,43906,PEDRA PRETA,MT,Centro-Oeste,0.679,0.573,0.812,0.672,73.73,523.92,0.43,15350,-16.623,-54.474
5106422,2114,2233,72817,PEIXOTO DE AZEVEDO,MT,Centro-Oeste,0.649,0.521,0.761,0.691,70.65,589.21,0.67,28635,-10.229,-54.983
5106505,2649,2528,71385,POCONÉ,MT,Centro-Oeste,0.652,0.534,0.806,0.643,73.36,436.83,0.52,30574,-16.257,-56.623
5106752,6193,5458,108413,PONTES E LACERDA,MT,Centro-Oeste,0.703,0.605,0.807,0.711,73.4,665.92,0.49,41016,-15.226,-59.335
5106778,3248,3163,108420,PORTO ALEGRE DO NORTE,MT,Centro-Oeste,0.673,0.587,0.803,0.647,73.15,449.5,0.52,10421,-10.878,-51.633
5106802,884,702,14701,PORTO DOS GAÚCHOS,MT,Centro-Oeste,0.685,0.561,0.815,0.703,73.88,635.97,0.5,5305,-11.535,-57.414
5106828,791,788,39295,PORTO ESPERIDIÃO,MT,Centro-Oeste,0.652,0.523,0.795,0.666,72.72,504.99,0.59,10807,-15.853,-58.46
5107008,1400,1422,35494,POXORÉO,MT,Centro-Oeste,0.678,0.573,0.832,0.653,74.91,463.98,0.49,16829,-15.837,-54.389
5107040,11460,7523,247624,PRIMAVERA DO LESTE,MT,Centro-Oeste,0.752,0.653,0.843,0.774,75.59,990.05,0.51,51177,-15.528,-54.346
5107065,1304,1184,31376,QUERÊNCIA,MT,Centro-Oeste,0.692,0.565,0.837,0.701,75.19,628.89,0.5,12123,-12.476,-52.378
5107107,1613,1379,48193,SÃO JOSÉ DOS QUATRO MARCOS,MT,Centro-Oeste,0.719,0.643,0.816,0.707,73.95,653.02,0.54,18776,-15.621,-58.176
5107180,1230,880,47239,RIBEIRÃO CASCALHEIRA,MT,Centro-Oeste,0.67,0.542,0.831,0.668,74.86,512.31,0.54,8349,-12.942,-51.824
5107206,1439,1158,35126,RIO BRANCO,MT,Centro-Oeste,0.707,0.617,0.817,0.701,73.99,626.09,0.5,5023,-15.241,-58.116
5107305,2309,1312,46512,SÃO JOSÉ DO RIO CLARO,MT,Centro-Oeste,0.682,0.548,0.841,0.689,75.47,580.99,0.48,16349,-13.447,-56.721
5107602,26893,26619,590309,RONDONÓPOLIS,MT,Centro-Oeste,0.755,0.698,0.823,0.749,74.37,843.62,0.52,193010,-16.471,-54.636
5107701,1244,1465,59005,ROSÁRIO OESTE,MT,Centro-Oeste,0.65,0.52,0.807,0.653,73.44,465.66,0.49,17176,-14.836,-56.428
5107792,5,NA,8,SANTO ANTÔNIO DO LESTE,MT,Centro-Oeste,0.655,0.501,0.853,0.658,76.15,481.45,0.47,3472,-14.796,-53.64
5107800,3090,1829,53067,SANTO ANTÔNIO DO LEVERGER,MT,Centro-Oeste,0.656,0.539,0.806,0.651,73.38,460.13,0.49,17313,-15.866,-56.077
5107859,610,780,60272,SÃO FÉLIX DO ARAGUAIA,MT,Centro-Oeste,0.668,0.538,0.848,0.652,75.86,461.47,0.61,9212,-11.617,-50.669
5107875,2370,2189,56662,SAPEZAL,MT,Centro-Oeste,0.732,0.62,0.836,0.758,75.14,892.71,0.47,17465,-12.989,-58.764
5107909,17089,19190,536874,SINOP,MT,Centro-Oeste,0.754,0.682,0.832,0.755,74.93,877.68,0.49,111929,-11.864,-55.504
5107925,9916,8540,268121,SORRISO,MT,Centro-Oeste,0.744,0.635,0.839,0.774,75.33,988.74,0.54,65776,-12.545,-55.711
5107941,774,574,17375,TABAPORÃ,MT,Centro-Oeste,0.695,0.598,0.826,0.679,74.56,546.51,0.44,9657,-10.807,-56.62
5107958,9884,9787,341591,TANGARÁ DA SERRA,MT,Centro-Oeste,0.729,0.626,0.825,0.749,74.47,846.59,0.55,82105,-14.619,-57.486
5108006,1504,1098,65981,TAPURAH,MT,Centro-Oeste,0.714,0.594,0.831,0.738,74.88,789.61,0.49,9378,-12.772,-56.554
5108055,1147,1060,37843,TERRA NOVA DO NORTE,MT,Centro-Oeste,0.698,0.602,0.815,0.692,73.89,594.53,0.51,11175,-10.517,-55.231
5108402,36667,38271,731941,VÁRZEA GRANDE,MT,Centro-Oeste,0.734,0.661,0.842,0.711,75.5,668.86,0.46,250979,-15.647,-56.133
5108501,887,814,30124,VERA,MT,Centro-Oeste,0.68,0.568,0.834,0.663,75.06,494.23,0.42,10156,-12.306,-55.317
5108600,2668,1375,75145,VILA RICA,MT,Centro-Oeste,0.688,0.553,0.829,0.709,74.74,658.27,0.56,21131,-10.012,-51.116
5108956,918,968,30630,NOVA MONTE VERDE,MT,Centro-Oeste,0.691,0.582,0.823,0.69,74.38,586.65,0.51,7832,-9.982,-57.535
5200100,3001,1598,38451,ABADIÂNIA,GO,Centro-Oeste,0.689,0.579,0.841,0.671,75.46,519.87,0.43,14994,-16.204,-48.707
5200134,27020,1382,42286,ACREÚNA,GO,Centro-Oeste,0.686,0.553,0.822,0.71,74.29,664.09,0.53,19850,-17.396,-50.377
5200258,15300,4548,484686,ÁGUAS LINDAS DE GOIÁS,GO,Centro-Oeste,0.686,0.588,0.848,0.647,75.85,449.38,0.43,158450,-15.762,-48.282
5200308,10936,1870,69791,ALEXÂNIA,GO,Centro-Oeste,0.682,0.568,0.841,0.664,75.48,498.09,0.46,23527,-16.082,-48.507
5200605,4640,740,43161,ALTO PARAÍSO DE GOIÁS,GO,Centro-Oeste,0.713,0.611,0.819,0.723,74.16,719.11,0.65,6688,-14.133,-47.51
5200803,4066,697,50887,ALVORADA DO NORTE,GO,Centro-Oeste,0.66,0.548,0.819,0.64,74.15,429.63,0.48,8015,-14.481,-46.492
5201108,238630,32538,1689484,ANÁPOLIS,GO,Centro-Oeste,0.737,0.66,0.822,0.737,74.33,785.17,0.5,332782,-16.327,-48.953
5201306,8198,1854,51068,ANICUNS,GO,Centro-Oeste,0.714,0.627,0.834,0.695,75.01,604.97,0.46,19739,-16.461,-49.962
5201405,125510,25848,1206948,APARECIDA DE GOIÂNIA,GO,Centro-Oeste,0.718,0.62,0.834,0.716,75.01,689.3,0.47,451938,-16.822,-49.245
5201603,1495,447,20305,ARAÇU,GO,Centro-Oeste,0.693,0.578,0.838,0.686,75.26,571.55,0.53,3661,-16.358,-49.681
5201702,4499,1085,84111,ARAGARÇAS,GO,Centro-Oeste,0.732,0.68,0.83,0.694,74.82,600.03,0.45,17809,-15.898,-52.251
5202502,3963,768,51881,ARUANÃ,GO,Centro-Oeste,0.675,0.526,0.826,0.708,74.55,654.67,0.51,7450,-14.92,-51.083
5202601,1238,382,10570,AURILÂNDIA,GO,Centro-Oeste,0.7,0.62,0.836,0.661,75.17,489.23,0.43,3598,-16.682,-50.465
5203203,1708,526,17712,BARRO ALTO,GO,Centro-Oeste,0.742,0.682,0.854,0.701,76.21,628.55,0.44,8615,-14.971,-48.916
5203302,2724,1464,43233,BELA VISTA DE GOIÁS,GO,Centro-Oeste,0.716,0.607,0.837,0.721,75.21,708.62,0.51,24273,-16.973,-48.953
5203500,16564,966,37713,BOM JESUS DE GOIÁS,GO,Centro-Oeste,0.701,0.573,0.86,0.699,76.59,618.62,0.47,20348,-18.215,-49.742
5203906,5008,889,29477,BURITI ALEGRE,GO,Centro-Oeste,0.71,0.614,0.831,0.7,74.87,625.26,0.43,8811,-18.144,-49.044
5204102,2001,448,17355,CACHOEIRA ALTA,GO,Centro-Oeste,0.71,0.569,0.84,0.75,75.39,853.32,0.51,10273,-18.763,-50.942
5204250,8361,613,21302,CACHOEIRA DOURADA,GO,Centro-Oeste,0.698,0.602,0.804,0.703,73.22,636.17,0.47,8178,-18.492,-49.475
5204300,5850,1047,60140,CAÇU,GO,Centro-Oeste,0.73,0.599,0.84,0.774,75.4,987.3,0.53,12960,-18.557,-51.131
5204409,4606,1717,87304,CAIAPÔNIA,GO,Centro-Oeste,0.693,0.588,0.808,0.701,73.46,628.14,0.52,16193,-16.957,-51.81
5204508,64070,11869,500849,CALDAS NOVAS,GO,Centro-Oeste,0.733,0.64,0.832,0.739,74.89,794.78,0.49,69645,-17.744,-48.626
5204706,6393,928,35317,CAMPINORTE,GO,Centro-Oeste,0.688,0.565,0.841,0.685,75.43,567.41,0.49,10963,-14.314,-49.152
5204904,5735,796,48112,CAMPOS BELOS,GO,Centro-Oeste,0.692,0.616,0.815,0.661,73.87,487.96,0.55,18078,-13.037,-46.772
5205000,852,797,28807,CARMO DO RIO VERDE,GO,Centro-Oeste,0.713,0.649,0.824,0.677,74.44,541.99,0.44,8745,-15.354,-49.708
5205109,18446,8715,287542,CATALÃO,GO,Centro-Oeste,0.766,0.715,0.819,0.769,74.12,959.4,0.51,86109,-18.17,-47.942
5205307,841,348,23224,CAVALCANTE,GO,Centro-Oeste,0.584,0.415,0.808,0.595,73.47,324.92,0.62,9033,-13.798,-47.458
5205406,19628,6051,94232,CERES,GO,Centro-Oeste,0.775,0.733,0.842,0.753,75.49,865.23,0.53,20615,-15.308,-49.598
5205497,14564,5762,117528,CIDADE OCIDENTAL,GO,Centro-Oeste,0.717,0.641,0.814,0.706,73.82,647.64,0.5,55655,-16.077,-47.925
5205513,1459,523,39383,COCALZINHO DE GOIÁS,GO,Centro-Oeste,0.657,0.531,0.826,0.648,74.55,450.47,0.47,16838,-15.794,-48.776
5205802,3898,386,12371,CORUMBÁ DE GOIÁS,GO,Centro-Oeste,0.68,0.571,0.829,0.665,74.75,503.01,0.51,10048,-15.924,-48.809
5205901,2040,1075,33662,CORUMBAÍBA,GO,Centro-Oeste,0.698,0.582,0.831,0.703,74.85,635.98,0.43,8073,-18.142,-48.562
5206206,12287,1665,110136,CRISTALINA,GO,Centro-Oeste,0.699,0.587,0.814,0.716,73.84,686.9,0.57,45291,-16.769,-47.614
5206404,4044,828,40484,CRIXÁS,GO,Centro-Oeste,0.708,0.625,0.805,0.706,73.31,645.4,0.55,15012,-14.549,-49.969
5206503,448,329,21155,CROMÍNIA,GO,Centro-Oeste,0.706,0.634,0.803,0.692,73.16,592.36,0.43,3536,-17.288,-49.381
5206602,441,321,6927,CUMARI,GO,Centro-Oeste,0.737,0.657,0.819,0.744,74.16,819.81,0.58,2933,-18.263,-48.151
5207402,1895,810,41749,EDÉIA,GO,Centro-Oeste,0.739,0.648,0.826,0.755,74.55,876.15,0.53,11181,-17.339,-49.931
5207501,1165,697,18054,ESTRELA DO NORTE,GO,Centro-Oeste,0.707,0.593,0.848,0.703,75.85,636.54,0.48,3298,-13.868,-49.073
5207600,3514,509,10727,FAZENDA NOVA,GO,Centro-Oeste,0.685,0.576,0.831,0.671,74.87,519.87,0.45,6174,-16.183,-50.78
5207808,2544,1606,27729,FIRMINÓPOLIS,GO,Centro-Oeste,0.732,0.688,0.838,0.681,75.27,552.43,0.42,11470,-16.582,-50.305
5207907,4729,534,25363,FLORES DE GOIÁS,GO,Centro-Oeste,0.597,0.457,0.799,0.583,72.96,301.92,0.63,9335,-14.449,-47.05
5208004,43685,6803,254500,FORMOSA,GO,Centro-Oeste,0.744,0.666,0.852,0.726,76.14,732.24,0.56,98420,-15.537,-47.334
5208103,1923,1010,34964,FORMOSO,GO,Centro-Oeste,0.715,0.639,0.834,0.686,75.03,569.96,0.55,4775,-13.654,-48.882
5208400,2045,855,44685,GOIANÁPOLIS,GO,Centro-Oeste,0.703,0.62,0.825,0.678,74.47,543.48,0.52,10588,-16.511,-49.024
5208509,924,383,15510,GOIANDIRA,GO,Centro-Oeste,0.76,0.727,0.849,0.711,75.93,667.11,0.43,5205,-18.133,-48.085
5208608,26740,4361,222050,GOIANÉSIA,GO,Centro-Oeste,0.727,0.636,0.84,0.719,75.39,701.38,0.47,59055,-15.317,-49.117
5208707,829355,126401,5414610,GOIÂNIA,GO,Centro-Oeste,0.799,0.739,0.838,0.824,75.28,1348.55,0.58,1297017,-16.679,-49.254
5208806,6343,2471,133251,GOIANIRA,GO,Centro-Oeste,0.694,0.596,0.831,0.674,74.87,529.59,0.39,33778,-16.496,-49.426
5208905,24994,2436,66078,GOIÁS,GO,Centro-Oeste,0.709,0.621,0.805,0.713,73.27,674.54,0.52,24112,-15.934,-50.14
5209101,23473,2246,110049,GOIATUBA,GO,Centro-Oeste,0.725,0.627,0.825,0.737,74.47,785.84,0.5,31978,-18.013,-49.357
5209200,9008,1479,75926,GUAPÓ,GO,Centro-Oeste,0.697,0.58,0.826,0.708,74.58,657.02,0.54,13879,-16.831,-49.532
5209705,7521,880,68511,HIDROLÂNDIA,GO,Centro-Oeste,0.706,0.603,0.827,0.707,74.64,651.41,0.47,17255,-16.962,-49.229
5209903,1791,451,22084,IACIARA,GO,Centro-Oeste,0.644,0.527,0.826,0.615,74.53,368.39,0.53,12226,-14.096,-46.632
5210000,20464,3909,144814,INHUMAS,GO,Centro-Oeste,0.72,0.618,0.842,0.718,75.49,697.81,0.45,47691,-16.358,-49.496
5210109,28467,2410,62440,IPAMERI,GO,Centro-Oeste,0.701,0.588,0.823,0.711,74.39,666.96,0.49,24443,-17.722,-48.16
5210208,22256,2465,70991,IPORÁ,GO,Centro-Oeste,0.743,0.667,0.84,0.731,75.41,757.39,0.51,30965,-16.442,-51.118
5210307,389,275,10102,ISRAELÂNDIA,GO,Centro-Oeste,0.711,0.652,0.831,0.664,74.88,498.82,0.43,2821,-16.318,-50.908
5210406,11883,2803,111051,ITABERAÍ,GO,Centro-Oeste,0.719,0.61,0.828,0.735,74.65,773.67,0.55,35063,-16.02,-49.81
5210604,531,356,8271,ITAGUARU,GO,Centro-Oeste,0.718,0.648,0.828,0.689,74.65,580.67,0.46,5370,-15.758,-49.634
5210802,3378,646,35072,ITAJÁ,GO,Centro-Oeste,0.691,0.57,0.835,0.692,75.08,592.1,0.44,4956,-19.067,-51.544
5210901,5858,1555,62916,ITAPACI,GO,Centro-Oeste,0.725,0.626,0.844,0.72,75.61,705.2,0.56,18253,-14.951,-49.549
5211008,4390,860,36889,ITAPIRAPUÃ,GO,Centro-Oeste,0.677,0.568,0.816,0.67,73.95,518.21,0.46,7735,-15.823,-50.613
5211206,23538,2087,68975,ITAPURANGA,GO,Centro-Oeste,0.726,0.653,0.837,0.7,75.22,621.79,0.48,25912,-15.562,-49.949
5211404,2326,268,23531,ITAUÇU,GO,Centro-Oeste,0.718,0.638,0.833,0.697,75,611.99,0.46,8516,-16.201,-49.608
5211503,228113,8296,221676,ITUMBIARA,GO,Centro-Oeste,0.752,0.682,0.838,0.744,75.3,821.43,0.49,92117,-18.42,-49.218
5211602,275,320,7298,IVOLÂNDIA,GO,Centro-Oeste,0.704,0.622,0.825,0.68,74.52,551.05,0.45,2623,-16.602,-50.794
5211701,3948,1821,58203,JANDAIA,GO,Centro-Oeste,0.707,0.625,0.821,0.69,74.28,586.84,0.44,6023,-17.049,-50.146
5211800,28183,2741,112142,JARAGUÁ,GO,Centro-Oeste,0.699,0.588,0.841,0.692,75.43,595.02,0.45,41233,-15.757,-49.334
5211909,75447,6511,253573,JATAÍ,GO,Centro-Oeste,0.757,0.656,0.856,0.774,76.35,987.04,0.55,86873,-17.881,-51.714
5212105,2500,333,13152,JOVIÂNIA,GO,Centro-Oeste,0.706,0.595,0.827,0.714,74.59,679.21,0.48,7032,-17.805,-49.614
5212204,8604,1486,77216,JUSSARA,GO,Centro-Oeste,0.743,0.635,0.842,0.768,75.5,951.07,0.66,18749,-15.865,-50.868
5212303,772,414,33222,LEOPOLDO DE BULHÕES,GO,Centro-Oeste,0.659,0.529,0.812,0.665,73.73,502.85,0.44,7737,-16.619,-48.744
5212501,34442,12708,272661,LUZIÂNIA,GO,Centro-Oeste,0.701,0.602,0.831,0.689,74.86,580.88,0.5,173106,-16.253,-47.95
5212808,2384,555,28222,MARA ROSA,GO,Centro-Oeste,0.691,0.579,0.838,0.68,75.29,548.96,0.48,10615,-14.017,-49.178
5213004,7486,990,32284,MAURILÂNDIA,GO,Centro-Oeste,0.677,0.554,0.823,0.682,74.4,557.51,0.42,11382,-17.971,-50.339
5213087,12439,2539,118140,MINAÇU,GO,Centro-Oeste,0.707,0.637,0.803,0.691,73.18,590.7,0.52,30488,-13.533,-48.22
5213103,8139,4682,235469,MINEIROS,GO,Centro-Oeste,0.718,0.584,0.84,0.753,75.41,869.04,0.55,52090,-17.569,-52.551
5213707,1007,440,22349,MONTES CLAROS DE GOIÁS,GO,Centro-Oeste,0.707,0.622,0.806,0.704,73.36,637.58,0.49,7802,-16.008,-51.397
5213756,3222,671,30826,MONTIVIDIU,GO,Centro-Oeste,0.733,0.644,0.827,0.738,74.6,791.6,0.49,10440,-17.444,-51.175
5213806,12005,2961,97438,MORRINHOS,GO,Centro-Oeste,0.734,0.621,0.862,0.739,76.69,792.66,0.49,41208,-17.732,-49.101
5213905,1244,585,11851,MOSSÂMEDES,GO,Centro-Oeste,0.706,0.623,0.811,0.696,73.66,607.34,0.51,4994,-16.127,-50.215
5214002,5370,1377,46242,MOZARLÂNDIA,GO,Centro-Oeste,0.683,0.565,0.825,0.684,74.51,562.97,0.42,13276,-14.745,-50.571
5214408,2936,764,39157,NAZÁRIO,GO,Centro-Oeste,0.71,0.631,0.808,0.702,73.45,631.12,0.49,7843,-16.582,-49.882
5214507,6753,1385,76904,NERÓPOLIS,GO,Centro-Oeste,0.721,0.671,0.82,0.681,74.2,555.47,0.42,24082,-16.406,-49.219
5214606,20534,2612,97265,NIQUELÂNDIA,GO,Centro-Oeste,0.715,0.64,0.806,0.709,73.34,659.49,0.53,40967,-14.474,-48.46
5214838,5191,1474,31956,NOVA CRIXÁS,GO,Centro-Oeste,0.643,0.485,0.813,0.674,73.78,531.22,0.48,11739,-14.099,-50.327
5215231,13296,2133,110654,NOVO GAMA,GO,Centro-Oeste,0.684,0.567,0.851,0.664,76.06,498.44,0.46,94580,-16.059,-48.039
5215306,6254,741,31137,ORIZONA,GO,Centro-Oeste,0.715,0.612,0.827,0.722,74.64,714.39,0.51,14139,-17.031,-48.296
5215603,5792,893,61327,PADRE BERNARDO,GO,Centro-Oeste,0.651,0.515,0.801,0.67,73.04,518.12,0.56,26775,-15.16,-48.284
5215702,2197,2162,101796,PALMEIRAS DE GOIÁS,GO,Centro-Oeste,0.698,0.598,0.815,0.698,73.87,616.59,0.44,23194,-16.805,-49.926
5216007,477,140,7290,PANAMÁ,GO,Centro-Oeste,0.686,0.574,0.818,0.688,74.09,579.89,0.42,2626,-18.177,-49.354
5216304,2592,423,11983,PARANAIGUARA,GO,Centro-Oeste,0.711,0.613,0.836,0.702,75.14,631.89,0.43,8992,-18.916,-50.654
5216403,7298,862,32589,PARAÚNA,GO,Centro-Oeste,0.672,0.547,0.807,0.687,73.4,575.52,0.46,10629,-16.948,-50.449
5216809,1428,685,18546,PETROLINA DE GOIÁS,GO,Centro-Oeste,0.712,0.643,0.834,0.674,75.03,530.37,0.41,10160,-16.095,-49.338
5217104,3926,1135,55469,PIRACANJUBA,GO,Centro-Oeste,0.721,0.599,0.87,0.72,77.21,707.83,0.47,23727,-17.303,-49.018
5217203,5657,721,38155,PIRANHAS,GO,Centro-Oeste,0.721,0.631,0.848,0.699,75.89,621.14,0.49,11064,-16.427,-51.822
5217302,16822,1837,95483,PIRENÓPOLIS,GO,Centro-Oeste,0.693,0.604,0.813,0.678,73.78,544.78,0.49,22702,-15.852,-48.959
5217401,18127,1623,56375,PIRES DO RIO,GO,Centro-Oeste,0.744,0.65,0.88,0.719,77.79,702.46,0.45,28595,-17.301,-48.28
5217609,11601,4074,176095,PLANALTINA,GO,Centro-Oeste,0.669,0.566,0.81,0.653,73.62,466.69,0.43,80940,-15.453,-47.614
5217708,4848,972,44595,PONTALINA,GO,Centro-Oeste,0.687,0.547,0.835,0.71,75.08,663.44,0.54,15794,-17.526,-49.449
5218003,11011,4251,137506,PORANGATU,GO,Centro-Oeste,0.727,0.642,0.845,0.709,75.69,658.39,0.56,41131,-13.441,-49.149
5218300,7619,1369,59574,POSSE,GO,Centro-Oeste,0.659,0.53,0.819,0.659,74.14,481.68,0.54,30790,-14.093,-46.369
5218508,12736,3438,143294,QUIRINÓPOLIS,GO,Centro-Oeste,0.74,0.642,0.863,0.732,76.76,761.68,0.46,42573,-18.448,-50.452
5218607,3022,1071,48310,RIALMA,GO,Centro-Oeste,0.727,0.667,0.827,0.698,74.6,616.74,0.44,10446,-15.315,-49.584
5218805,67493,11260,458592,RIO VERDE,GO,Centro-Oeste,0.754,0.656,0.853,0.765,76.17,936.75,0.54,174969,-17.798,-50.928
5218904,3743,1385,50744,RUBIATABA,GO,Centro-Oeste,0.719,0.666,0.814,0.686,73.82,573,0.43,18729,-15.164,-49.803
5219001,2058,743,30886,SANCLERLÂNDIA,GO,Centro-Oeste,0.736,0.662,0.832,0.725,74.92,727.33,0.53,7494,-16.198,-50.314
5219209,1180,568,22531,SANTA CRUZ DE GOIÁS,GO,Centro-Oeste,0.688,0.563,0.827,0.7,74.64,624.37,0.49,3082,-17.316,-48.482
5219308,68720,3406,120893,SANTA HELENA DE GOIÁS,GO,Centro-Oeste,0.724,0.627,0.823,0.734,74.4,769.09,0.53,36118,-17.814,-50.597
5219704,1921,758,37663,SANTA TEREZINHA DE GOIÁS,GO,Centro-Oeste,0.701,0.644,0.826,0.647,74.56,447.39,0.5,9941,-14.438,-49.706
5219753,7368,2930,112124,SANTO ANTÔNIO DO DESCOBERTO,GO,Centro-Oeste,0.665,0.556,0.818,0.647,74.07,449.39,0.45,62663,-15.94,-48.255
5219803,1279,590,26177,SÃO DOMINGOS,GO,Centro-Oeste,0.597,0.445,0.83,0.576,74.77,288.36,0.6,9602,-13.398,-46.318
5220108,20594,2431,88344,SÃO LUÍS DE MONTES BELOS,GO,Centro-Oeste,0.731,0.67,0.809,0.721,73.55,712.23,0.48,29800,-16.525,-50.372
5220207,22970,2505,83608,SÃO MIGUEL DO ARAGUAIA,GO,Centro-Oeste,0.664,0.536,0.818,0.667,74.1,507.02,0.45,21748,-13.275,-50.163
5220405,6485,899,44005,SÃO SIMÃO,GO,Centro-Oeste,0.72,0.599,0.825,0.756,74.51,883.78,0.55,16826,-18.991,-50.544
5220454,26023,6390,222754,SENADOR CANEDO,GO,Centro-Oeste,0.701,0.617,0.827,0.676,74.59,537.58,0.43,84270,-16.708,-49.093
5220504,1654,790,35404,SERRANÓPOLIS,GO,Centro-Oeste,0.681,0.551,0.804,0.713,73.25,677.06,0.48,7336,-18.306,-51.962
5220603,2872,912,63613,SILVÂNIA,GO,Centro-Oeste,0.709,0.606,0.814,0.721,73.83,708.82,0.51,18891,-16.659,-48.608
5221007,3597,425,15313,TAQUARAL DE GOIÁS,GO,Centro-Oeste,0.716,0.619,0.846,0.7,75.74,622.79,0.43,3517,-16.054,-49.606
5221403,56630,8023,374063,TRINDADE,GO,Centro-Oeste,0.699,0.608,0.822,0.682,74.3,558.61,0.42,103369,-16.649,-49.489
5221502,3130,584,35448,TURVÂNIA,GO,Centro-Oeste,0.697,0.609,0.82,0.679,74.17,545.83,0.47,4778,-16.614,-50.134
5221601,7429,2997,100506,URUAÇU,GO,Centro-Oeste,0.737,0.628,0.86,0.74,76.61,797.52,0.57,36497,-14.525,-49.141
5221700,4187,864,25426,URUANA,GO,Centro-Oeste,0.703,0.634,0.824,0.665,74.42,500.27,0.46,13708,-15.498,-49.688
5221809,4282,231,4012,URUTAÍ,GO,Centro-Oeste,0.732,0.666,0.841,0.7,75.46,624.55,0.49,3042,-17.464,-48.203
5221858,34073,6262,357328,VALPARAÍSO DE GOIÁS,GO,Centro-Oeste,0.746,0.695,0.815,0.733,73.91,764.73,0.5,132705,-16.066,-47.979
5221908,716,271,6091,VARJÃO,GO,Centro-Oeste,0.687,0.572,0.813,0.698,73.76,614.8,0.46,3391,-17.045,-49.631
5222005,4382,694,24784,VIANÓPOLIS,GO,Centro-Oeste,0.712,0.622,0.818,0.71,74.1,664.33,0.46,12445,-16.742,-48.516
5300108,270720,291430,6711155,BRASÍLIA,DF,Centro-Oeste,0.824,0.742,0.873,0.863,77.35,1715.11,0.63,2541714,-15.78,-47.93
